response_ref,student_id,course_code,faculty_id,semester,rating,submitted_on,comment
R000781,12420635,ECE330,F05,2025-Autumn,3,2025-09-09,Projects took up far too much time.
R000724,12477924,ECE210,F04,2025-Autumn,2,2025-09-22,always available for doubt clearing after class. evaluation criteria were never clear.
R000137,12492493,CSE310,F01,2024-Autumn,3,2024-09-14,Classes were boring and monotonous.
R001034,12492493,ECE210,F04,2026-Spring,4,2026-03-27,Good balance between depth and speed. Quick replies to our queries and helpful guidance.
R000191,12428746,ECE330,F05,2024-Autumn,3,2024-10-03,The sessions were engaging with lots of discussion. Thanks to Dr. Malhotra
R000621,12492493,CSE201,F01,2025-Autumn,1,2025-09-21,Real wolrd examples kept the class lively. Lectures moved at a comfortable speed and we never felt rushed.
R000325,12498771,CSE305,F02,2025-Spring,3,2025-04-28,"Classes were boring and monotonous. Topics were covered in a well paced manner, but study material was outdated."
R000670,12418726,CSE340,F03,2025-Autumn,3,2025-10-24,It was hard to stay interested during sessions. Many concepts were not explained properly. Thanks to Dr. Iyer.
R000974,12452772,CSE310,F02,2026-Spring,3,2026-04-03,The sessions were engaging with lots of discussion. Support was available sometimes. A reasonable number of assignments and projects. Thanks to Prof. Kulkarni
R001100,12407455,MTH202,F06,2026-Spring,2,2026-03-03,"The pace of the course was just right, but slides were not shared on time. I could not understand most of the derivations. Thanks to Prof. Bedi."
R000908,12455333,CSE305,F02,2026-Spring,3,2026-02-16,There was no discussion or activity in class. Quizzes helped us track our progress. Concepts were explained very clearly.
R000234,12475880,MTH202,F06,2024-Autumn,4,2024-11-11,Exams were fair and matched what was taught.
R000339,12486374,CSE305,F02,2025-Spring,3,2025-02-20,Every doubt got cleared through simple examples
R000151,12410500,ECE210,F04,2024-Autumn,3,2024-11-15,Classes were interactive and interesting. Every doubt got cleared through simple examples.
R000506,12471066,ECE330,F05,2025-Spring,4,2025-04-16,Quick replies to our queries and helpful guidance. A reasonable number of assignments and projects.
R000531,12484259,MTH202,F06,2025-Spring,3,2025-02-03,The pace of the course was just right
R000820,12446566,MTH202,F06,2025-Autumn,4,2025-10-18,Quizzes helped us track our progress. Thanks to Prof. Bedi.
R000039,12464042,CSE305,F02,2024-Autumn,2,2024-11-12,Quick replies to our queries and helpful guidance.
R000840,12428534,MTH301,F06,2025-Autumn,4,2025-09-22,Examples made difficult topics easy to understand. Thanks to Prof. Bedi
R000488,12496434,ECE330,F05,2025-Spring,4,2025-04-21,The sessions were engaging with lots of discussion. Recorded lectures and study material helped a lot.
R000986,12404722,CSE310,F02,2026-Spring,3,2026-04-20,"Engagement was average. The pace was okay, neither fast nor slow My number is 97019 05977."
R001017,12443719,ECE210,F04,2026-Spring,4,2026-03-15,Recorded lectures and study material helped a lot. Thanks to Mr. Sandhu
R000087,12442487,CSE340,F03,2024-Autumn,3,2024-10-24,Workload was balanced across the semester.
R000802,12412224,MTH202,F06,2025-Autumn,3,2025-09-11,"Every doubt got cleared through simple examples. The pace was okay, neither fast nor slow"
R000715,12462296,ECE210,F04,2025-Autumn,4,2025-09-13,The syllabus was covered way too fast. The explanations were clear and well structured.
R000202,12473792,ECE330,F05,2024-Autumn,5,2024-11-18,Lectures moved at a comfortable speed and we never felt rushed. The teaching lacked clarity and examples. Overall a great course. Thanks to Dr. Malhotra.
R000011,12404722,CSE201,F01,2024-Autumn,3,2024-09-08,Classes were interactive and interesting. Explanations were confusing and hard to follow.
R000163,12446438,ECE210,F04,2024-Autumn,2,2024-09-11,resources were adequate.
R000639,12434335,CSE305,F02,2025-Autumn,3,2025-09-03,The teaching lacked clarity and examples.
R001086,12431850,MTH202,F06,2026-Spring,5,2026-02-01,Lectures felt rushed and it was hard to keep up
R000961,12439321,CSE340,F03,2026-Spring,1,2026-02-19,There was no discussion or activity in class
R000069,12428534,CSE305,F02,2024-Autumn,1,2024-11-14,Office hours existed but were rarely used.
R000587,12481183,MTH301,F06,2025-Spring,3,2025-02-19,Projects took up far too much time.
R000795,12488039,ECE330,F05,2025-Autumn,3,2025-10-06,Evaluation criteria were never clear. Office hours existed but were rarely used.
R000496,12480173,ECE330,F05,2025-Spring,5,2025-02-21,Lectures moved at a comfortable speed and we never felt rushed.
R001097,12485717,MTH202,F06,2026-Spring,3,2026-04-27,Workload was average. Thanks to Prof. Bedi
R000227,12453269,MTH202,F06,2024-Autumn,3,2024-09-03,Results were delayed and there was no feedback on answers.
R000807,12415860,MTH202,F06,2025-Autumn,3,2025-10-14,Too many assignments with very tight deadlines
R000473,12455518,ECE330,F05,2025-Spring,3,2025-03-28,"Workload was balanced across the semester. Very supportive and encouraging towards students. No proper reference books were suggested, but would recommend this course to others."
R000201,12435697,ECE330,F05,2024-Autumn,4,2024-09-06,I could not understand most of the derivations. It was hard to stay interested during sessions.
R000842,12477924,MTH301,F06,2025-Autumn,4,2025-11-19,Every doubt got cleared through simple examples. Overall a great course.
R000166,12425112,ECE210,F04,2024-Autumn,4,2024-10-19,Grading was transparent and feedback was timely.
R000273,12434760,CSE201,F01,2025-Spring,3,2025-02-23,Always available for doubt clearing after class.
R000658,12473519,CSE340,F03,2025-Autumn,2,2025-09-15,"Notes and slides shared were very useful, but classes were boring and monotonous. Too many assignments with very tight deadlines."
R001094,12460637,MTH202,F06,2026-Spring,4,2026-04-18,Workload was balanced across the semester. Topics were covered in a well paced manner. Clarity of explanation was average My friend Aarav also felt the same.
R000692,12446357,CSE310,F02,2025-Autumn,2,2025-11-16,"Recorded lectures and study material helped a lot, but lectures felt rushed and it was hard to keep up. There was no discussion or activity in class."
R001106,12404207,MTH202,F06,2026-Spring,3,2026-03-03,Notes and slides shared were very useful. Workload was balanced across the semester. Clarity of explanation was average
R000367,12429871,CSE305,F02,2025-Spring,3,2025-04-14,"Lectures felt rushed and it was hard to keep up, but exams were fair and matched what was taught"
R001059,12404117,ECE330,F05,2026-Spring,4,2026-03-04,Every doubt got cleared through simple examples. Quick replies to our queries and helpful guidance. Thanks to Dr. Malhotra.
R001056,12496434,ECE330,F05,2026-Spring,4,2026-02-07,The explanations were clear and well structured. There was no support for students who were struggling
R000226,12452296,MTH202,F06,2024-Autumn,2,2024-10-01,The pace of the course was just right. I could not understand most of the derivations.
R000454,12457422,ECE210,F04,2025-Spring,2,2025-02-14,Many concepts were not explained properly. This course needs a lot of improvement.
R000538,12428080,MTH202,F06,2025-Spring,3,2025-04-25,Examples made difficult topics easy to understand. Really enjoyed this subject.
R001080,12470686,MTH202,F06,2026-Spring,4,2026-04-13,noets and slides shared were very useful.
R000601,12402757,CSE201,F01,2025-Autumn,3,2025-10-09,There was no discussion or activity in class. Always available for doubt clearing after class. Overall a great course
R000176,12499871,ECE330,F05,2024-Autumn,1,2024-11-12,"Grading was transparent and feedback was timely. Recorded lectures and study material helped a lot, but this course needs a lot of improvement."
R000261,12414371,MTH301,F06,2024-Autumn,3,2024-09-25,The assignment load was manageable. Good reference material and lab resources were provided
R001078,12488259,MTH202,F06,2026-Spring,2,2026-03-12,The sessions were engaging with lots of discussion. Would recommend this cuorse to others.
R000610,12407685,CSE201,F01,2025-Autumn,1,2025-11-16,concepts were explained very clearly.
R000053,12432591,CSE305,F02,2024-Autumn,2,2024-11-27,Recorded lectures and study material helped a lot. The syllabus was covered way too fast. It was hard to stay interested during sessions
R000875,12476569,CSE201,F01,2026-Spring,5,2026-02-19,Support was available sometimes. Deadlines were piled up one after another. Lectures felt rushed and it was hard to keep up
R000342,12482719,CSE305,F02,2025-Spring,3,2025-02-25,The faculty was very approachable and answered all our doubts. Quizzes helped us track our progress. Overall a great course.
R000938,12478104,CSE340,F03,2026-Spring,3,2026-02-27,The pace of the course was just right. Classes were interactive and interesting.
R001008,12496434,ECE210,F04,2026-Spring,4,2026-03-24,"Good balance between depth and speed, but no proper reference books were suggested."
R000014,12420676,CSE201,F01,2024-Autumn,2,2024-10-21,Lab systems were poor and resoruces insufficient
R000972,12420032,CSE310,F02,2026-Spring,3,2026-04-20,"A reasonable number of assignments and projects. Topics were covered in a well paced manner, but study material was outdated."
R001033,12475914,ECE210,F04,2026-Spring,1,2026-03-01,The teaching lacked clarity and examples.
R000728,12472512,ECE210,F04,2025-Autumn,3,2025-10-19,Good reference material and lab resources were provided. Exams were fair and matched what was taught. Would recommend this course to others.
R001025,12472845,ECE210,F04,2026-Spring,4,2026-04-02,Some sessions were interesting. Exams were fair and matched what was taught.
R000676,12456333,CSE340,F03,2025-Autumn,3,2025-09-05,Examples made difficult topics easy to understand.
R000716,12401025,ECE210,F04,2025-Autumn,3,2025-09-15,Lectures were just slide reading with no interaction. Study material was outdated. The assignment load was manageable. Would recommend this course to others.
R000136,12483130,CSE310,F01,2024-Autumn,2,2024-09-21,Classes were interactive and interesting.
R000855,12450432,MTH301,F06,2025-Autumn,4,2025-11-03,Good reference material and lab resources were provided. Exam questions were out of syllabus.
R000307,12426071,CSE201,F01,2025-Spring,3,2025-03-06,Many concepts were not explained properly. Exams were of moderate difficulty. Good reference material and lab resources were provided. Thanks to Dr. Sharma.
R000717,12434664,ECE210,F04,2025-Autumn,3,2025-10-17,Lectures felt rushed and it was hard to keep up. Lab systems were poor and resources insufficient. Overall a great course.
R000764,12431850,ECE330,F05,2025-Autumn,3,2025-09-18,The syllabus was covered way too fast.
R000629,12431195,CSE305,F02,2025-Autumn,2,2025-09-22,Workload was average I am Vivaan Arora from section K22AB.
R000232,12498994,MTH202,F06,2024-Autumn,3,2024-11-02,Classes were interactive and interesting. The teaching lacked clarity and examples.
R000630,12432742,CSE305,F02,2025-Autumn,2,2025-10-01,Classes were boring and monotonous.
R000165,12487538,ECE210,F04,2024-Autumn,3,2024-10-22,We skipped through important topics in a hurry. Thanks to Mr. Sandhu
R000493,12401267,ECE330,F05,2025-Spring,4,2025-02-06,Topics were covered in a well paced manner. Clarity of explanation was average.
R000497,12405482,ECE330,F05,2025-Spring,3,2025-04-28,Lab systems were poor and resources insufficient. The explanations were clear and well structured. We skipped through important topics in a hurry
R000647,12494466,CSE305,F02,2025-Autumn,3,2025-09-13,There was no support for students who were struggling. Results were delayed and there was no feedback on answers
R000270,12407944,CSE201,F01,2025-Spring,2,2025-02-20,Clarity of explanation was average.
R000731,12483136,ECE210,F04,2025-Autumn,3,2025-10-02,"Clarity of explanation was average Regards, Naman Verma 12439676"
R001001,12495448,ECE210,F04,2026-Spring,3,2026-03-06,Classes were bornig and monotonous. The workload was overwhelming alongside other courses
R000425,12428080,CSE310,F01,2025-Spring,3,2025-02-05,Always available for doubt clearing after class. Classes were interactive and interesting
R000575,12436434,MTH301,F06,2025-Spring,4,2025-03-02,The pace was too slow and classes dragged on. My number is 90931 10041.
R000049,12413104,CSE305,F02,2024-Autumn,2,2024-11-04,Explanations were confusing and hard to follow. Support was available sometimes.
R001121,12403691,CSE340,F03,2026-Spring,3,2026-04-20,ok
R001075,12483507,ECE330,F05,2026-Spring,2,2026-03-11,Evaluation criteria were never clear. Always available for doubt clearing after class
R000487,12481183,ECE330,F05,2025-Spring,5,2025-02-09,Real world examples kept the class lively.
R000560,12436930,MTH301,F06,2025-Spring,5,2025-03-06,"Quizzes helped us track our progress, but the syllabus was covered way too fast."
R000250,12479818,MTH301,F06,2024-Autumn,3,2024-11-03,Clarity of explanation was average. Good balance between depth and speed.
R000382,12461953,CSE340,F03,2025-Spring,4,2025-04-12,Concepts were explained very clearly. The pace of the course was just right. Notes and slides shared were very useful. Would not recommend it.
R001010,12432493,ECE210,F04,2026-Spring,3,2026-04-10,the explanations were clear and well structured. thanks to mr. sandhu.
R000365,12484607,CSE305,F02,2025-Spring,3,2025-03-27,engagement was average.
R000474,12410745,ECE330,F05,2025-Spring,4,2025-02-18,"Notes and slides shared were very useful, but deadlines were piled up one after another. The explanations were clear and well structured."
R000796,12448944,ECE330,F05,2025-Autumn,3,2025-11-05,A reasonable number of assignments and projects. Engagement was average. Overall it was an average course. My friend Tanvi also felt the same.
R000903,12441347,CSE201,F01,2026-Spring,2,2026-02-23,Concepts were explained very clearly
R001123,12497571,XXX999,F01,2025-Spring,3,2025-03-04,No such course exists here.
R000699,12472845,CSE310,F02,2025-Autumn,4,2025-09-16,I could not understand most of the derivations. The sessions were engaging with lots of discussion. Overall it was an average course.
R000461,12489192,ECE210,F04,2025-Spring,2,2025-04-17,Exam questions were out of syllabus. Every doubt got cleared through simple examples.
R000442,12444313,ECE210,F04,2025-Spring,1,2025-03-01,Classes were boring and monotonous. The faculty was not approachable when we had doubts.
R000289,12470686,CSE201,F01,2025-Spring,4,2025-02-27,No proper reference books were suggested. Results were delayed and there was no feedback on answers.
R000235,12485649,MTH301,F06,2024-Autumn,3,2024-11-15,The explanations were clear and well structured. Quick replies to our queries and helpful guidance. This course needs a lot of improvement.
R001069,12444313,ECE330,F05,2026-Spring,3,2026-03-27,"Explanations were confusing and hard to follow, but the faculty was very approachable and answered all our doubts."
R000070,12400282,CSE305,F02,2024-Autumn,2,2024-11-15,Projects took up far too much time. Thanks to Prof. Kulkarni.
R000753,12477110,ECE330,F05,2025-Autumn,4,2025-11-20,The pace was too slow and classes dragged on.
R000200,12436930,ECE330,F05,2024-Autumn,4,2024-09-01,"Deadlines were piled up one after another, but the explanations were clear and well structured. Thanks to Dr. Malhotra."
R000111,12494466,CSE310,F01,2024-Autumn,3,2024-10-03,"The teaching lacked clarity and examples, but notes and slides shared were very useful. Results were delayed and there was no feedback on answers."
R000501,12468522,ECE330,F05,2025-Spring,3,2025-04-04,Real world examples kept the class lively. Really enjoyed this subject.
R000383,12487684,CSE340,F03,2025-Spring,4,2025-04-07,study material was outdated. exams were fair and matched what was taught
R000494,12408834,ECE330,F05,2025-Spring,3,2025-04-13,Quizzes helped us track our progress. Lectures moved at a comfortable speed and we never felt rushed.
R000254,12411226,MTH301,F06,2024-Autumn,2,2024-10-25,Emails were never answered. Lectures moved at a comfortable speed and we never felt rushed.
R000322,12494811,CSE201,F01,2025-Spring,4,2025-02-28,"grading was transparent and feedback was timely, but this course needs a lot of improvement."
R000901,12418131,CSE201,F01,2026-Spring,4,2026-02-05,Always available for doubt clearing after class. Quizzes helped us track our progress.
R001114,12478104,ECE210,F04,2024-Autumn,2,2024-10-18,"Submitted again by mistake, please ignore."
R000537,12405482,MTH202,F06,2025-Spring,3,2025-02-18,Lecutres moved at a comfortable speed and we never felt rushed. Classes were interactive and interesting
R001039,12489733,ECE210,F04,2026-Spring,4,2026-02-19,A reasonable number of assignments and projects.
R000746,12422431,ECE210,F04,2025-Autumn,3,2025-10-09,Workload was average. Classes were boring and monotonous. Grading felt unfair and marks were not explained
R000686,12414322,CSE310,F02,2025-Autumn,2,2025-09-26,Lectures moved at a comfortable speed and we never felt rushed. Real world examples kept the class lively. The assignment load was manageable.
R000882,12432493,CSE201,F01,2026-Spring,2,2026-02-15,Too many assignments with very tight deadlines.
R000998,12404117,ECE210,F04,2026-Spring,4,2026-03-16,Concepts were explained very clearly. Lectures moved at a comfortable speed and we never felt rushed.
R000447,12483507,ECE210,F04,2025-Spring,3,2025-04-08,Clarity of explanation was average. The pace was too slow and classes dragged on. Overall a graet course.
R000791,12420032,ECE330,F05,2025-Autumn,4,2025-10-15,Many concepts were not explained properly. There was no discussion or activity in class
R000490,12494811,ECE330,F05,2025-Spring,4,2025-03-09,Topics were covered in a well paecd manner.
R000126,12485649,CSE310,F01,2024-Autumn,2,2024-10-20,The assignment load was manageable. Quick replies to our queries and helpful guidance.
R000312,12472692,CSE201,F01,2025-Spring,2,2025-03-01,"Lectures felt rushed and it was hard to keep up, but exams were fair and matched what was taught"
R000659,12479840,CSE340,F03,2025-Autumn,4,2025-11-10,Many concepts were not explained properly. Real world examples kept the class lively. Thanks to Dr. Iyer.
R000426,12447576,CSE310,F01,2025-Spring,3,2025-02-28,I could not understand most of the derivations. Workload was average. Exams were of moderate difficulty
R000428,12473579,CSE310,F01,2025-Spring,3,2025-03-19,Support was available sometimes.
R000613,12456985,CSE201,F01,2025-Autumn,3,2025-09-12,good reference material and lab resources were provided. many concepts were not explained properly. exams were fair and matched what was taught.
R000696,12459638,CSE310,F02,2025-Autumn,2,2025-10-25,Some topics were clear and some were not. Classes were boring and monotonous. There was no support for students who were struggling.
R000860,12444942,CSE201,F01,2026-Spring,4,2026-02-03,There was no discussion or activity in class. A reasonable number of assignments and projects
R000525,12492214,MTH202,F06,2025-Spring,1,2025-04-10,Exams were of moderate difficulty. Materials were okay. Would recommend this course to others.
R000001,12499943,CSE201,F01,2024-Autumn,3,2024-11-04,The pace was too slow and classes dragged on.
R000634,12495673,CSE305,F02,2025-Autumn,2,2025-09-06,The faculty was not approachable when we had doubts. Thanks to Prof. Kulkarni.
R000331,12407685,CSE305,F02,2025-Spring,2,2025-03-25,Notes and slides shared were very useful. Deadlines were piled up one after another
R000434,12452350,ECE210,F04,2025-Spring,3,2025-03-10,lab systems were poor and resources insufficient. really enjoyed this subject.
R000790,12497154,ECE330,F05,2025-Autumn,3,2025-10-09,The assignment load was manageable.
R000616,12459429,CSE201,F01,2025-Autumn,3,2025-10-14,Some ssesions were interesting
R000511,12469163,ECE330,F05,2025-Spring,4,2025-04-18,Examples made difficult topics easy to understand. The assignment load was manageable. Thanks to Dr. Malhotra.
R000733,12475914,ECE210,F04,2025-Autumn,3,2025-09-02,"Classes were interactive and interesting. Lectures moved at a comfortable speed and we never felt rushed. Explanations were confusing and hard to follow, but would recommend this course to others."
R001079,12481183,MTH202,F06,2026-Spring,3,2026-02-18,Lectures were just slide reading with no interaction. The syllabus was covered way too fast.
R000170,12411915,ECE210,F04,2024-Autumn,3,2024-10-02,The assignment load was manageable. Study material was outdated.
R000895,12499871,CSE201,F01,2026-Spring,4,2026-03-06,Grading was transparent and feedback was timely. Good reference material and lab resources were provided. Overall it was an average course
R001028,12432087,ECE210,F04,2026-Spring,4,2026-03-11,the pace of the course was just right.
R000315,12418131,CSE201,F01,2025-Spring,4,2025-02-25,Classes were boring and monotonous. Lectures moved at a comfortable speed and we never felt rushed. Would recommend this course to others.
R000727,12498038,ECE210,F04,2025-Autumn,2,2025-11-09,Emails were never answered. Notes and slides shared were very useful. The assignment load was manageable
R000628,12401220,CSE305,F02,2025-Autumn,2,2025-10-19,Exams were fair and matched what was taught. Workload was average.
R000193,12474085,ECE330,F05,2024-Autumn,3,2024-11-04,Good balance between depth and speed. The teaching lacked clarity and examples
R000718,12449735,ECE210,F04,2025-Autumn,3,2025-09-14,"Every doubt got cleared through simple examples, but overall I am not satisfied with this course"
R000349,12498994,CSE305,F02,2025-Spring,3,2025-04-02,"Deadlines were piled up one after another, but every doubt got cleared through simple examples."
R000195,12439117,ECE330,F05,2024-Autumn,4,2024-09-04,Real world examples kept the class lively. Workload was balanced across the semester. The faculty was very approachable and answered all our doubts.
R000505,12413238,ECE330,F05,2025-Spring,4,2025-02-06,Quizzes helped us track our progress. Lectures moved at a comfortable speed and we never felt rushed. Recorded lectures and study material helped a lot.
R000059,12441245,CSE305,F02,2024-Autumn,2,2024-11-22,No proper reference books were suggested. Concepts were explained very clearly.
R001009,12467391,ECE210,F04,2026-Spring,1,2026-02-14,Resources were adequate. The evaluation pattern was standard.
R000388,12420635,CSE340,F03,2025-Spring,4,2025-02-07,Classes were boring and monotonous. Grading felt unfair and marks were not explained.
R000020,12414029,CSE201,F01,2024-Autumn,3,2024-09-04,I could not understand most of the derivations. Notes and slides shared were very useful. Thanks to Dr. Sharma
R000705,12463092,CSE310,F02,2025-Autumn,4,2025-09-27,quizzes helped us track our progress. very supportive and encouraging towards students
R000930,12473579,CSE340,F03,2026-Spring,2,2026-03-17,Some sessions were interesting. Too many assignments with very tight deadlines. The evaluation pattern was standard
R000952,12494098,CSE340,F03,2026-Spring,4,2026-03-18,I could not understand most of the derivations.
R001108,12414621,MTH202,F06,2026-Spring,4,2026-04-25,The assignment load was manageable
R000568,12494646,MTH301,F06,2025-Spring,3,2025-02-22,The assignment load was manageable. Classes were boring and monotonous.
R000788,12483227,ECE330,F05,2025-Autumn,4,2025-10-07,Workload was balanced across the semester.
R000578,12412833,MTH301,F06,2025-Spring,4,2025-02-01,"Examples made difficult topics easy to understand Regards, Kavya Mehra 12485184"
R000288,12446438,CSE201,F01,2025-Spring,2,2025-03-06,The explanations were clear and well structured. Thanks to Dr. Sahrma
R000880,12472692,CSE201,F01,2026-Spring,3,2026-03-06,Notes and slides shared were very useful. Exams were fair and matched what was taught. Quick replies to our queries and helpful guidance.
R001105,12409071,MTH202,F06,2026-Spring,5,2026-04-05,Good balance between depth and speed. Every doubt got cleared through simple examples.
R000139,12455461,ECE210,F04,2024-Autumn,3,2024-10-18,Many concepts were not explained properly. The facluty was not approachable when we had doubts
R000074,12409287,CSE340,F03,2024-Autumn,4,2024-09-14,"A reasonable number of assignments and projects. Evaluation criteria were never clear. The syllabus was covered way too fast, but overall a great course."
R000036,12453354,CSE201,F01,2024-Autumn,4,2024-09-20,Good reference material and lab resources were provided. This course needs a lot of improvement.
R000763,12419410,ECE330,F05,2025-Autumn,3,2025-11-25,"Projects took up far too much time, but every doubt got cleared through simple examples."
R000870,12434718,CSE201,F01,2026-Spring,3,2026-04-13,Explanations were confusing and hard to follow. Speed of teaching was average. Always available for doubt clearing after class.
R000944,12412833,CSE340,F03,2026-Spring,2,2026-03-08,The faculty was not approachable when we had doubts. Grading was transparent and feedback was timely. Thanks to Dr. Iyer.
R000211,12456985,MTH202,F06,2024-Autumn,3,2024-11-07,The teaching lacked clarity and examples. Emails were never answered.
R001040,12406572,ECE210,F04,2026-Spring,2,2026-04-28,Emails were never answered.
R000740,12495448,ECE210,F04,2025-Autumn,4,2025-10-14,Examples made difficult topics easy to understand. Lectures moved at a comfortable speed and we never felt rushed. Would recommend this course to others.
R000749,12460637,ECE210,F04,2025-Autumn,3,2025-09-25,Classes were boring and monotonous. Exams were of moderate difficulty.
R000369,12418131,CSE340,F03,2025-Spring,4,2025-02-16,Grading was transparent and feedback was timely. Speed of teaching was average.
R000836,12459429,MTH301,F06,2025-Autumn,3,2025-09-24,The pace of the course was just right. Good reference material and lab resources were provided
R000846,12473792,MTH301,F06,2025-Autumn,4,2025-11-01,"Eevry doubt got cleared through simple examples. Real world examples kept the class lively, but exam questions were out of syllabus."
R000785,12434664,ECE330,F05,2025-Autumn,4,2025-11-01,Projects took up far too much time.
R000603,12434438,CSE201,F01,2025-Autumn,3,2025-09-01,"The syllabus was covered way too fast. Grading felt unfair and marks were not explained, but notes and slides shared were very useful."
R000303,12431285,CSE201,F01,2025-Spring,3,2025-02-17,Classes were interactive and interesting. Good balance between depth and speed.
R000373,12410745,CSE340,F03,2025-Spring,2,2025-04-25,"Notes and slides shared were very useful, but the workload was overwhelming alongside other courses. Would recommend this course to others."
R000321,12431195,CSE201,F01,2025-Spring,3,2025-03-05,Exams were fair and matched what was taught. Thanks to Dr. Sharma.
R001064,12407455,ECE330,F05,2026-Spring,4,2026-03-17,The sessions were engaging with lots of discussion.
R000387,12448520,CSE340,F03,2025-Spring,3,2025-04-21,Clarity of explanation was average.
R000412,12485180,CSE310,F01,2025-Spring,2,2025-04-19,The workload was overwhelming alongside other courses. Overall it was an average course.
R000964,12407492,CSE340,F03,2026-Spring,3,2026-02-26,There was no support for students who were struggling. This course needs a lot of improvement.
R000830,12493872,MTH202,F06,2025-Autumn,2,2025-10-04,exams were fair and matched what was taught
R000300,12427460,CSE201,F01,2025-Spring,4,2025-02-22,there was no support for students who were struggling. recorded lectures and study material helped a lot.
R000933,12489399,CSE340,F03,2026-Spring,3,2026-03-02,Emails were never answered. Study material was outdated
R000077,12472309,CSE340,F03,2024-Autumn,3,2024-09-26,quizzes helped us track our progress.
R000105,12409016,CSE310,F01,2024-Autumn,4,2024-11-22,Always available for doubt clearing after class. A reasonable number of assignments and projects.
R000962,12440306,CSE340,F03,2026-Spring,4,2026-02-02,I could not understand most of the derivations. Lectures moved at a comfrotable speed and we never felt rushed.
R001006,12444473,ECE210,F04,2026-Spring,3,2026-04-11,Study material was outdated. We skipped through important topics in a hurry. Would recommend this course to others.
R000572,12407685,MTH301,F06,2025-Spring,2,2025-04-20,The faculty was very approachable and answered all our doubts. Really enjoyed this subject.
R000995,12415014,CSE310,F02,2026-Spring,3,2026-04-01,Many concepts were not explained properly. Grading was transparent and feedback was timely. Classes were boring and monotonous
R001102,12408907,MTH202,F06,2026-Spring,3,2026-04-04,Lectures felt rushed and it was hard to keep up. I could not understand most of the derivations. You can contact me at aarav.khanna65@gmail.com.
R000037,12484012,CSE305,F02,2024-Autumn,2,2024-11-14,Results were delayed and there was no feedback on answers. The assignment load was manageable.
R000920,12467839,CSE305,F02,2026-Spring,3,2026-03-14,Examples made difficult topics easy to understand. Exams were fair and matched what was taught.
R000179,12483748,ECE330,F05,2024-Autumn,4,2024-09-20,"Lectures were just slide reading with no interaction. No proper reference books were suggested, but lectures moved at a comfortable speed and we never felt rushed. Thanks to Dr. Malhotra"
R000794,12400282,ECE330,F05,2025-Autumn,4,2025-10-17,Topics were covered in a well paced manner. The teaching lacked clarity and examples. I am Tanvi Chopra from section K22AB.
R001021,12461348,ECE210,F04,2026-Spring,3,2026-04-26,"the assignment load was manageable. many concepts were not explained properly, but the sessions were engaging with lots of discussion Regards, Ishita Thakur 12479578"
R000609,12430828,CSE201,F01,2025-Autumn,3,2025-10-23,The pace was too slow and classes dragged on. Evaluation criteria were never clear. Projects took up far too much time.
R000508,12440857,ECE330,F05,2025-Spring,4,2025-04-04,engagement was average. the assignment load was manageable. really enjoyed this subject.
R000177,12481959,ECE330,F05,2024-Autumn,4,2024-11-10,Classes were interactive and interesting. Many concepts were not explained properly
R000159,12499871,ECE210,F04,2024-Autumn,3,2024-11-08,Quizzes helped us track our progress. Lectures were just slide reading with no interaction. Thanks to Mr. Sandhu.
R000112,12471066,CSE310,F01,2024-Autumn,1,2024-09-17,Deadlines were piled up one after another.
R000729,12481416,ECE210,F04,2025-Autumn,4,2025-11-07,"There was no support for students who were struggling. The pace was okay, neither fast nor slow. Thanks to Mr. Sandhu"
R000861,12420289,CSE201,F01,2026-Spring,2,2026-04-02,"The pace was too slow and classes dragged on, but really enjoyed this subject. Thanks to Dr. Sharma"
R000216,12492778,MTH202,F06,2024-Autumn,5,2024-11-01,Support was available sometimes. Workload was balanced across the semester.
R001013,12466244,ECE210,F04,2026-Spring,3,2026-04-22,Explanations were confusing and hard to follow.
R000789,12413947,ECE330,F05,2025-Autumn,4,2025-11-26,Very supportive and encouraging towards students.
R000462,12415860,ECE210,F04,2025-Spring,4,2025-04-08,A reasonable number of assignments and projects.
R000726,12408907,ECE210,F04,2025-Autumn,4,2025-09-10,"The pace was okay, neither fast nor slow. Study material was outdated, but concepts were explained very clearly"
R000006,12455519,CSE201,F01,2024-Autumn,4,2024-11-17,Resources were adequate. Real world examples kept the class lively. Thanks to Dr. Sharma
R000489,12484012,ECE330,F05,2025-Spring,4,2025-03-21,Topics were covered in a well paced manner. My number is 93633 44063.
R000819,12483886,MTH202,F06,2025-Autumn,3,2025-10-07,the workload was overwhelming alongside other courses.
R000456,12448520,ECE210,F04,2025-Spring,2,2025-02-16,Notes and slides shared were very useful. The faculty was not approachable when we had doubts. Would not recommend it.
R000981,12485477,CSE310,F02,2026-Spring,4,2026-03-24,Grading was transparent and feedback was timely. Always available for doubt clearing after class. Thanks to Prof. Kulkarni
R000909,12452923,CSE305,F02,2026-Spring,4,2026-02-02,Some sessions were interesting. The pace of the course was just right
R000217,12452350,MTH202,F06,2024-Autumn,3,2024-09-19,Examples made difficult topics easy to understand. Lectures moved at a comfortable speed and we never felt rushed
R000556,12427869,MTH301,F06,2025-Spring,5,2025-04-22,A reasonable number of assignments and projects.
R000346,12441245,CSE305,F02,2025-Spring,4,2025-03-22,The pace was too slow and classes dragged on. Thanks to Prof. Kulkarni.
R000879,12400074,CSE201,F01,2026-Spring,3,2026-04-04,Exams were fair and matched what was taught. Every doubt got cleared through simple examples. Thanks to Dr. Sharma. I am Harsh Bansal from section K22AB.
R000196,12402552,ECE330,F05,2024-Autumn,3,2024-09-05,Workload was balanced across the semester. Real world examples kept the class lively.
R000725,12400464,ECE210,F04,2025-Autumn,4,2025-10-08,A reasonable number of assignments and projects. Examples made difficult topics easy to understand.
R000742,12420289,ECE210,F04,2025-Autumn,4,2025-09-12,Evaluation criteria were never clear.
R000722,12494098,ECE210,F04,2025-Autumn,3,2025-10-12,There was no support for students who were struggling.
R000847,12439117,MTH301,F06,2025-Autumn,3,2025-11-21,"Exam questions were out of syllabus. Lectures moved at a comfortable speed and we never felt rushed. Concepts were explained very clearly Regards, Ishita Khanna 12441005"
R000399,12424957,CSE340,F03,2025-Spring,1,2025-04-28,Deadlines were piled up one after another. Emails were never answered. Grading was transparent and feedback was timely.
R000150,12428534,ECE210,F04,2024-Autumn,3,2024-09-04,Examples made difficult topics easy to understand. The evaluation pattern was standard. It was hard to stay interested during sessions
R000894,12485717,CSE201,F01,2026-Spring,3,2026-02-27,Workload was balanced across the semester. The explanations were clear and well structured. Overall a great course.
R000651,12440857,CSE305,F02,2025-Autumn,4,2025-10-28,We skipped through important topics in a hurry.
R000502,12481959,ECE330,F05,2025-Spring,4,2025-04-10,The pace of the course was just rihgt
R001088,12448520,MTH202,F06,2026-Spring,5,2026-02-17,Workload was balanced across the semester. Quizzes helped us track our progress.
R000567,12406658,MTH301,F06,2025-Spring,3,2025-04-06,Always available for doubt clearing after class. Quizzes helped us track our progress.
R001091,12465909,MTH202,F06,2026-Spring,5,2026-04-06,The assignment load was manageable. Concepts were explained very clearly.
R000350,12450432,CSE305,F02,2025-Spring,3,2025-02-14,"Projects took up far too much time. The pace of the course was just right, but I could not understand most of the derivations."
R000409,12489399,CSE310,F01,2025-Spring,3,2025-03-18,results were delayed and there was no feedback on answers. good reference material and lab resources were provided. clarity of explanation was average. this course needs a lot of improvement
R001119,12418900,CSE201,F01,2025-Spring,4,2025-02-03,
R000516,12416483,MTH202,F06,2025-Spring,3,2025-04-21,Always available for doubt clearing after class. The explanations were clear and well structured.
R000452,12471066,ECE210,F04,2025-Spring,3,2025-03-23,Lectures moved at a comfortable speed and we never felt rushed. Good reference material and lab resources were provided.
R000050,12479840,CSE305,F02,2024-Autumn,2,2024-09-25,We skipped thruogh important topics in a hurry
R000800,12491303,MTH202,F06,2025-Autumn,3,2025-09-08,The evaluation pattern was standard. Lab systems were poor and resources insufficient. It was hard to stay interested during sessions.
R000223,12451876,MTH202,F06,2024-Autumn,2,2024-11-13,Results were delayed and there was no feedback on answers.
R000172,12405209,ECE210,F04,2024-Autumn,4,2024-11-16,The sessions were engaging with lots of discussion. The evaluation pattern was standard. Lab systems were poor and resources insufficient.
R001084,12488501,MTH202,F06,2026-Spring,3,2026-03-26,Many concepts were not explained properly. Good reference material and lab resources were provided. Emails were never answered I am Kavya Bansal from section K22AB.
R000167,12466542,ECE210,F04,2024-Autumn,2,2024-10-03,"Classes were boring and monotonous. Regards, Tanvi Thakur 12470190"
R000044,12445745,CSE305,F02,2024-Autumn,2,2024-11-28,"The pace was too slow and classes dragged on, but the explanations were clear and well structured."
R000264,12482240,MTH301,F06,2024-Autumn,4,2024-09-10,Every doubt got cleared through simple examples. The assignment load was manageable.
R000850,12472692,MTH301,F06,2025-Autumn,4,2025-10-10,Concepts were explained very clearly.
R000940,12409016,CSE340,F03,2026-Spring,3,2026-04-16,Quizzes helped us track our progress. Would recommend this course to others.
R000318,12406630,CSE201,F01,2025-Spring,3,2025-02-20,"I could not understand most of the derivations, but exams were fair and matched what was taught"
R000951,12434718,CSE340,F03,2026-Spring,4,2026-02-02,Some sessions were interesting. Office hours existed but were rarely used.
R000533,12409862,MTH202,F06,2025-Spring,4,2025-03-05,grading was transparent and fedeback was timely. real world examples kept the class lively. the syllabus was covered way too fast
R000548,12409016,MTH301,F06,2025-Spring,4,2025-04-11,The assignment load was manageable. The explanations were clear and well structured
R000992,12446898,CSE310,F02,2026-Spring,2,2026-03-08,"Concepts were explained very clearly, but there was no discussion or activity in class. Thanks to Prof. Kulkarni."
R000772,12408326,ECE330,F05,2025-Autumn,4,2025-10-22,Very supportive and encouraging towards students. Lectures moved at a comfortable speed and we never felt rushed
R000530,12451173,MTH202,F06,2025-Spring,2,2025-03-22,"Real world examples kept the class lively, but many concepts were not explained properly."
R000287,12455519,CSE201,F01,2025-Spring,3,2025-04-26,Always available for doubt clearing after class.
R000406,12415713,CSE310,F01,2025-Spring,3,2025-04-15,Classes were interactive and interesting. Many concepts were not explained properly
R001011,12476569,ECE210,F04,2026-Spring,3,2026-03-25,Lectures were just slide reading with no interaction. The explanations were clear and well structured
R001073,12408392,ECE330,F05,2026-Spring,4,2026-04-23,quizzes helped us track our progress. some sessions were interesting
R000682,12494329,CSE310,F02,2025-Autumn,4,2025-10-21,Projects took up far too much time. Grading felt unfair and marks were not explained
R000890,12497912,CSE201,F01,2026-Spring,3,2026-03-27,Lectures were just slide reading with no interaction
R000700,12476622,CSE310,F02,2025-Autumn,5,2025-10-27,Exams were fair and matched what was taught
R000102,12436500,CSE310,F01,2024-Autumn,2,2024-11-02,I could not understand most of the derivations. Thanks to Dr. Sharma.
R001052,12488039,ECE330,F05,2026-Spring,4,2026-02-16,Projects took up far too much time.
R000252,12484259,MTH301,F06,2024-Autumn,3,2024-11-02,Workload was average. The syllabus was covered way too fast.
R000247,12428746,MTH301,F06,2024-Autumn,3,2024-10-24,The teaching lacked clarity and examples. Workload was average. Really enjoyed this subject
R000868,12434993,CSE201,F01,2026-Spring,5,2026-02-21,Classes were interactive and interesting. The faculty was very approachable and answered all our doubts.
R001066,12469822,ECE330,F05,2026-Spring,4,2026-02-10,Exams were fair and matched what was taught. The faculty was very approachable and answered all our doubts. Thanks to Dr. Malhotra.
R000357,12424050,CSE305,F02,2025-Spring,1,2025-04-15,Emails were never answered.
R000067,12407989,CSE305,F02,2024-Autumn,3,2024-09-02,Lectures felt rushed and it was hard to keep up. Emails were never answered
R000467,12470644,ECE330,F05,2025-Spring,3,2025-04-04,"The faculty was very approachable and answered all our doubts, but the pace was too slow and classes dragged on. Classes were interactive and interesting."
R000758,12407492,ECE330,F05,2025-Autumn,3,2025-11-16,Some topics were clear and some were not. Grading was transparent and feedback was timely
R000472,12402757,ECE330,F05,2025-Spring,4,2025-02-03,"Exam questions were out of syllabus, but real world examples kept the class lively. Explanations were confusing and hard to follow"
R000263,12483136,MTH301,F06,2024-Autumn,3,2024-09-24,real world examples kept the class lively.
R000521,12475525,MTH202,F06,2025-Spring,4,2025-04-22,Always available for doubt clearing after class.
R000917,12432914,CSE305,F02,2026-Spring,4,2026-04-12,Engagement was average. Good balance between depth and speed
R000219,12434760,MTH202,F06,2024-Autumn,3,2024-10-20,Quizzes helped us track our progress. Engagement was average. Good reference material and lab resources were provided.
R000685,12470292,CSE310,F02,2025-Autumn,3,2025-10-18,"Very supportive and encouraging towards students, but too many assignments with very tight deadlines."
R001072,12417146,ECE330,F05,2026-Spring,5,2026-02-14,"Grading felt unfair and marks were not explained, but examples made difficult topics easy to understand. Real world examples kept the class lively. Thanks to Dr. Malhotra. You can contact me at harsh.mehra84@gmail.com."
R000058,12428746,CSE305,F02,2024-Autumn,4,2024-09-19,"The teaching lacked clarity and examples, but the assignment load was manageable."
R000913,12455518,CSE305,F02,2026-Spring,5,2026-04-03,Lectures moved at a comfortable speed and we never felt rushed. Really enjoyed this subject.
R000117,12439117,CSE310,F01,2024-Autumn,2,2024-09-16,"Quick replies to our queries and helpful guidance, but I could not understand most of the derivations."
R001112,12456155,MTH301,F06,2026-Spring,4,2026-02-02,Workload was balanced across the semester. Quizzes helped us track our progress
R000240,12467391,MTH301,F06,2024-Autumn,3,2024-11-08,Recorded lectures and study material helped a lot. Quizzes helped us track our progress.
R000584,12402757,MTH301,F06,2025-Spring,3,2025-02-02,"Workload was balanced across the semester. No proper reference books were suggested, but always available for doubt clearing after class. Overall I am not satisfied with this course."
R000335,12483507,CSE305,F02,2025-Spring,2,2025-02-07,"Doubts were often ignored or brushed aside, but the sessions were engaging with lots of discussion. My number is 99106 60570."
R000427,12441245,CSE310,F01,2025-Spring,3,2025-03-16,Too many assignments with very tight deadlines. Grading was transparent and feedback was timely.
R000268,12489166,MTH301,F06,2024-Autumn,4,2024-11-13,Concepts were explained very clearly
R000636,12481416,CSE305,F02,2025-Autumn,2,2025-11-09,"Projects took up far too much time, but always available for doubt clearing after class."
R000374,12467839,CSE340,F03,2025-Spring,2,2025-03-05,"The faculty was not approachable when we had doubts. The pace was okay, neither fast nor slow"
R000843,12424050,MTH301,F06,2025-Autumn,1,2025-11-04,"Real world examples kept the class lively. Every doubt got cleared thruogh simple examples, but no proper reference books were suggested."
R000856,12498771,MTH301,F06,2025-Autumn,3,2025-09-15,Explanations were confusing and hard to follow. Classes were boring and monotonous.
R000242,12424957,MTH301,F06,2024-Autumn,4,2024-10-04,Real world examples kept the class lively. The explanations were clear and well structured.
R000418,12402757,CSE310,F01,2025-Spring,4,2025-03-13,Good balance between depth and speed.
R000552,12414663,MTH301,F06,2025-Spring,3,2025-03-22,Too many assignments with very tight deadlines.
R000723,12495673,ECE210,F04,2025-Autumn,2,2025-11-28,Quizzes helped us track our progress
R000965,12447795,CSE340,F03,2026-Spring,3,2026-02-12,"Doubts were often ignored or brushed aside, but the sessions were egnaging with lots of discussion."
R000899,12456333,CSE201,F01,2026-Spring,4,2026-03-03,"Classes were boring and monotonous, but very supportive and encouraging towards students. Many concepts were not explained properly"
R000935,12489733,CSE340,F03,2026-Spring,5,2026-03-05,Quizzes helped us track our progress.
R000921,12417361,CSE305,F02,2026-Spring,3,2026-02-15,"The teachnig lacked clarity and examples, but good balance between depth and speed. Doubts were often ignored or brushed aside. My number is 90436 96558."
R000858,12414322,MTH301,F06,2025-Autumn,4,2025-10-21,"Every doubt got cleared through simple examples, but the syllabus was covered way too fast."
R001104,12412704,MTH202,F06,2026-Spring,3,2026-03-15,Lectures felt rushed and it was hard to keep up. Exams were fair and matched what was taught. Too many assignments with very tight deadlines.
R000040,12480173,CSE305,F02,2024-Autumn,3,2024-11-07,Slides were not shared on time. Office hours existed but were rarely used. Really enjoyed this subject
R001068,12475525,ECE330,F05,2026-Spring,4,2026-04-06,Worlkoad was balanced across the semester. Thanks to Dr. Malhotra.
R000854,12411226,MTH301,F06,2025-Autumn,3,2025-09-27,Exams were fair and matched what was taught. Doubts were often ignored or brushed aside
R000187,12456057,ECE330,F05,2024-Autumn,4,2024-09-04,Quizzes helped us track our progress. Concepts were explained very clearly. Very supportive and encouraging towards students.
R000169,12484259,ECE210,F04,2024-Autumn,3,2024-09-05,exams were of moderate difficulty. real world examples kept the class lively. the explanations were clear and well structured.
R000646,12486474,CSE305,F02,2025-Autumn,1,2025-10-12,"No proper reference books were suggested. The faculty was not approachable when we had doubts, but overall a great course"
R001031,12499943,ECE210,F04,2026-Spring,2,2026-04-18,Workload was balanced acrsos the semester. Some topics were clear and some were not. Overall I am not satisfied with this course.
R000990,12434993,CSE310,F02,2026-Spring,3,2026-02-16,"Notes and slides shared were very useful, but emails were never answered."
R000298,12434718,CSE201,F01,2025-Spring,3,2025-04-17,The evaluation pattern was standard. Concepts were explained very clearly
R000617,12461348,CSE201,F01,2025-Autumn,3,2025-10-23,every doubt got cleared through simple examples. deadlines were piled up one after another.
R000654,12483886,CSE340,F03,2025-Autumn,2,2025-11-10,Lectures were just slide reading with no interaction. Clarity of explanation was average.
R000260,12438469,MTH301,F06,2024-Autumn,4,2024-09-16,Deadlines were piled up one after another.
R000377,12456985,CSE340,F03,2025-Spring,3,2025-04-14,"Grading was transparent and feedback was timely, but the pace was too slow and classes dragged on"
R000316,12451173,CSE201,F01,2025-Spring,3,2025-04-20,"The explanations were clear and well structured, but this course needs a lot of improvement"
R000625,12472420,CSE305,F02,2025-Autumn,2,2025-11-18,Good balance between depth and speed. Doubts were often ignored or brushed aside. Would not recommend it.
R000080,12464686,CSE340,F03,2024-Autumn,5,2024-10-10,Workload was balanced across the semester. Examples made difficult topics easy to understand
R000199,12498994,ECE330,F05,2024-Autumn,3,2024-11-28,The teaching lacked clarity and examples
R000323,12428016,CSE201,F01,2025-Spring,3,2025-02-24,"Very supportive and encouraging towards students, but lectures were just slide reading with no interaction."
R000356,12446566,CSE305,F02,2025-Spring,3,2025-04-18,We skipped through important topics in a hurry
R000736,12417342,ECE210,F04,2025-Autumn,3,2025-11-02,"the teaching lacked clarity and examples. grading was transparent and feedback was timely, but the workload was overwhelming alongside other courses."
R000213,12474668,MTH202,F06,2024-Autumn,4,2024-11-22,The assignment load was manageable. Slides were not shared on time
R000693,12456155,CSE310,F02,2025-Autumn,3,2025-11-14,Lab systems were poor and resources insufficient. There was no support for students who were struggling. The evaluation pattern was standard.
R000239,12483507,MTH301,F06,2024-Autumn,1,2024-10-18,"Slides were not shared on time. Regards, Diya Khanna 12442624"
R000631,12435093,CSE305,F02,2025-Autumn,3,2025-10-27,Doubts were often ignored or brushed aside. A normal amount of assignments.
R000400,12434814,CSE340,F03,2025-Spring,4,2025-04-05,Exams were fair and matched what was taught. A normal amount of assignments.
R001005,12451173,ECE210,F04,2026-Spring,3,2026-04-28,Every doubt got cleared through simple examples.
R000675,12483507,CSE340,F03,2025-Autumn,3,2025-10-03,Some sessions were interesting.
R000124,12444942,CSE310,F01,2024-Autumn,4,2024-10-21,Topics were covered in a well paced manner. Grading felt unfair and marks were not explained.
R000673,12497154,CSE340,F03,2025-Autumn,3,2025-11-10,The teaching lacked clarity and examples. Lectures moved at a comfortable speed and we never felt rushed. Thanks to Dr. Iyer.
R000244,12418373,MTH301,F06,2024-Autumn,2,2024-10-08,Topics were coveerd in a well paced manner. Classes were boring and monotonous.
R000547,12412224,MTH301,F06,2025-Spring,4,2025-03-16,Concepts were explained very clearly
R000484,12429871,ECE330,F05,2025-Spring,4,2025-02-15,"Lectures moved at a comfortable speed and we never felt rushed. Quick replies to our queries and helpful guidance, but would not recommend it."
R000007,12446566,CSE201,F01,2024-Autumn,3,2024-10-11,Evaluation criteria were never clear. Resources were adequate. The workload was overwhelming alongside other courses.
R001071,12458800,ECE330,F05,2026-Spring,4,2026-02-07,"The teaching lacked clarity and examples, but real world examples kept the class lively. Office hours existed but were rarely used."
R000928,12476569,CSE305,F02,2026-Spring,2,2026-02-05,"Slides were not shared on time, but grading was transparent and feedback was timely."
R000444,12495561,ECE210,F04,2025-Spring,3,2025-02-23,"Every doubt got cleared through simple examples. Always available for doubt clearing after class, but this course needs a lot of improvement."
R000792,12489192,ECE330,F05,2025-Autumn,4,2025-10-14,Lectures moved at a comfortable speed and we never felt rushed. My friend Diya also felt the same.
R000558,12456057,MTH301,F06,2025-Spring,5,2025-02-04,We skipped through important topics in a hurry. Classes were boring and monotonous. This course needs a lot of improvement.
R000463,12459929,ECE210,F04,2025-Spring,3,2025-04-04,Some topics were clear and some were not. Overall it was an average course.
R000319,12436930,CSE201,F01,2025-Spring,2,2025-03-02,"Real world examples kept the class lively. Projects took up far too much time, but overall a graet course"
R000304,12474364,CSE201,F01,2025-Spring,3,2025-03-25,"The syllabus was covered way too fast, but recorded lectures and study material helped a lot. Quick replies to our queries and helpful guidance."
R000433,12406175,CSE310,F01,2025-Spring,1,2025-02-12,I could not understand most of the derivations. There was no discussion or activity in class. Thanks to Dr. Sharma.
R000229,12459177,MTH202,F06,2024-Autumn,4,2024-10-13,Concepts were explained very clearly
R000305,12434179,CSE201,F01,2025-Spring,3,2025-04-10,the teaching lacked clarity and examples. grading felt unfair and marks were not explained. thanks to dr. sharma
R001060,12495568,ECE330,F05,2026-Spring,3,2026-03-08,Resources were adequate.
R000361,12412704,CSE305,F02,2025-Spring,3,2025-04-24,Grading felt unfair and marks were not explained. Real world examples kept the class lively. The faculty was not approachable when we had doubts.
R000358,12458082,CSE305,F02,2025-Spring,3,2025-04-22,Evaluation criteria were never clear
R000032,12466540,CSE201,F01,2024-Autumn,3,2024-11-03,Real world examples kept the class lively. Office hours existed but were rarely used. Thanks to Dr. Sharma
R000459,12491988,ECE210,F04,2025-Spring,2,2025-02-01,Support was available sometimes. Engagement was average. Thanks to Mr. Sandhu.
R000721,12434973,ECE210,F04,2025-Autumn,2,2025-11-28,doubts were often ignored or brushed aside. clarity of explanation was average.
R000030,12498994,CSE201,F01,2024-Autumn,3,2024-11-05,"Always available for doubt clearing after class, but many concepts were not explained properly."
R000956,12448434,CSE340,F03,2026-Spring,2,2026-04-17,"Notes and slides shared were very useful, but emails were never answered. The pace was okay, neither fast nor slow."
R000640,12412097,CSE305,F02,2025-Autumn,2,2025-09-06,The syllabus was covered way too fast
R000779,12413104,ECE330,F05,2025-Autumn,3,2025-11-07,Notes and slides shared were very useful.
R001051,12494329,ECE330,F05,2026-Spring,4,2026-02-06,The sessions were engaging with lots of discussion. Good reference material and lab resources were provided.
R000366,12498548,CSE305,F02,2025-Spring,2,2025-04-11,Support was available sometimes.
R000396,12414029,CSE340,F03,2025-Spring,3,2025-03-04,Explanations were confusing and hard to follow. Very supoprtive and encouraging towards students.
R001103,12416828,MTH202,F06,2026-Spring,3,2026-03-05,The teaching lacked clarity and examples.
R000797,12494811,ECE330,F05,2025-Autumn,4,2025-10-21,Every doubt got cleared through simple examples. Good balance between depth and speed. I am Ishita Gill from section K22AB.
R001067,12488259,ECE330,F05,2026-Spring,4,2026-04-07,"Study material was outdated, but a reasonable number of assignments and projects."
R000915,12432953,CSE305,F02,2026-Spring,3,2026-04-22,"Concepts were explained very clearly, but emails were never answered."
R000218,12457433,MTH202,F06,2024-Autumn,4,2024-10-20,Classes were interactive and interesting. Ovreall a great course
R001098,12421579,MTH202,F06,2026-Spring,3,2026-03-11,Examples made diffiuclt topics easy to understand.
R000566,12409602,MTH301,F06,2025-Spring,3,2025-04-03,many concepts were not explained properly. overall it was an average course.
R000390,12493872,CSE340,F03,2025-Spring,3,2025-04-04,Explanations were confusing and hard to follow. The evaluation pattern was standard. Too many assignments with very tight deadlines.
R000027,12473385,CSE201,F01,2024-Autumn,4,2024-11-27,"Topics were covered in a well paced manner, but I could not understand most of the derivations. Overall it was an average course"
R000707,12441467,CSE310,F02,2025-Autumn,2,2025-11-09,Lectures were just slide reading with no interaction. The teaching lacked clarity and examples.
R000363,12419410,CSE305,F02,2025-Spring,4,2025-04-08,Grading felt unfair and marks were not explained. Lab systems were poor and resources insufficient. Thanks to Prof. Kulkarni.
R000893,12451876,CSE201,F01,2026-Spring,3,2026-04-27,Topics were covered in a well paced manner. Many concepts were not explained properly. Really enjoyed this subject.
R001000,12485909,ECE210,F04,2026-Spring,4,2026-04-27,Workload was balanced across the semester. Recorded lectures and study material helped a lot. Overall a great course.
R000127,12407665,CSE310,F01,2024-Autumn,3,2024-11-13,Exam questions were out of syllabus
R001003,12414663,ECE210,F04,2026-Spring,5,2026-03-07,"Always available for doubt clearing after class, but slides were not shared on time. Real world examples kept the class lively."
R000480,12493447,ECE330,F05,2025-Spring,3,2025-03-22,"The sessions were engaging with lots of discussion, but explanations were confusing and hard to follow. Notes and slides shared were very useful."
R000043,12456057,CSE305,F02,2024-Autumn,2,2024-09-11,Doubts were often ignored or brushed aside. Workload was average. You can contact me at harsh.thakur63@gmail.com.
R001101,12400942,MTH202,F06,2026-Spring,3,2026-04-08,Exam questions were out of syllabus. There was no discussion or activity in class. Thanks to Prof. Bedi.
R000577,12423416,MTH301,F06,2025-Spring,3,2025-04-16,Lab systems were poor and resources insufficient. The teaching lacked clarity and examples.
R000809,12490422,MTH202,F06,2025-Autumn,4,2025-11-14,"The assignment load was manageable. No proper reference books were suggested, but concepts were explained very clearly. Would not recommend it."
R000435,12498994,ECE210,F04,2025-Spring,2,2025-03-28,I could not understand most of the derivations. Overall I am not satisfied with this course.
R000160,12439321,ECE210,F04,2024-Autumn,4,2024-10-01,The pace of the course was just right. Workload was balanced across the semester
R000190,12470855,ECE330,F05,2024-Autumn,2,2024-10-28,Deadlines were piled up one after another. Quizzes helped us track our progress. Always available for doubt clearing after class
R000551,12485180,MTH301,F06,2025-Spring,2,2025-03-10,Every doubt got cleared through simple examples
R000047,12439321,CSE305,F02,2024-Autumn,3,2024-09-26,Engagement was average. Quizzes helped us track our progress.
R000665,12470468,CSE340,F03,2025-Autumn,2,2025-10-16,Lectures were just slide reading with no interaction.
R000023,12409358,CSE201,F01,2024-Autumn,3,2024-11-27,Many concepts were not explained properly.
R001089,12466562,MTH202,F06,2026-Spring,3,2026-02-12,The faculty was very approachable and answered all our doubts. Overall it was an average course.
R000051,12490422,CSE305,F02,2024-Autumn,4,2024-09-14,Every doubt got cleared through simple examples.
R000607,12434760,CSE201,F01,2025-Autumn,4,2025-09-18,Deadlines were piled up one after another. Some topics were clear and some were not. The pace of the course was just right.
R000750,12444313,ECE330,F05,2025-Autumn,5,2025-09-21,Lectures moved at a comfortable speed and we never felt rushed. Explanations were confusing and hard to follow. Thanks to Dr. Malhotra.
R000743,12494466,ECE210,F04,2025-Autumn,4,2025-10-23,The assignment load was manageable. Topics were covered in a well paced manner.
R000133,12455333,CSE310,F01,2024-Autumn,2,2024-09-25,Explanations were confusing and hard to follow. Would not recommend it.
R000455,12477924,ECE210,F04,2025-Spring,1,2025-02-09,Emails were never answered.
R000208,12466542,ECE330,F05,2024-Autumn,2,2024-10-26,"Topics were covered in a well paced manner, but lab systems were poor and resources insufficient."
R000597,12434179,CSE201,F01,2025-Autumn,2,2025-09-21,A reasonable number of assignments and projects My friend Vivaan also felt the same.
R000275,12478172,CSE201,F01,2025-Spring,4,2025-03-01,Real world examples kept the class lively. Really enjoyed this subject.
R000649,12411915,CSE305,F02,2025-Autumn,3,2025-10-01,Explanations were confusing and hard to follow.
R000518,12400282,MTH202,F06,2025-Spring,3,2025-03-04,"The assignment load was manageable, but there was no discussion or activity in class."
R000881,12487684,CSE201,F01,2026-Spring,2,2026-03-01,Quick replies to our queries and helpful guidance. The sessions were engaging with lots of discussion.
R000904,12426365,CSE201,F01,2026-Spring,4,2026-04-21,"Quick replies to our queries and helpful guidance, but too many assignments with very tight deadlines."
R000615,12424050,CSE201,F01,2025-Autumn,3,2025-10-07,"Concepts were explained very clearly, but this course needs a lot of improvement."
R000873,12453883,CSE201,F01,2026-Spring,4,2026-03-25,The pace of the course was just right. Recorded lectures and study material helped a lot. The faculty was very approachable and answered all our doubts. Really enjoyed this subject. Thanks to Dr. Sharma.
R000371,12472512,CSE340,F03,2025-Spring,3,2025-03-20,Many concepts were not explained properly.
R000857,12413947,MTH301,F06,2025-Autumn,4,2025-11-04,Quizzes helped us track our progress. The explanations were clear and well structured
R000498,12476484,ECE330,F05,2025-Spring,4,2025-04-21,There was no discussion or activity in class. Speed of teaching was average.
R000258,12452772,MTH301,F06,2024-Autumn,3,2024-11-21,No proper reference books were suggested. The assignment load was manageable.
R000495,12440404,ECE330,F05,2025-Spring,4,2025-03-23,The faculty was very approachable and answered all our doubts. The assignment load was manageable. Thanks to Dr. Malhotra.
R000672,12407592,CSE340,F03,2025-Autumn,1,2025-10-20,Classes were boring and monotonous. Too many assignments with very tight deadlines.
R001042,12426772,ECE210,F04,2026-Spring,2,2026-04-28,"Topics were covered in a well paced manner, but classes were boring and monotonous. Examples made difficult topics easy to understand."
R000515,12417146,MTH202,F06,2025-Spring,4,2025-02-19,The assignment load was manageable.
R000347,12483320,CSE305,F02,2025-Spring,3,2025-03-23,Doubts were often ignored or brushed aside. Deadlines were piled up one after another. Clarity of explanation was average.
R000469,12474341,ECE330,F05,2025-Spring,3,2025-04-15,The explanations were clear and well structured. Lectures felt rushed and it was hard to keep up.
R000116,12434600,CSE310,F01,2024-Autumn,4,2024-10-20,"Grading was transparent and feedback was timely, but explanations were confusing and hard to follow."
R000481,12463624,ECE330,F05,2025-Spring,4,2025-04-22,Real world examples kept the class lively. Workload was average.
R000120,12448520,CSE310,F01,2024-Autumn,4,2024-10-18,Evaluation criteria were never clear. Explanations were confusing and hard to follow.
R000896,12475525,CSE201,F01,2026-Spring,3,2026-03-13,"Quizzes helped us track our progress. Recorded lectures and study material helped a lot, but overall I am not satisfied with this course."
R001029,12417146,ECE210,F04,2026-Spring,4,2026-02-14,Good balance between depth and speed. Notes and slides shared were very useful.
R000656,12487416,CSE340,F03,2025-Autumn,3,2025-11-16,Notes and slides shared were very useful. Support was available sometimes.
R000128,12463624,CSE310,F01,2024-Autumn,4,2024-10-05,Workload was average. Good reference material and lab resources were provided.
R000238,12415129,MTH301,F06,2024-Autumn,3,2024-11-05,Lectures were just slide reading with no interaction I am Tanvi Gill from section K22AB.
R000076,12424931,CSE340,F03,2024-Autumn,5,2024-09-03,Quizzes helped us track our progress.
R000272,12414371,CSE201,F01,2025-Spring,3,2025-04-18,Some topics were clear and some were not
R000948,12453264,CSE340,F03,2026-Spring,4,2026-03-14,The faculty was very approachable and answered all our doubts. Quizzes helped us track our progress
R000282,12470381,CSE201,F01,2025-Spring,4,2025-04-11,"The sessions were engaging with lots of discussion. Many concepts were not explained properly, but recorded lectures and study material hepled a lot."
R000680,12436265,CSE310,F02,2025-Autumn,2,2025-09-05,Support was available sometimes. A reasonable number of assignments and projects.
R000101,12487684,CSE310,F01,2024-Autumn,3,2024-09-13,Many concepts were not explained properly.
R000669,12456155,CSE340,F03,2025-Autumn,3,2025-09-11,"Grading was transparent and feedback was timely. The pace was okay, neither fast nor slow. The faculty was not approachable when we had doubts."
R000253,12426685,MTH301,F06,2024-Autumn,3,2024-11-15,Some topics were clear and some were not. Lectures moved at a comfortable speed and we never felt rushed. Slides were not shared on time.
R001023,12428080,ECE210,F04,2026-Spring,5,2026-02-23,I could not understand most of the derivations. Speed of teaching was average.
R001120,12471301,MTH301,F06,2025-Spring,4,2025-02-22,
R000344,12421174,CSE305,F02,2025-Spring,4,2025-03-06,Many concepts were not explained properly. Thanks to Prof. Kulkarni.
R000737,12400942,ECE210,F04,2025-Autumn,3,2025-10-24,There was no discussion or activity in class. The pace of the course was just right.
R001074,12466244,ECE330,F05,2026-Spring,3,2026-04-27,Recorded lectures and study material helped a lot.
R000559,12469163,MTH301,F06,2025-Spring,3,2025-02-26,Exams were fair and matched what was taught. Real world examples kept the class lively
R000752,12455519,ECE330,F05,2025-Autumn,4,2025-09-17,It was hard to stay interested during sessions. I am Diya Bansal from section K22AB.
R000540,12409358,MTH202,F06,2025-Spring,5,2025-03-16,Some topics were clear and some were not. Classes were interactive and interesting. The faculty was very approachable and answered all our doubts.
R000688,12456985,CSE310,F02,2025-Autumn,2,2025-10-01,Speed of teaching was average.
R000653,12483130,CSE340,F03,2025-Autumn,3,2025-11-09,Emails were never answered
R000411,12434179,CSE310,F01,2025-Spring,4,2025-03-12,The sessions were engaging with lots of discussion. Resources were adequate. Would not recommend it.
R000714,12401267,ECE210,F04,2025-Autumn,2,2025-09-22,"Results were delayed and there was no feedback on answers. Explanations were confusing and hard to follow. There was no discussion or activity in class Regards, Arjun Thakur 12405478"
R000942,12427460,CSE340,F03,2026-Spring,3,2026-04-28,Recorded lectures and study material helped a lot. The workload was overwhelming alongside other courses.
R000710,12452296,CSE310,F02,2025-Autumn,2,2025-11-11,Support was available sometimes. Results were delayed and there was no feedback on answers. Materials were okay.
R001090,12437930,MTH202,F06,2026-Spring,4,2026-03-08,The teaching lacked clarity and examples. The sessions were engaging with lots of discussion. Really enjoyed this subject
R000970,12459429,CSE310,F02,2026-Spring,3,2026-04-12,"Doubts were often ignored or brushed aside, but good balance between depth and speed."
R000757,12424957,ECE330,F05,2025-Autumn,5,2025-11-10,grading was transparent and feedback was timely
R000852,12412224,MTH301,F06,2025-Autumn,4,2025-11-06,Concepts were explained very clearly.
R000295,12420969,CSE201,F01,2025-Spring,2,2025-03-05,Explanations were confusing and hard to follow. Very supportive and encouraging towards students. Overall a great course.
R000132,12430161,CSE310,F01,2024-Autumn,3,2024-11-10,Real world examples kept the class lively. Exams were fair and matched what was taught.
R000837,12470855,MTH301,F06,2025-Autumn,5,2025-11-04,The faculty was very approachable and answered all our doubts.
R000084,12493447,CSE340,F03,2024-Autumn,3,2024-09-19,Some topics were clear and some were not. Evaluation criteria were never clear.
R000183,12427938,ECE330,F05,2024-Autumn,3,2024-09-07,The assignment load was manageable
R001083,12414322,MTH202,F06,2026-Spring,5,2026-03-27,"explanations were confusing and hard to follow, but very supportive and encouraging towards students."
R000378,12427653,CSE340,F03,2025-Spring,3,2025-04-23,Doubts were often ignored or brushed aside
R000310,12482719,CSE201,F01,2025-Spring,4,2025-03-11,Real world examples kept the class lively. The faculty was not approachable when we had doubts. Thanks to Dr. Sharma.
R000595,12448434,CSE201,F01,2025-Autumn,2,2025-11-05,lectures moved at a comfortable speed and we never felt rushed. overall it was an average course. thanks to dr. sharma.
R001111,12428016,MTH301,F06,2026-Spring,2,2026-02-08,Classes were interactive and interesting. Study material was outdated. Lectures moved at a comfortable speed and we never felt rushed
R000222,12416828,MTH202,F06,2024-Autumn,3,2024-09-17,Classes were interactive and interesting. Exams were fair and matched what was taught. Thanks to Prof. Bedi. My friend Arjun also felt the same.
R000828,12429451,MTH202,F06,2025-Autumn,3,2025-11-10,Lectures were just slide reading with no interaction. The assignment load was manageable. Really enjoyed this subject.
R000405,12472512,CSE310,F01,2025-Spring,4,2025-02-25,examples made difficult topics easy to understand. rceorded lectures and study material helped a lot. the pace of the course was just right.
R000821,12437388,MTH202,F06,2025-Autumn,4,2025-09-20,The faculty was very approachable and answered all our doubts. Exams were fair and matched what was taught. Really enjoyed this subject.
R001070,12415014,ECE330,F05,2026-Spring,4,2026-04-26,Every doubt got cleared through simple examples. The sessions were engaging with lots of discussion. Lectures felt rushed and it was hard to keep up.
R000078,12441347,CSE340,F03,2024-Autumn,3,2024-10-17,Quick replies to our queries and helpful guidance. The assignment load was manageable. Exams were fair and matched what was taught.
R000605,12456498,CSE201,F01,2025-Autumn,3,2025-09-27,Results were delayed and there was no feedback on answers. Explanations were confusing and hard to follow. This course needs a lot of improvement
R001018,12458082,ECE210,F04,2026-Spring,4,2026-02-02,Good reference material and lab resources were provided. The pace of the course was just right.
R000827,12412363,MTH202,F06,2025-Autumn,4,2025-10-01,Some topics were clear and some were not. Thanks to Prof. Bedi
R000814,12414371,MTH202,F06,2025-Autumn,3,2025-10-25,We skipped through important topics in a hurry. This course needs a lot of improvement. My friend Naman also felt the same.
R000798,12434741,MTH202,F06,2025-Autumn,4,2025-09-14,"Grading felt unfair and marks were not explained, but every doubt got cleared through simple examples"
R000713,12476350,ECE210,F04,2025-Autumn,4,2025-11-23,The teaching lacked clarity and examples. I am Ishita Bansal from section K22AB.
R000450,12419536,ECE210,F04,2025-Spring,4,2025-03-10,Workload was balanced across the semester. Emails were never answered. Overall a great course
R000215,12415860,MTH202,F06,2024-Autumn,3,2024-11-18,The explanations were clear and well structured. Grading was transparent and feedback was timely. Thanks to Prof. Bedi.
R000697,12415713,CSE310,F02,2025-Autumn,3,2025-09-06,"Lectures were just slide reading with no interaction. There was no support for students who were struggling, but quizzes helped us track our progress. This course needs a lot of improvement."
R000483,12412097,ECE330,F05,2025-Spring,4,2025-04-06,Classes were interactive and interesting. I could not understand most of the derivations. Workload was balanced across the semester. I am Aarav Mehra from section K22AB.
R000028,12432742,CSE201,F01,2024-Autumn,5,2024-11-17,Recorded lectures and study material helped a lot.
R000158,12426685,ECE210,F04,2024-Autumn,3,2024-11-26,Every doubt got cleared through simple examples.
R000108,12466307,CSE310,F01,2024-Autumn,2,2024-11-17,Topics were covered in a well paced manner. Projects took up far too much time. This course needs a lot of improvement
R000777,12421174,ECE330,F05,2025-Autumn,3,2025-11-20,Office hours existed but were rarely used. It was hard to stay interested during sessions.
R000644,12463624,CSE305,F02,2025-Autumn,2,2025-09-22,Doubts were often ignored or brushed aside
R000678,12427460,CSE310,F02,2025-Autumn,2,2025-10-01,Always available for doubt clearing after class. Concepts were explained very clearly. Too many assignments with very tight deadlines.
R001118,12483137,ECE330,F05,2024-Autumn,4,2024-11-17,
R000833,12489166,MTH301,F06,2025-Autumn,4,2025-11-18,The sessions were engaging with lots of discussion. Thanks to Prof. Bedi.
R000065,12420730,CSE305,F02,2024-Autumn,2,2024-10-06,"The syllabus was covered way too fast, but every doubt got cleared through simple examples. Would not recommend it."
R000075,12467391,CSE340,F03,2024-Autumn,3,2024-11-18,lectures were just slide reading with no interaction. a reasonable number of assignments and projects.
R001043,12455333,ECE210,F04,2026-Spring,2,2026-03-23,Lectures were just slide reading with no interaction. Workload was balanced across the semester.
R000248,12430828,MTH301,F06,2024-Autumn,3,2024-11-06,Exams were fair and matched what was taught. Thanks to Prof. Bedi.
R000290,12425112,CSE201,F01,2025-Spring,2,2025-02-03,Evaluation criteria were never clear. Lectures moved at a comfortable speed and we never felt rushed. The explanations were clear and well structured.
R000683,12463624,CSE310,F02,2025-Autumn,4,2025-11-13,Examples made difficult topics easy to undesrtand
R000663,12455444,CSE340,F03,2025-Autumn,4,2025-10-21,The assignment load was manageable. Grading was transparent and feedback was timely.
R000906,12407331,CSE201,F01,2026-Spring,2,2026-02-27,Too many assignments with very tight deadlines. Many concepts were not explained properly. Overall I am not satisfied with this course.
R000793,12464686,ECE330,F05,2025-Autumn,4,2025-09-17,"Concepts were explained very clearly. Classes were interactive and interesting, but evaluation criteria were never clear."
R000600,12486474,CSE201,F01,2025-Autumn,4,2025-11-13,Very supportive and encouraging towards students. Good balance between depth and speed
R000478,12443309,ECE330,F05,2025-Spring,4,2025-03-01,Real world examples kept the class lively.
R000500,12432018,ECE330,F05,2025-Spring,3,2025-02-26,"Always available for doubt clearing after class, but exam questions were out of syllabus. My number is 99824 01769."
R000212,12483130,MTH202,F06,2024-Autumn,5,2024-09-02,Classes were interactive and interesting.
R000614,12415014,CSE201,F01,2025-Autumn,4,2025-11-05,No proper reference books were suggested. The teaching lacked clarity and examples.
R000666,12432591,CSE340,F03,2025-Autumn,2,2025-09-27,It was hard to stay interested during sessions. Emails were never answered. I could not understand most of the derivations. Overall it was an average course.
R000997,12487538,ECE210,F04,2026-Spring,4,2026-03-19,"Grading felt unfair and marks were not explained, but the assignment load was manageable. Would recommend this course to others"
R000107,12418131,CSE310,F01,2024-Autumn,3,2024-10-22,The assignment load was manageable. Exams were of moderate difficulty. We skipped through important topics in a hurry. Overall I am not satisfied with this course
R000926,12449009,CSE305,F02,2026-Spring,3,2026-02-18,the syllabus was covered way too fast. study material was outdated. this course needs a lot of improvement.
R000580,12417342,MTH301,F06,2025-Spring,3,2025-03-26,There was no support for students who were struggling. Speed of teaching was average.
R000297,12434973,CSE201,F01,2025-Spring,3,2025-03-28,There was no discussion or activity in class.
R000082,12404117,CSE340,F03,2024-Autumn,3,2024-10-20,"Doubts were often ignored or brushed aside. There was no discussion or activity in class, but notes and slides shared were very useful. Would not recommend it."
R000624,12406630,CSE201,F01,2025-Autumn,5,2025-11-21,The faculty was very approachable and answered all our doubts
R000083,12461993,CSE340,F03,2024-Autumn,4,2024-11-01,I could not understand most of the derivations. There was no support for students who were struggling. Thanks to Dr. Iyer.
R000769,12413473,ECE330,F05,2025-Autumn,3,2025-09-27,The faculty was very approachable and answered all our doubts. Exams were fair and matched what was taught.
R001082,12492493,MTH202,F06,2026-Spring,3,2026-02-04,Study material was outdated. Every doubt got cleared through simple examples.
R001012,12435093,ECE210,F04,2026-Spring,3,2026-03-25,Good reference material and lab resources were provided. The explanations were clear and well structured
R000950,12432953,CSE340,F03,2026-Spring,4,2026-02-06,Notes and slides shared were very useful.
R000519,12414621,MTH202,F06,2025-Spring,2,2025-02-07,Good balance between depth and speed. Really enjoyed this subject. Thanks to Prof. Bedi.
R000994,12412899,CSE310,F02,2026-Spring,2,2026-02-08,Resources were adequate. A reasonable number of assignments and projects. Thanks to Prof. Kulkarni.
R000677,12436500,CSE310,F02,2025-Autumn,3,2025-11-14,slides were not shared on time. lectures felt rushed and it was hard to keep up.
R000079,12488501,CSE340,F03,2024-Autumn,3,2024-10-07,Always available for doubt clearing after class. The assignment load was manageable.
R000283,12434600,CSE201,F01,2025-Spring,2,2025-03-23,Topics were covered in a well paced manner. The assignment load was manageable. Thanks to Dr. Sharma.
R000869,12477924,CSE201,F01,2026-Spring,2,2026-02-27,Some sessions were interesting. Many concepts were not explained properly.
R000157,12428864,ECE210,F04,2024-Autumn,3,2024-09-11,Classes were boring and monotonous. Overall I am not satisfied with this course.
R000410,12475914,CSE310,F01,2025-Spring,3,2025-04-12,Classes were boring and monotonous.
R000583,12418726,MTH301,F06,2025-Spring,4,2025-02-09,The pace was too slow and classes dragged on. I could not understand most of the derivations.
R000397,12469352,CSE340,F03,2025-Spring,3,2025-04-18,Grading was transparent and feedback was timely. Thanks to Dr. Iyer.
R000620,12407592,CSE201,F01,2025-Autumn,4,2025-10-06,Too many assignments with very tight deadlines. Speed of teaching was average. Explanations were confusing and hard to follow.
R000402,12474085,CSE340,F03,2025-Spring,1,2025-02-17,It was hard to stay interested during sessions.
R000522,12483130,MTH202,F06,2025-Spring,3,2025-03-27,"The teaching lacked clarity and examples, but grading was transparent and feedback was timely."
R000786,12483748,ECE330,F05,2025-Autumn,3,2025-11-28,Good balance between depth and speed. Classes were interactive and interesting. Sldies were not shared on time.
R000464,12447795,ECE210,F04,2025-Spring,4,2025-04-28,Lab systems were poor and resources insufficient. Exam questions were out of syllabus.
R000404,12432953,CSE340,F03,2025-Spring,2,2025-02-09,quizzes helped us track our progress. real world examples kept the class lively. too many assignments with very tight deadlines.
R000966,12408675,CSE340,F03,2026-Spring,1,2026-02-23,"Concepts were explained very clearly. The faculty was very approachable and answered all our doubts, but there was no discussion or activity in class. Thanks to Dr. Iyer."
R000593,12492214,CSE201,F01,2025-Autumn,2,2025-09-12,A nomral amount of assignments.
R000897,12443309,CSE201,F01,2026-Spring,2,2026-02-05,I could not understand most of the derivations.
R000104,12469329,CSE310,F01,2024-Autumn,2,2024-10-07,The teaching lacked clarity and examples.
R000719,12438890,ECE210,F04,2025-Autumn,4,2025-09-19,"the pace was too slow and classes dragged on, but exams were fair and matched what was taught"
R000168,12474341,ECE210,F04,2024-Autumn,3,2024-10-07,Lectures were just slide reading with no interaction. Good balance between depth and speed.
R000174,12470678,ECE210,F04,2024-Autumn,3,2024-10-02,"Workload was balanced across the semester, but evaluation criteria were never clear. Good balance between depth and speed."
R001122,12419794,CSE310,F02,2026-Spring,3,2026-03-18,ok
R000872,12419536,CSE201,F01,2026-Spring,4,2026-03-03,It was hard to stay interested during sessions. There was no support for students who were struggling. Explanations were confuisng and hard to follow
R000086,12499693,CSE340,F03,2024-Autumn,3,2024-11-09,Quizzes helped us track our progress. The explanations were clear and well structured.
R000898,12487782,CSE201,F01,2026-Spring,4,2026-04-04,"Very supportive and encouraging towards students, but evaluation criteria were never clear."
R000359,12414663,CSE305,F02,2025-Spring,2,2025-03-15,Classes were boring and monotonous. Emails were never answered
R000767,12406572,ECE330,F05,2025-Autumn,4,2025-11-21,The sessions were engaging with lots of discussion. Office hours existed but were rarely used.
R000712,12484012,CSE310,F02,2025-Autumn,1,2025-11-13,"Good balance betewen depth and speed. The workload was overwhelming alongside other courses, but exams were fair and matched what was taught."
R000655,12421643,CSE340,F03,2025-Autumn,2,2025-11-17,real world examples kept the class lively.
R000815,12405778,MTH202,F06,2025-Autumn,3,2025-11-24,Clarity of explanation was average
R000706,12455518,CSE310,F02,2025-Autumn,5,2025-10-23,Exams were fair and matched what was taught. Thanks to Prof. Kulkarni.
R000210,12427760,ECE330,F05,2024-Autumn,3,2024-09-10,Exams were of moderate difficulty. Examples made difficult topics easy to understand My friend Gurpreet also felt the same.
R000512,12413947,ECE330,F05,2025-Spring,4,2025-02-20,"Good balance between depth and speed, but grading felt unfair and marks were not explained. Would recommend this course to others You can contact me at rohan.chopra9@gmail.com."
R000375,12447795,CSE340,F03,2025-Spring,4,2025-04-24,deadlines were piled up one after another.
R000008,12494466,CSE201,F01,2024-Autumn,3,2024-11-13,Lectures moved at a comfortable speed and we never felt rushed. Every doubt got cleared through simple examples. Quick replies to our queries and helpful guidance.
R000243,12469822,MTH301,F06,2024-Autumn,4,2024-10-15,"Grading felt ufnair and marks were not explained, but examples made difficult topics easy to understand. Overall a great course I am Kavya Khanna from section K22AB."
R000341,12428746,CSE305,F02,2025-Spring,3,2025-04-17,Too many assignments with very tihgt deadlines
R000877,12486163,CSE201,F01,2026-Spring,4,2026-03-04,Recorded lectures and study material helped a lot
R000851,12409071,MTH301,F06,2025-Autumn,4,2025-10-26,"There was no discussion or activity in class, but always available for doubt clearing after class. Good balance between depth and speed."
R001061,12450019,ECE330,F05,2026-Spring,3,2026-02-02,"Quizzes helped us track our progress. Many concepts were not explained properly, but would recommend this course to others."
R000393,12494098,CSE340,F03,2025-Spring,3,2025-04-05,"Study material was outdated, but the assignment load was manageable."
R000747,12499871,ECE210,F04,2025-Autumn,2,2025-11-15,"Every doubt got cleared through simple examples, but overall I am not satisfied with this course"
R000606,12407100,CSE201,F01,2025-Autumn,1,2025-10-10,"The explanations were clear and well structured, but too many assignments with very tight deadlines."
R000430,12498038,CSE310,F01,2025-Spring,3,2025-02-04,The teaching lacked clarity and examples. The pace was too slow and classes dragged on.
R000451,12439240,ECE210,F04,2025-Spring,3,2025-04-03,"Workload was balanced across the semester. Lectures moved at a comfortable speed and we never felt rushed, but this course needs a lot of improvement."
R000999,12424356,ECE210,F04,2026-Spring,5,2026-02-12,Good reference material and lab resources were provided. Exam questions were out of syllabus.
R000182,12410322,ECE330,F05,2024-Autumn,5,2024-10-21,"Explanations were confusing and hard to follow, but real world examples kept the class lively."
R000980,12434438,CSE310,F02,2026-Spring,2,2026-02-13,"The assignment load was manageable, but lab systems were poor and resources insufficient."
R000048,12465435,CSE305,F02,2024-Autumn,3,2024-09-13,"Too many assignments with very tight deadlines. It was hard to stay interested during sessions, but would recommend this course to others My friend Arjun also felt the same."
R000391,12484607,CSE340,F03,2025-Spring,3,2025-02-04,Topics were covered in a well paced manner.
R000638,12400464,CSE305,F02,2025-Autumn,4,2025-11-04,Every doubt got cleared thorugh simple examples.
R000741,12437388,ECE210,F04,2025-Autumn,3,2025-10-21,It was hard to stay interested during sessions. Workload was average.
R000832,12430161,MTH202,F06,2025-Autumn,5,2025-09-10,The sessions were engaging with lots of discussion. Grading was transparent and feedback was timely. Overall a great course.
R000645,12472512,CSE305,F02,2025-Autumn,3,2025-10-18,"Slides were not shared on time. Results were delayed and there was no feedback on answers, but workload was balanced across the semester."
R000446,12487538,ECE210,F04,2025-Spring,3,2025-02-05,The assignment load was manageable. The faculty was not approachable when we had doubts.
R000440,12445745,ECE210,F04,2025-Spring,3,2025-02-16,Quizzes helped us track our progress
R000510,12446357,ECE330,F05,2025-Spring,3,2025-03-18,"Exams were fair and matched what was taught. The pace was okay, neither fast nor slow"
R000012,12446438,CSE201,F01,2024-Autumn,4,2024-09-10,Exams were fair and matched what was taught.
R000384,12408907,CSE340,F03,2025-Spring,4,2025-04-27,The sessions were engaging with lots of discussion. Overall a gerat course.
R000546,12452923,MTH301,F06,2025-Spring,4,2025-04-03,Quizzes helped us track our progress. A reasonable number of assignments and projects. Concepts were explained very clearly. Really enjoyed this subject.
R000754,12417146,ECE330,F05,2025-Autumn,4,2025-10-24,Slides were not shared on time. Overall a great course.
R000591,12490573,CSE201,F01,2025-Autumn,3,2025-11-03,Topics were covered in a well paced manner. The evaluation pattern was standard.
R000129,12479818,CSE310,F01,2024-Autumn,4,2024-09-09,Quick replies to our queries and helpful guidance.
R000590,12400074,CSE201,F01,2025-Autumn,4,2025-10-19,Engagement was average.
R000987,12441180,CSE310,F02,2026-Spring,4,2026-03-05,Classes were boring and monotonous. Speed of teaching was average
R000698,12490111,CSE310,F02,2025-Autumn,1,2025-11-22,The pace was too slow and classes dragged on.
R000438,12449672,ECE210,F04,2025-Spring,2,2025-03-22,No proper reference books were suggested. My friend Ishita also felt the same.
R000771,12458800,ECE330,F05,2025-Autumn,4,2025-10-14,Some topics were clear and some were not. Always available for doubt clearing after class. Exam questions were out of syllabus
R000982,12469329,CSE310,F02,2026-Spring,3,2026-02-11,Notes and slides shared were very useful. Overall a great course.
R000206,12477128,ECE330,F05,2024-Autumn,4,2024-10-21,Lectures felt rushed and it was hard to keep up
R000180,12439651,ECE330,F05,2024-Autumn,2,2024-10-10,very supportive and encouraging towards students. speed of teaching was average
R000092,12449672,CSE340,F03,2024-Autumn,4,2024-10-17,The assignment load was manageable. Would recommend this course to others.
R000759,12490198,ECE330,F05,2025-Autumn,3,2025-10-06,Exams were fair and matched what was taught. The sessions were engaging with lots of discussion.
R000089,12427460,CSE340,F03,2024-Autumn,5,2024-11-02,The assignment load was manageable. Overall a great course.
R000470,12497647,ECE330,F05,2025-Spring,3,2025-04-14,Lectures felt rushed and it was hard to keep up. A reasonable number of assignments and projects
R000147,12439651,ECE210,F04,2024-Autumn,4,2024-11-03,"Lectures were just slide reading with no interaction, but the pace of the course was just right"
R000535,12446566,MTH202,F06,2025-Spring,4,2025-04-09,Very supportive and encouraging towards students. Some topics were clear and some were not.
R000249,12487538,MTH301,F06,2024-Autumn,4,2024-10-25,Many concepts were not explained properly. Always available for doubt clearing after class.
R000576,12457433,MTH301,F06,2025-Spring,4,2025-04-27,A normal amount of assignments. Really enjoyed this subject
R000941,12411915,CSE340,F03,2026-Spring,3,2026-02-13,"Study material was outdated, but the pace of the course was just right. Deadlines were piled up one after another."
R000914,12446438,CSE305,F02,2026-Spring,3,2026-02-20,Always available for doubt clearing after class. Overall I am not satisfied with this course.
R001020,12406630,ECE210,F04,2026-Spring,2,2026-04-07,Doubts were often ignored or brushed aside
R000885,12414029,CSE201,F01,2026-Spring,4,2026-04-09,Explanations were confusing and hard to follow. Projects took up far too much time. Recorded lectures and study material helped a lot My number is 98884 56773.
R000955,12408326,CSE340,F03,2026-Spring,3,2026-04-06,Resources were adequate. The workload was overwhelming alongside other courses.
R000437,12413238,ECE210,F04,2025-Spring,2,2025-02-14,Very supportive and encouraging towards students. Engagement was average. A reasonable number of assignments and projects. Really enjoyed this subject.
R000271,12401267,CSE201,F01,2025-Spring,2,2025-03-15,The faculty was very approachable and answered all our doubts. I could not understand most of the derivations I am Tanvi Verma from section K22AB.
R000057,12464032,CSE305,F02,2024-Autumn,3,2024-10-13,Study material was outdated
R000730,12493447,ECE210,F04,2025-Autumn,3,2025-10-14,Every doubt got cleared through simple examples. Quizzes helped us track our progress. Notes and slides shared were very useful. My number is 95023 34486.
R000178,12409602,ECE330,F05,2024-Autumn,3,2024-10-14,The pace of the cuorse was just right. Exams were fair and matched what was taught.
R000476,12405778,ECE330,F05,2025-Spring,4,2025-03-05,The assignment load was manageable.
R000803,12479840,MTH202,F06,2025-Autumn,4,2025-11-01,Good balance between depth and speed. Every doubt got cleared through simple examples. Classes were interactive and interesting
R000033,12439117,CSE201,F01,2024-Autumn,2,2024-09-06,We skipped through important topics in a hurry. Grading was transparent and feedback was timely. Thanks to Dr. Sharma.
R000118,12437930,CSE310,F01,2024-Autumn,5,2024-10-12,Resources were adequate.
R000408,12427653,CSE310,F01,2025-Spring,1,2025-03-22,Too many assignments with very tight deadlines. Good balance between depth and speed.
R000294,12463699,CSE201,F01,2025-Spring,3,2025-04-17,Projects took up far too much time. The teaching lacked clarity and examples.
R000704,12497912,CSE310,F02,2025-Autumn,2,2025-09-25,Exams were of moderate difficulty. Lab systems were poor and resources insufficient.
R000876,12452350,CSE201,F01,2026-Spring,2,2026-02-07,Workload was balanced across the semester. Engagement was average. Overall a great course
R000650,12424356,CSE305,F02,2025-Autumn,3,2025-09-10,Lectures were just slide reading with no interaction. Grading felt unfair and marks were not explained
R000336,12436434,CSE305,F02,2025-Spring,1,2025-02-05,The faculty was not approachable when we had doubts.
R000181,12494646,ECE330,F05,2024-Autumn,5,2024-10-12,Always available for doubt clearing after class. Would recommend this course to others.
R001035,12489399,ECE210,F04,2026-Spring,4,2026-03-09,Notes and slides shared were very useful
R000429,12451856,CSE310,F01,2025-Spring,3,2025-03-26,classes were interactive and interesting. would recommend this course to others
R000119,12421178,CSE310,F01,2024-Autumn,2,2024-10-22,The workload was overwhelming alongside other courses.
R000563,12420635,MTH301,F06,2025-Spring,3,2025-04-28,the evaluation pattern was standard. examples made difficult topics easy to understand.
R000110,12434438,CSE310,F01,2024-Autumn,3,2024-09-17,Quick replies to our queries and helpful guidance. Overall a great course. Thanks to Dr. Sharma.
R000340,12466542,CSE305,F02,2025-Spring,4,2025-02-04,Projects took up far too much time. It was hard to stay interested during sessions. Overall I am not satisfied with this course. Thanks to Prof. Kulkarni.
R000565,12445745,MTH301,F06,2025-Spring,3,2025-04-16,results were delayed and there was no feedback on answers
R000667,12412899,CSE340,F03,2025-Autumn,4,2025-09-06,The explanations were clear and well structured. Grading was transparent and feedback was timely.
R000574,12465612,MTH301,F06,2025-Spring,4,2025-04-05,"Some sessions were interesting. Many concepts were not explained properly. Regards, Tanvi Chopra 12456324"
R000960,12446898,CSE340,F03,2026-Spring,2,2026-03-13,Explanations were confusing and hard to follow. It was hard to stay interested during sessions.
R000637,12484012,CSE305,F02,2025-Autumn,2,2025-09-18,"There was no discussion or activity in class Regards, Naman Khanna 12433072"
R000090,12406658,CSE340,F03,2024-Autumn,3,2024-09-01,"The pace was okay, neither fast nor slow. The assignment load was manageable. Some sessions were interesting."
R000302,12493872,CSE201,F01,2025-Spring,4,2025-02-07,Classes were interactive and interesting. Always available for doubt clearing after class.
R000009,12412097,CSE201,F01,2024-Autumn,4,2024-11-18,"Good reference material and lab resources were provided, but many concepts were not explained properly."
R000983,12409016,CSE310,F02,2026-Spring,4,2026-04-12,"Evaluation criteria were never clear. There was no support for students who were struggling. Clarity of explanation was average. Regards, Vivaan Chopra 12423886"
R000466,12440306,ECE330,F05,2025-Spring,2,2025-02-23,The sessions were engaging with lots of discussion. Good reference material and lab resources were provided.
R000353,12408907,CSE305,F02,2025-Spring,1,2025-03-01,"Notes and slides shared were very useful. Very supportive and encouraging towards students Regards, Simran Verma 12460412"
R000661,12453354,CSE340,F03,2025-Autumn,2,2025-11-26,Many concepts were not explained properly
R000164,12431285,ECE210,F04,2024-Autumn,3,2024-09-12,The teaching lacked clarity and examples
R000888,12466244,CSE201,F01,2026-Spring,3,2026-04-09,"Projects took up far too much time. Exams were fair and matched what was taught, but explanations were confusing and hard to follow."
R000422,12446566,CSE310,F01,2025-Spring,2,2025-03-24,The sessions were engaging with lots of discussion. The workload was overwhelming alongside other courses. Overall I am not satisfied with this course.
R000198,12427535,ECE330,F05,2024-Autumn,4,2024-09-22,the teaching lacked clarity and examples. a reasonable number of assignments and projects. evaluation criteria were never clear.
R000810,12459638,MTH202,F06,2025-Autumn,2,2025-11-16,"Slides were not shared on time, but classes were interactive and interesting."
R000233,12413577,MTH202,F06,2024-Autumn,4,2024-10-23,"Office hours existed but were rarely used. The explanations were clear and well structured, but slides were not shared on time. Would not recommend it."
R000479,12452350,ECE330,F05,2025-Spring,3,2025-03-17,Results were delayed and there was no feedback on answers. Topics were covered in a well paced manner.
R000140,12464686,ECE210,F04,2024-Autumn,1,2024-11-25,Classes were boring and monotonous. Study material was outdated. Thanks to Mr. Sandhu
R000333,12408675,CSE305,F02,2025-Spring,2,2025-02-10,Concepts were explained very clearly. Speed of teaching was average. Workload was balanced across the semester
R000269,12407100,MTH301,F06,2024-Autumn,3,2024-09-10,Evaluation criteria were never clear. Classes were interactive and interesting.
R000509,12414371,ECE330,F05,2025-Spring,5,2025-04-11,"The syllabus was covered way too fast, but classes were interactive and interesting. Really enjoyed this subject."
R001085,12434814,MTH202,F06,2026-Spring,5,2026-02-18,Workload was balanced across the semester.
R000891,12483130,CSE201,F01,2026-Spring,3,2026-04-06,Some sessions were interesting. Many concepts were not explained properly. Recorded lectures and study material helped a lot.
R000355,12432271,CSE305,F02,2025-Spring,4,2025-02-19,The faculty was not approachable when we had doubts. The workload was overwhelming alongside other courses. Thanks to Prof. Kulkarni.
R000544,12438890,MTH301,F06,2025-Spring,5,2025-04-16,Concepts were explained very clearly. Workload was balanced across the semester. Really enjoyed this subject
R000035,12444587,CSE201,F01,2024-Autumn,2,2024-10-23,The teaching lacked clarity and examples. Emails were never answered.
R000708,12482719,CSE310,F02,2025-Autumn,4,2025-11-19,Exams were of moderate difficulty. Thnaks to Prof. Kulkarni
R000401,12412899,CSE340,F03,2025-Spring,4,2025-02-18,The explanations were claer and well structured
R000153,12487782,ECE210,F04,2024-Autumn,3,2024-09-01,"A reasonable number of assignments and projects. The pace was okay, neither fast nor slow. The faculty was not approachable when we had doubts."
R000808,12414621,MTH202,F06,2025-Autumn,4,2025-11-22,Concepts were explained very clearly. Good reference material and lab resources were provided. The pace of the course was just right.
R001115,12458082,CSE310,F01,2024-Autumn,1,2024-09-16,"Submitted again by mistake, please ignore."
R000611,12441441,CSE201,F01,2025-Autumn,3,2025-11-06,Classes were interactive and interesting.
R000689,12494646,CSE310,F02,2025-Autumn,4,2025-09-13,grading felt unfair and marks were not explained.
R001024,12469615,ECE210,F04,2026-Spring,5,2026-03-02,The explanations were clear and well structured. Exams were fair and matched what was taught. Lectures moved at a comfortable speed and we never felt rushed.
R001030,12444313,ECE210,F04,2026-Spring,3,2026-04-15,Grading felt unfair and marks were not explained. The syllabus was covered way too fast. Classes were interactive and interesting.
R000671,12414371,CSE340,F03,2025-Autumn,1,2025-11-28,the teaching lacked clarity and examples. a reasonable number of assignments and projects. support was available sometimes. would not recommend it.
R000883,12485477,CSE201,F01,2026-Spring,4,2026-03-11,Good balance between depth and speed. Classes were interactive and interesting. Thanks to Dr. Sharma.
R001036,12415129,ECE210,F04,2026-Spring,4,2026-03-14,Exam questions were out of syllabus. Resources were adequate. Overall I am not satisfied with this course My number is 98667 21115.
R000922,12475880,CSE305,F02,2026-Spring,2,2026-02-07,Real world examples kept the class lively. The pace of the course was just right. You can contact me at arjun.gill60@gmail.com.
R000553,12464032,MTH301,F06,2025-Spring,4,2025-02-14,Grading was transparent and feedback was timely. My friend Aarav also felt the same.
R000766,12455333,ECE330,F05,2025-Autumn,4,2025-10-23,Quick replies to our queries and helpful guidance.
R000017,12474364,CSE201,F01,2024-Autumn,3,2024-10-10,Exam questions were out of syllabus. Workload was balanced across the semester.
R000660,12408834,CSE340,F03,2025-Autumn,4,2025-09-15,I could not understand most of the derivations.
R000274,12424356,CSE201,F01,2025-Spring,3,2025-04-28,The syllabus was covreed way too fast. Grading was transparent and feedback was timely
R000142,12409862,ECE210,F04,2024-Autumn,3,2024-09-24,Explanations were confusing and hard to follow. Classes were interactive and interesting.
R000564,12469514,MTH301,F06,2025-Spring,3,2025-04-17,Every doubt got cleared through simple examples. Real world examples kept the class lively.
R000060,12469163,CSE305,F02,2024-Autumn,2,2024-11-02,Quick replies to our queries and helpful guidance. Examples made difficult topics easy to understand.
R000098,12409862,CSE340,F03,2024-Autumn,2,2024-11-21,"The pace was okay, neither fast nor slow."
R000055,12415713,CSE305,F02,2024-Autumn,2,2024-10-03,"Results were delayed and there was no feedback on answers. It was hard to stay interested during sessions. Thanks to Prof. Kulkarni. Regards, Gurpreet Gill 12440685"
R000812,12449823,MTH202,F06,2025-Autumn,4,2025-09-16,Workload was average. Very supportive and encouraging towards students
R000453,12455461,ECE210,F04,2025-Spring,2,2025-03-22,Doubts were often ignored or brushed aside. Thanks to Mr. Sandhu.
R000826,12458800,MTH202,F06,2025-Autumn,4,2025-09-03,"The pace was okay, neither fast nor slow. Would recommend this course to others."
R000916,12484259,CSE305,F02,2026-Spring,3,2026-03-24,Projects took up far too much time. Materials were okay
R001063,12446357,ECE330,F05,2026-Spring,4,2026-03-25,"The sessions were engaging with lots of discussion, but evaluation criteria were never clear."
R000813,12484259,MTH202,F06,2025-Autumn,4,2025-09-14,Support was aavilable sometimes. The sessions were engaging with lots of discussion. Workload was average.
R000291,12405778,CSE201,F01,2025-Spring,2,2025-04-08,Doubts were often ignored or brushed aside. I could not understand most of the derivations.
R000257,12469615,MTH301,F06,2024-Autumn,4,2024-11-23,The sessions were engaging with lots of discussion. Thanks to Prof. Bedi.
R000735,12470686,ECE210,F04,2025-Autumn,3,2025-10-25,Explanations were confusing and hard to follow. Exam questions were out of syllabus. Overall it was an average course.
R000911,12441180,CSE305,F02,2026-Spring,4,2026-04-12,It was hard to stay interested during sessions. Good reference material and lab resources were provided. The teaching lacked clarity and examples. Overall a great course
R000929,12406175,CSE305,F02,2026-Spring,3,2026-04-20,Every doubt got cleared through simple examples.
R001027,12420374,ECE210,F04,2026-Spring,3,2026-03-11,Every doubt got cleared through simple examples. Recorded lectures and study material helped a lot. This course needs a lot of improvement.
R000330,12455296,CSE305,F02,2025-Spring,3,2025-02-12,"Exams were fair and matched what was taught, but many concepts were not explained properly. The assignment load was manageable. Overall a great course"
R000458,12476350,ECE210,F04,2025-Spring,4,2025-03-16,"Explanations were confusing and hard to follow, but very supportive and encouraging towards students. Too many assignments with very tight deadlines"
R000031,12405482,CSE201,F01,2024-Autumn,4,2024-11-13,The syllabus was covered way too fast. Deadlines were piled up one after another. Overall it was an average course.
R000829,12440404,MTH202,F06,2025-Autumn,3,2025-11-19,The evaluation pattern was standard
R000423,12438890,CSE310,F01,2025-Spring,2,2025-02-07,Classes were interactive and interesting. The faculty was very approachable and answered all our doubts
R000285,12492493,CSE201,F01,2025-Spring,5,2025-03-13,Lab systems were poor and resources insufficient.
R000245,12415014,MTH301,F06,2024-Autumn,3,2024-09-28,Lectures felt rushed and it was hard to keep up. Very supportive and encouraging towards students.
R000332,12470697,CSE305,F02,2025-Spring,2,2025-02-26,"too many assignments with very tight deadlines. explanations were confusing and hard to follow, but recorded lectures and study material helped a lot. really enjoyed this subject"
R000209,12472132,ECE330,F05,2024-Autumn,3,2024-09-24,A reasonable number of assignments and projects. Resources were adequate. Thakns to Dr. Malhotra.
R000372,12487538,CSE340,F03,2025-Spring,4,2025-03-02,"Recorded lectures and study material helped a lot. Workload was average. Emails were never answered, but overall a great course"
R001054,12455333,ECE330,F05,2026-Spring,4,2026-03-04,Some sessions were interesting. The pace of the course was just right.
R001026,12422431,ECE210,F04,2026-Spring,3,2026-02-21,Exam questions were out of syllabus. Thanks to Mr. Sandhu.
R000985,12453269,CSE310,F02,2026-Spring,2,2026-02-08,The sessions were engaging with lots of discussion.
R000267,12413238,MTH301,F06,2024-Autumn,5,2024-10-26,The explanations were clear and well structured
R000652,12455519,CSE305,F02,2025-Autumn,3,2025-11-18,"Concepts were explained very clearly, but deadlines were piled up one after another. No proper reference books were suggested. Thanks to Prof. Kulkarni."
R000194,12405229,ECE330,F05,2024-Autumn,4,2024-10-02,Every doubt got cleared through simple examples. Overall I am not satisfied with this course
R001081,12473000,MTH202,F06,2026-Spring,4,2026-03-18,It was hard to stay interested during sessions. Thanks to Prof. Bedi.
R000154,12470468,ECE210,F04,2024-Autumn,3,2024-10-18,Clarity of explanation was average. Overall it was an average course.
R000317,12441467,CSE201,F01,2025-Spring,3,2025-03-17,Concepts were explained very clearly. Classes were interactive and interesting.
R000831,12432742,MTH202,F06,2025-Autumn,4,2025-09-13,"Exams were fair and matched what was taught. The sessions were engaging with lots of discussion, but overall I am not satisfied with this course."
R000145,12418131,ECE210,F04,2024-Autumn,3,2024-11-20,The faculty was very approachable and answered all our doubts. Real world examples kept the class lively. A normal amount of assignments. Would not recommend it.
R000514,12492778,MTH202,F06,2025-Spring,3,2025-03-06,The faculty was not approachable when we had doubts. Engagement was average. Concepts were explained very clearly. This course needs a lot of improvement.
R000338,12464032,CSE305,F02,2025-Spring,5,2025-03-23,Deadlines were piled up one after another. Some sessions were interesting
R000886,12421579,CSE201,F01,2026-Spring,3,2026-02-08,Explanations were confusing and hard to follow. It was hard to stay interested during sessions. I am Diya Mehra from section K22AB.
R000711,12453883,CSE310,F02,2025-Autumn,3,2025-11-25,Study material was outdated. Too many assignments with very tight deadlines. There was no support for students who were struggling. Overall it was an average course.
R000379,12453883,CSE340,F03,2025-Spring,4,2025-04-14,Too many assignments with very tight deadlines.
R000662,12427607,CSE340,F03,2025-Autumn,3,2025-10-09,"There was no discussion or activity in class, but good reference material and lab resources were provided."
R000569,12413577,MTH301,F06,2025-Spring,2,2025-04-03,Slides were not shared on time. Evaluation criteria were never clear.
R000619,12495561,CSE201,F01,2025-Autumn,3,2025-10-17,Exams were of moderate difficulty. Classes were interactive and interesting
R000679,12424931,CSE310,F02,2025-Autumn,3,2025-11-26,"Good balance between depth and speed, but lectures were just slide reading with no interaction. Notes and slides shared were very useful"
R000773,12470644,ECE330,F05,2025-Autumn,5,2025-09-11,Doubts were often ignored or brushed aside. Explanations were confusing and hard to follow. Lectures moved at a comfortable speed and we never felt rushed. My friend Gurpreet also felt the same.
R000326,12432706,CSE305,F02,2025-Spring,3,2025-04-12,"Every doubt got cleared through simple examples, but classes were boring and monotonous. Emails were never answered."
R000866,12427460,CSE201,F01,2026-Spring,4,2026-04-19,"A reasonable number of assignments and projects. Notes and slides shared were very useful, but we skipped through important topics in a hurry."
R000536,12477924,MTH202,F06,2025-Spring,3,2025-04-12,Results were delayed and there was no feedback on answers. Workload was average. The faculty was very approachable and answered all our doubts.
R000099,12428080,CSE310,F01,2024-Autumn,2,2024-09-22,Explanations were confusing and hard to follow. Overall it was an average course.
R000756,12452565,ECE330,F05,2025-Autumn,3,2025-09-07,Engagement was average. Exams were fair and matched what was taught. Lectures moved at a comfortable speed and we nveer felt rushed.
R000977,12494163,CSE310,F02,2026-Spring,3,2026-03-02,Concepts were explained very clearly. Workload was average.
R001099,12414662,MTH202,F06,2026-Spring,4,2026-04-16,There was no discussion or activity in class. Some topics were clear and some were not. A reasonable number of assignments and projects. Thanks to Prof. Bedi.
R000100,12458800,CSE310,F01,2024-Autumn,4,2024-10-05,"Always available for doubt clearing after class, but I could not understand most of the derivations. Thanks to Dr. Sharma."
R001065,12487782,ECE330,F05,2026-Spring,4,2026-02-04,The sessions were engaging with lots of discussion.
R000445,12485649,ECE210,F04,2025-Spring,3,2025-03-01,Notes and slides shared were very useful. There was no discussion or activity in class.
R000256,12449009,MTH301,F06,2024-Autumn,4,2024-09-05,The teaching lacked clarity and examples.
R000225,12414621,MTH202,F06,2024-Autumn,4,2024-10-20,always available for doubt clearing after class. grading was transparent and feedback was timely.
R000701,12450019,CSE310,F02,2025-Autumn,3,2025-09-11,The assignment load was manageable. No proper reference books were suggested.
R000284,12434993,CSE201,F01,2025-Spring,4,2025-04-05,"Results were delayed and there was no feedback on answers. The teaching lacked clarity and examples, but topics were covered in a well paced manner"
R000528,12486374,MTH202,F06,2025-Spring,4,2025-02-17,Office hours existed but were rarely used. Good balance between depth and speed.
R000604,12435093,CSE201,F01,2025-Autumn,4,2025-09-27,"The pace was okay, niether fast nor slow"
R001116,12408834,CSE310,F02,2026-Spring,2,2026-03-10,"Submitted again by mistake, please ignore."
R000775,12431385,ECE330,F05,2025-Autumn,4,2025-09-16,Office hours existed but were rarely used. Grading was transparent and feedback was timely. Would recommend this course to others. Thanks to Dr. Malhotra.
R000923,12404207,CSE305,F02,2026-Spring,3,2026-02-01,Always available for doubt clearing after class. The pace of the course was just right.
R000042,12426685,CSE305,F02,2024-Autumn,2,2024-09-16,The pace was too slow and classes dragged on. Lectures were just slide reading with no interaction. Thanks to Prof. Kulkarni.
R001022,12497310,ECE210,F04,2026-Spring,2,2026-04-18,Classes were boring and monotonous. Would recommend this course to others. Thanks to Mr. Sandhu.
R000912,12499871,CSE305,F02,2026-Spring,2,2026-04-04,Lectures moved at a comfortable speed and we never felt rushed. Examples made difficult topics easy to understand.
R000265,12470855,MTH301,F06,2024-Autumn,3,2024-11-13,Grading was transparent and feedback was timely. Thanks to Prof. Bedi.
R000492,12488039,ECE330,F05,2025-Spring,4,2025-02-18,Workload was average. Good balance between depth and speed. Thanks to Dr. Malhotra.
R000436,12412097,ECE210,F04,2025-Spring,3,2025-02-01,There was no discussion or activity in class.
R000561,12408675,MTH301,F06,2025-Spring,3,2025-03-12,"Classes were boring and monotonous, but a reasonable number of assignments and projects. Exams were fair and matched what was taught."
R000991,12409287,CSE310,F02,2026-Spring,4,2026-02-08,Emails were never answered.
R000557,12431571,MTH301,F06,2025-Spring,3,2025-03-05,"Emails were never answered, but lectures moved at a comfortable speed and we never felt rushed."
R000864,12470381,CSE201,F01,2026-Spring,4,2026-03-25,Classes were interactive and interesting. The evaluation pattern was standard
R000345,12409602,CSE305,F02,2025-Spring,4,2025-02-15,"A reasonable number of assignments and projects, but no proper reference books were suggested. Lectures felt rushed and it was hard to keep up."
R000555,12483748,MTH301,F06,2025-Spring,4,2025-03-10,Concepts were explained very clearly. The evaluation pattern was standard. Doubts were often ignored or brushed aside.
R000910,12408981,CSE305,F02,2026-Spring,2,2026-02-26,Clarity of explanation was average. Deadlines were piled up one after another. Exams were fair and matched what was taught.
R000398,12432087,CSE340,F03,2025-Spring,1,2025-02-14,"Many concepts were not explained properly. Grading felt unfair and marks were not explained, but real world examples kept the class lively"
R000046,12464686,CSE305,F02,2024-Autumn,1,2024-10-28,The pace was too slow and classes dragged on.
R000633,12478504,CSE305,F02,2025-Autumn,2,2025-10-14,Quick replies to our queries and helpful guidance. Lectures moved at a comfortable speed and we never felt rushed. Thanks to Prof. Kulkarni.
R000734,12487841,ECE210,F04,2025-Autumn,2,2025-11-16,Concepts were explained very clearly. Classes were boring and monotonous. Overall I am not satisfied with this course.
R000471,12494098,ECE330,F05,2025-Spring,5,2025-04-23,Lectures moved at a comfortable speed and we never felt rushed.
R000816,12436930,MTH202,F06,2025-Autumn,3,2025-11-23,Evaluation criteria were never clear.
R000592,12486374,CSE201,F01,2025-Autumn,2,2025-10-16,We skipped through important topics in a hurry.
R000545,12470697,MTH301,F06,2025-Spring,3,2025-02-24,The pace of the course was just right. Concepts were explained very clearly.
R000690,12401267,CSE310,F02,2025-Autumn,2,2025-09-21,Grading was transparent and feedback was timely. Very supportive and encouraging towards students. This course needs a lot of improvement
R000924,12460068,CSE305,F02,2026-Spring,3,2026-03-07,There was no support for students who were struggling.
R000770,12494329,ECE330,F05,2025-Autumn,4,2025-11-19,Wokrload was balanced across the semester.
R000887,12431571,CSE201,F01,2026-Spring,3,2026-04-19,The faculty was very approachable and answered all our doubts. Clarity of explanation was average. Classes were interactive and interesting. Thanks to Dr. Sharma.
R000853,12474847,MTH301,F06,2025-Autumn,3,2025-09-17,The assignment load was manageable. Classes were interactive and interesting. Thanks to Prof. Bedi.
R000507,12432742,ECE330,F05,2025-Spring,5,2025-02-10,The sessions were engaging with lots of discussion. Always available for doubt clearing after calss
R000702,12421178,CSE310,F02,2025-Autumn,4,2025-11-27,"Lectures moved at a comfortable speed and we never felt rushed, but grading felt unfair and marks were not explained. Overall it was an average course."
R000143,12413473,ECE210,F04,2024-Autumn,2,2024-11-06,Explanations were confusing and hard to follow. No proper reference books were suggested. Thanks to Mr. Sandhu.
R000241,12408834,MTH301,F06,2024-Autumn,3,2024-11-24,"Doubts were often ignored or brushed aside, but every doubt got cleared through simple examples. We skipped through important topics in a hurry. My friend Simran also felt the same."
R000156,12432591,ECE210,F04,2024-Autumn,4,2024-10-23,The assignment load was manageable. Thanks to Mr. Sandhu.
R000643,12460589,CSE305,F02,2025-Autumn,2,2025-11-01,Quizzes helped us track our progress. The pace of the course was just right.
R000979,12424356,CSE310,F02,2026-Spring,5,2026-03-18,The assignment load was manageable. Classes were boring and monotonous
R001096,12487538,MTH202,F06,2026-Spring,3,2026-04-19,Very supportive and encouraging towards students. There was no discussion or activity in class.
R000394,12409880,CSE340,F03,2025-Spring,3,2025-03-15,"The pace was too slow and classes dragged on, but quizzes helped us track our progress. It was hard to stay interested during sessions."
R000095,12466562,CSE340,F03,2024-Autumn,3,2024-11-28,"Notes and slides shared were very useful, but emails were never answered."
R001113,12424050,MTH301,F06,2026-Spring,3,2026-02-27,"The pace of the course was just right. It was hard to stay interested during sessions, but examples made difficult topics easy to understand. Overall I am not satisfied with this course. Thanks to Prof. Bedi."
R000969,12448393,CSE310,F02,2026-Spring,3,2026-02-20,lab systems were poor and resources insufficient. lectures felt rushed and it was hard to keep up
R000804,12498771,MTH202,F06,2025-Autumn,4,2025-11-27,Support was available sometimes. Thanks to Prof. Bedi
R000416,12428016,CSE310,F01,2025-Spring,3,2025-02-03,"Notes and slides shared were very useful, but explanations were confusing and hard to follow. The pace was too slow and classes dragged on."
R000122,12458082,CSE310,F01,2024-Autumn,1,2024-09-16,Many concepts were not explained properly.
R000259,12428080,MTH301,F06,2024-Autumn,2,2024-09-05,Lab systems were poor and resources insufficient. Grading felt unfair and marks were not explained. Lectures moved at a comfortable speed and we never felt rushed.
R000125,12441104,CSE310,F01,2024-Autumn,3,2024-11-04,Eaxms were fair and matched what was taught.
R000093,12486752,CSE340,F03,2024-Autumn,2,2024-11-01,Always available for doubt clearing after class
R000582,12463653,MTH301,F06,2025-Spring,4,2025-04-26,The pace was too slow and classes dragged on. Really enjoyed this subject
R000874,12497647,CSE201,F01,2026-Spring,3,2026-03-01,quizzes helped us track our progress.
R000534,12482240,MTH202,F06,2025-Spring,4,2025-03-14,The evaluation pattern was standard
R000529,12455518,MTH202,F06,2025-Spring,3,2025-02-19,A reasonable number of assignments and projects My friend Aarav also felt the same.
R000004,12487416,CSE201,F01,2024-Autumn,2,2024-09-26,Some topics were clear and some were not. There was no support for students who were struggling.
R000005,12489166,CSE201,F01,2024-Autumn,3,2024-09-21,Good balance between depth and speed.
R000627,12466542,CSE305,F02,2025-Autumn,3,2025-09-09,Very supportive and encouraging towards students. Grading was transparent and feedback was timely.
R000927,12465909,CSE305,F02,2026-Spring,3,2026-03-26,Projetcs took up far too much time. It was hard to stay interested during sessions
R000608,12420033,CSE201,F01,2025-Autumn,1,2025-11-11,Classes were interactive and interesting. Would recmomend this course to others.
R001038,12423416,ECE210,F04,2026-Spring,2,2026-04-28,Results were delayed and there was no feedback on answers.
R000465,12439117,ECE330,F05,2025-Spring,4,2025-03-27,Lectures moved at a comfortable speed and we never felt rushed. No proper reference books were suggested. Grading was transparent and feedback was timely
R000413,12424957,CSE310,F01,2025-Spring,5,2025-04-18,Quizzes helped us track our progress. The explanations were clear and well structured.
R000823,12459929,MTH202,F06,2025-Autumn,4,2025-09-12,"Slides were not shared on time, but grading was transparent and feedback was timely. You can contact me at rohan.khanna18@gmail.com."
R000976,12469615,CSE310,F02,2026-Spring,3,2026-03-05,It was hard to stay interested during sessions. Grading felt unfair and marks were not explained. The workload was overwhelming alongside other courses.
R000871,12429451,CSE201,F01,2026-Spring,4,2026-02-09,Support was available sometimes. Grading was transparent and feedback was timely. Thanks to Dr. Sharma.
R000255,12446898,MTH301,F06,2024-Autumn,4,2024-10-08,real world examples kept the calss lively. the explanations were clear and well structured.
R000386,12421319,CSE340,F03,2025-Spring,4,2025-03-15,good reference material and lab resources were provided. really enjoyed this subject.
R000532,12489399,MTH202,F06,2025-Spring,5,2025-03-01,"Quick replies to our queries and helpful guidance, but there was no discussion or activity in class. Overall it was an average course."
R000562,12400942,MTH301,F06,2025-Spring,2,2025-03-05,"Quick replies to our queries and helpful guidance. Grading felt unfair and marks were not explained, but really enjoyed this subject."
R000019,12472420,CSE201,F01,2024-Autumn,3,2024-10-16,"Examples made difficult topics easy to understand. Topics were covered in a well paced manner, but would not recommend it. Thanks to Dr. Sharma."
R000022,12428080,CSE201,F01,2024-Autumn,1,2024-09-22,Many concepts were not explained properly. This course needs a lot of improvement
R000063,12453883,CSE305,F02,2024-Autumn,3,2024-10-12,It was hard to stay interested during sessions. The syllabus was covered way too fast. Explanations were confusing and hard to follow.
R000003,12447795,CSE201,F01,2024-Autumn,2,2024-10-15,Grading felt unfair and marks were not explained. Every duobt got cleared through simple examples.
R001049,12409358,ECE330,F05,2026-Spring,3,2026-04-06,Some topics were clear and some were not. Would recommend this course to others. Thanks to Dr. Malhotra.
R001047,12407592,ECE330,F05,2026-Spring,4,2026-04-02,We skipped through important topics in a hurry. Results were delayed and there was no feedback on answers. Thanks to Dr. Malhotra.
R001045,12474668,ECE210,F04,2026-Spring,2,2026-02-02,The explanations were clear and well structured.
R000002,12450019,CSE201,F01,2024-Autumn,4,2024-11-10,Too many assignments with very tight deadlines. Many concepts were not explained properly. Thanks to Dr. Sharma.
R000337,12486951,CSE305,F02,2025-Spring,2,2025-02-20,No proper reference books were suggested. Would not recommend it.
R000939,12407944,CSE340,F03,2026-Spring,5,2026-03-05,"Exam questions were out of syllabus, but lectures moved at a comfortable speed and we never felt rushed. The explanations were clear and well structured."
R000015,12406658,CSE201,F01,2024-Autumn,4,2024-09-16,Emails were never answered. The teaching lacked clarity and examples. The assignment load was manageable. Thanks to Dr. Sharma
R000824,12494163,MTH202,F06,2025-Autumn,2,2025-11-25,Lab systems were poor and resources insufficient
R000761,12461213,ECE330,F05,2025-Autumn,4,2025-11-13,Real world examples kept the class lively. Some topics were clear and some were not.
R000703,12434522,CSE310,F02,2025-Autumn,4,2025-11-20,"Deadlines were piled up one after another, but lectures moved at a comfortable speed and we never felt rushed. Grading was transparent and feedback was timely. Thanks to Prof. Kulkarni. I am Arjun Arora from section K22AB."
R000504,12431850,ECE330,F05,2025-Spring,4,2025-03-09,Recorded lectures and study material helped a lot. Classes were interactive and interesting. The workload was overwhelming alongside other courses.
R000745,12485717,ECE210,F04,2025-Autumn,2,2025-10-16,"there was no support for students who were struggling. every doubt got cleared through simple examples, but projects took up far too much time"
R000762,12481416,ECE330,F05,2025-Autumn,3,2025-11-23,The faculty was very approachable and answered all our doubts.
R001107,12437388,MTH202,F06,2026-Spring,4,2026-02-01,Evaluation criteria were never clear. Speed of teaching was average. Slides were not shared on time. My number is 99178 71678.
R000171,12456155,ECE210,F04,2024-Autumn,2,2024-10-09,Emails were never answered. Overall it was an average course
R000068,12404117,CSE305,F02,2024-Autumn,3,2024-10-09,Every doubt got cleared through simple examples
R000173,12466244,ECE210,F04,2024-Autumn,4,2024-10-12,"The sessions were engaging with lots of discussion, but deadlines were piled up one after another. This course needs a lot of improvement. Thanks to Mr. Sandhu."
R000892,12437930,CSE201,F01,2026-Spring,3,2026-03-28,a reasonable number of assignments and projects. it was hard to stay interested during sessions. this course needs a lot of improvement.
R000732,12495568,ECE210,F04,2025-Autumn,4,2025-11-11,"Every doubt got cleared through simple examples, but there was no support for students who were struggling. Would recommend this course to others."
R000152,12413238,ECE210,F04,2024-Autumn,3,2024-10-14,"Good balance between depth and speed, but there was no discussion or activity in class. No proper reference books were suggested I am Naman Bansal from section K22AB."
R001050,12427760,ECE330,F05,2026-Spring,3,2026-03-04,Quizzes helped us track our progress. Topics were covered in a well paced manner. Emails were never answered.
R001058,12456333,ECE330,F05,2026-Spring,3,2026-03-11,Quizzes helped us track our progress. Classes were interactive and interesting.
R000281,12434438,CSE201,F01,2025-Spring,3,2025-04-20,"Real world examples kept the class lively, but slides were not shared on time. Always available for doubt clearing after class."
R000327,12440404,CSE305,F02,2025-Spring,3,2025-04-01,Materials were okay. The sessions were engaging with lots of discussion. Overall I am not satisfied with this course
R000421,12453883,CSE310,F01,2025-Spring,2,2025-03-20,"The syllabus was covered way too fast, but a reasonable number of assignments and projects"
R000541,12472063,MTH202,F06,2025-Spring,4,2025-04-01,The faculty was very approachable and answered all our doubts. Exam questions were out of syllabus. Overall a great course.
R000588,12457912,MTH301,F06,2025-Spring,2,2025-03-08,Too many assignments with very tight deadlines. Emails were never answered.
R001032,12498771,ECE210,F04,2026-Spring,3,2026-02-04,"The explanations were clear and well structured. Quizzes helped us track our progress, but would not recommend it."
R000121,12479507,CSE310,F01,2024-Autumn,4,2024-10-04,Study material was outdated. Really enjoyed this subject
R000162,12420969,ECE210,F04,2024-Autumn,4,2024-09-24,"Lectures were just slide reading with no interaction, but the assignment load was manageable. Thanks to Mr. Sandhu."
R000517,12461993,MTH202,F06,2025-Spring,4,2025-03-15,Classes were boring and monotonous.
R000041,12434335,CSE305,F02,2024-Autumn,5,2024-11-09,Classes were interactive and interesting.
R000460,12411915,ECE210,F04,2025-Spring,1,2025-02-26,"Lectures were just slide reading with no interaction, but every doubt got cleared through simple examples."
R000943,12499871,CSE340,F03,2026-Spring,3,2026-03-08,Very supportive and encouraging towards students. Thanks to Dr. Iyer
R000865,12494329,CSE201,F01,2026-Spring,1,2026-02-20,Many concepts were not explained properly.
R000523,12447447,MTH202,F06,2025-Spring,3,2025-02-23,"Grading felt unfair and marks were not explained, but a reasonable number of assignments and projects. We skipped through important topics in a hurry."
R000889,12416828,CSE201,F01,2026-Spring,3,2026-03-07,"Results were delayed and there was no feedback on answers. Classes were boring and monotonous, but the faculty was very approachable and answered all our doubts."
R000918,12484696,CSE305,F02,2026-Spring,3,2026-02-06,"It was hard to stay interested during sessions. The pace was okay, neither fast nor slow. Overall it was an average course."
R000286,12488039,CSE201,F01,2025-Spring,4,2025-03-18,Workload was average. The pace of the course was just right. This course needs a lot of improvement.
R000236,12434522,MTH301,F06,2024-Autumn,3,2024-10-23,Always available for doubt clearing after class. The explanations were clear and well structured. Quizzes helped us track our progress
R000334,12420635,CSE305,F02,2025-Spring,3,2025-04-14,Concepts were explained very clearly.
R000805,12489733,MTH202,F06,2025-Autumn,4,2025-10-04,grading was transparent and feedback was timely. the pace of the course was just right. thanks to prof. bedi
R000203,12463699,ECE330,F05,2024-Autumn,3,2024-11-17,Classes were interactive and interesting. Examples made difficult topics easy to understand
R000131,12432742,CSE310,F01,2024-Autumn,3,2024-11-19,"A reasonable number of assignments and projects, but lab systems were poor and resources insufficient. Thanks to Dr. Sharma."
R000963,12485909,CSE340,F03,2026-Spring,3,2026-02-27,Good balance between depth and speed. Every doubt got cleared through simple examples. Classes were interactive and interesting.
R000984,12481416,CSE310,F02,2026-Spring,2,2026-03-10,The syllabus was covered way too fast. Concepts were explained very clearly. Doubts were often ignored or brushed aside.
R000623,12436930,CSE201,F01,2025-Autumn,3,2025-09-10,Many concepts were not explained properly. Thanks to Dr. Sharma.
R001076,12497154,ECE330,F05,2026-Spring,3,2026-04-16,Concepts were explained very clearly.
R000207,12432742,ECE330,F05,2024-Autumn,2,2024-11-02,"The pace of the course was just right, but grading felt unfair and marks were not explained. Clarity of explanation was average"
R000787,12498771,ECE330,F05,2025-Autumn,2,2025-10-11,Every doubt got cleared through simple examples. Good balance between depth and speed
R000989,12408834,CSE310,F02,2026-Spring,2,2026-03-10,There was no support for students who were struggling. Overall I am not satisfied with this course.
R000542,12450432,MTH202,F06,2025-Spring,2,2025-03-21,Some sessions were interesting. Every doubt got cleared through simple examples. Lectures moved at a comfortable speed and we never felt rushed
R000783,12421417,ECE330,F05,2025-Autumn,3,2025-09-09,No proper reference books were suggested.
R000744,12409287,ECE210,F04,2025-Autumn,4,2025-10-17,Lectures moved at a comfortable speed and we never felt rushed.
R000755,12442504,ECE330,F05,2025-Autumn,5,2025-09-04,Examples made difficult topics easy to understand. Speed of teaching was average. Overall a great course
R000585,12494329,MTH301,F06,2025-Spring,2,2025-02-01,"Study material was outdated. The pace was too slow and classes dragged on, but real world examples kept the class lively."
R000414,12405209,CSE310,F01,2025-Spring,4,2025-04-25,Grading was transparent and feedback was timely. Classes were boring and monotonous.
R001037,12441467,ECE210,F04,2026-Spring,4,2026-03-24,"Very supportive and encouraging towards students, but the teaching lacked clarity and examples."
R000045,12485717,CSE305,F02,2024-Autumn,4,2024-10-03,Very supportive and encouraging towards students.
R000949,12407989,CSE340,F03,2026-Spring,2,2026-03-02,"Projects took up far too much time, but grading was transparent and feedback was timely. The faculty was very approachable and answered all our doubts."
R000448,12412363,ECE210,F04,2025-Spring,3,2025-02-08,Grading felt unfair and marks were not explained. Explanations were confusing and hard to follow. The sessions were engaging with lots of discussion. Really enjoyed this subject
R000088,12473579,CSE340,F03,2024-Autumn,4,2024-09-14,Clarity of explanation was average. A reasonable number of assignments and projects
R000957,12445745,CSE340,F03,2026-Spring,3,2026-03-09,"The explanations were clear and well structured. Recorded lectures and study material helped a lot, but the faculty was not approachable when we had doubts."
R000581,12434973,MTH301,F06,2025-Spring,4,2025-04-08,The sessions were engaging with lots of discussion. Speed of teaching was average.
R000867,12487416,CSE201,F01,2026-Spring,4,2026-02-10,"Classes were interactive and interesting. Grading was transparent and feedback was timely. Lectures felt rushed and it was hard to keep up, but would recommend this course to others. Thanks to Dr. Sharma."
R000635,12485717,CSE305,F02,2025-Autumn,2,2025-10-17,Deadlines were piled up one after another. This course needs a lot of improvement.
R000299,12428746,CSE201,F01,2025-Spring,5,2025-03-19,Recorded lectures and study material helped a lot. The sessions were engaging with lots of discussion. The faculty was very approachable and answered all our doubts.
R000503,12434718,ECE330,F05,2025-Spring,3,2025-02-12,Real world examples kept the class lively
R000034,12445745,CSE201,F01,2024-Autumn,3,2024-10-10,Lectures were just slide reading with no interaction
R000586,12413473,MTH301,F06,2025-Spring,2,2025-02-19,The sessions were egnaging with lots of discussion.
R000113,12461953,CSE310,F01,2024-Autumn,3,2024-09-22,The faculty was very approachable and answered all our doubts. Good balance between depth and speed.
R000579,12453264,MTH301,F06,2025-Spring,3,2025-03-02,the pace of the course was just right. every doubt got cleared through simple examples.
R000091,12498419,CSE340,F03,2024-Autumn,3,2024-09-11,The evaluation pattern was standard.
R000947,12432742,CSE340,F03,2026-Spring,2,2026-02-04,The workload was overwhelming alongside other courses. The pace of the course was just right. Notes and slides shared were very useful.
R000674,12415713,CSE340,F03,2025-Autumn,2,2025-11-22,Classes were interactive and interesting.
R000841,12428785,MTH301,F06,2025-Autumn,4,2025-10-04,Grading felt unfair and marks were not explained. Topics were covered in a well paced manner.
R000449,12472309,ECE210,F04,2025-Spring,1,2025-03-13,Always available for doubt clearing after class. The assignment load was manageable.
R000237,12495561,MTH301,F06,2024-Autumn,4,2024-09-22,Grading was transparent and feedback was timely.
R000768,12494098,ECE330,F05,2025-Autumn,4,2025-10-03,"Support was available sometimes. Real world examples kept the class lively, but I could not understand most of the derivations"
R001124,12451088,XXX999,F01,2025-Spring,3,2025-03-04,No such course exists here.
R000958,12487841,CSE340,F03,2026-Spring,4,2026-04-22,Slides were not shared on time. The teaching lacked clarity and examples. Emalis were never answered.
R000266,12427535,MTH301,F06,2024-Autumn,3,2024-11-23,Support was available sometimes.
R000468,12472063,ECE330,F05,2025-Spring,3,2025-02-21,Resources were adequate. Many concepts were not explanied properly. Thanks to Dr. Malhotra.
R000320,12470468,CSE201,F01,2025-Spring,4,2025-03-14,Lectures moved at a comfortable speed and we never felt rushed
R000276,12452296,CSE201,F01,2025-Spring,4,2025-04-27,The sessions were engaging with lots of discussion. A reasonable number of assigmnents and projects.
R000539,12412224,MTH202,F06,2025-Spring,3,2025-04-01,The sessions were engaging with lots of discussion. The explanations were clear and well structured
R000513,12449672,ECE330,F05,2025-Spring,4,2025-03-03,Classes were interactive and interesting. Thanks to Dr. Malhotra.
R000010,12432493,CSE201,F01,2024-Autumn,2,2024-10-09,The faculty was very approachable and answered all our doubts. Would recommend this course to others.
R000061,12467839,CSE305,F02,2024-Autumn,2,2024-11-26,"Lectures were just slide reading with no interaction, but quizzes helped us track our progress."
R001055,12466540,ECE330,F05,2026-Spring,3,2026-02-01,Quizzes helped us track our progress. Concepts were explained very clearly
R000475,12434973,ECE330,F05,2025-Spring,3,2025-03-13,Quizzes helped us track our progress.
R000996,12430007,CSE310,F02,2026-Spring,2,2026-02-17,support was available sometimes.
R000130,12478504,CSE310,F01,2024-Autumn,2,2024-09-25,I could not understand most of the derivations
R000432,12486474,CSE310,F01,2025-Spring,1,2025-02-28,the teaching lacked clarity and examples. there was no discussion or activity in class.
R000967,12449009,CSE340,F03,2026-Spring,2,2026-04-13,Notes and slides shared were very useful. The explanations were clear and well structured. There was no discussion or activity in class. Would not recommend it.
R000527,12415860,MTH202,F06,2025-Spring,3,2025-03-07,Every doubt got cleared through simple examples. Classes were interactive and interesting. Very supportive and encouraging towards students.
R000900,12430161,CSE201,F01,2026-Spring,3,2026-04-17,Many concepts were not explained properly.
R000811,12478104,MTH202,F06,2025-Autumn,2,2025-11-19,Lab systems were poor and resources insufficient. Results were delayed and there was no feedback on answers. The faculty was very approachable and answered all our doubts
R001110,12426772,MTH202,F06,2026-Spring,3,2026-03-18,Deadlines were piled up one after another.
R000570,12441347,MTH301,F06,2025-Spring,3,2025-03-13,Workload was balanced across the semester.
R000491,12488259,ECE330,F05,2025-Spring,4,2025-02-05,"Topics were covered in a well paced manner. Concepts were explained very clearly, but slides were not shared on time."
R000262,12447795,MTH301,F06,2024-Autumn,3,2024-11-28,No proper reference books were suggested.
R000424,12452296,CSE310,F01,2025-Spring,4,2025-02-27,many concepts were not explained properly
R000907,12472512,CSE305,F02,2026-Spring,3,2026-03-19,We skipped through important topics in a hurry
R000549,12463092,MTH301,F06,2025-Spring,2,2025-04-24,The sessions were engaging with lots of discussion. Good reference material and lab resources were provided. Really enjoyed this subject.
R000822,12466542,MTH202,F06,2025-Autumn,3,2025-09-10,Real world examples kept the class lively. A normal amount of assignments. This course needs a lot of improvement.
R000622,12465909,CSE201,F01,2025-Autumn,3,2025-11-22,The pace was too slow and classes dragged on. Some sessions were interesting.
R000988,12430021,CSE310,F02,2026-Spring,2,2026-04-02,Quick replies to our queries and helpful guidance.
R000293,12483136,CSE201,F01,2025-Spring,3,2025-04-10,Good balance between depth and speed. Workload was balanced across the semester. Concepts were explained very clearly. You can contact me at kavya.chopra97@gmail.com.
R000720,12483227,ECE210,F04,2025-Autumn,2,2025-09-15,Good balance between depth and speed. There was no discussion or activity in class.
R000776,12466540,ECE330,F05,2025-Autumn,3,2025-09-25,"lectures were just slide reading with no interaction, but quizzes helped us track our progress"
R000415,12470010,CSE310,F01,2025-Spring,4,2025-04-14,Grading was transparent and feedback was timely.
R000902,12435382,CSE201,F01,2026-Spring,3,2026-02-27,Workload was balanced across the semester. Exams were fair and matched what was taught
R000937,12431571,CSE340,F03,2026-Spring,1,2026-04-15,"The pace was okay, neither fast nor slow. Good reference material and lab resources were provided."
R001095,12495673,MTH202,F06,2026-Spring,3,2026-03-06,Examples made difficult topics easy to understand.
R000825,12467391,MTH202,F06,2025-Autumn,4,2025-11-02,Real world examples kept the class lively. A reasonable number of assignments and projects.
R000175,12471511,ECE330,F05,2024-Autumn,4,2024-11-13,"Deadlines were piled up one after another, but the explanations were clear and well structured."
R000094,12494811,CSE340,F03,2024-Autumn,4,2024-11-04,The faculty was very approachable and answered all our doubts.
R000862,12413238,CSE201,F01,2026-Spring,4,2026-02-13,The pace of the course was just right. Some sessions were interesting. Thanks to Dr. Sharma.
R000596,12464686,CSE201,F01,2025-Autumn,3,2025-11-03,I could not understand most of the derivations. Speed of teaching was average. Exams were fair and matched what was taught
R000550,12469822,MTH301,F06,2025-Spring,4,2025-03-21,Examples made difficult topics easy to understand. The faculty was very approachable and answered all our doubts.
R000328,12417601,CSE305,F02,2025-Spring,2,2025-03-21,slides were not shared on time. My friend Kavya also felt the same.
R000114,12438890,CSE310,F01,2024-Autumn,3,2024-10-15,Always available for doubt clearing after class. Classes were boring and monotonous
R001062,12450432,ECE330,F05,2026-Spring,5,2026-03-17,The workload was overwhelming alongside other courses. Overall I am not satisfied with this course
R000589,12495748,MTH301,F06,2025-Spring,3,2025-04-27,Real world examples kept the class lively. Speed of teaching was average.
R000931,12487782,CSE340,F03,2026-Spring,3,2026-02-13,"Recorded lectures and study material helped a lot, but too many assignments with very tight deadlines. Thanks to Dr. Iyer."
R000109,12477128,CSE310,F01,2024-Autumn,4,2024-11-25,The faculty was not approachable when we had doubts.
R001019,12439240,ECE210,F04,2026-Spring,2,2026-02-12,The teaching lacked clraity and examples.
R000038,12451876,CSE305,F02,2024-Autumn,2,2024-11-24,"Good balance between depth and speed, but this course needs a lot of improvement."
R000392,12479818,CSE340,F03,2025-Spring,2,2025-02-26,There was no support for students who were struggling. Lectures were just slide reading with no interaction. The explanations were clear and well structured
R001087,12453269,MTH202,F06,2026-Spring,3,2026-04-08,Support was available sometimes. The evaluation pattern was standard
R000360,12464686,CSE305,F02,2025-Spring,3,2025-02-14,"Materials were okay. Always available for doubt clearing after class, but would not recommend it. I am Vivaan Khanna from section K22AB."
R000554,12421798,MTH301,F06,2025-Spring,4,2025-02-16,"The sessions were engaging with lots of discussion, but lectures felt rushed and it was hard to keep up."
R000599,12405482,CSE201,F01,2025-Autumn,2,2025-10-20,Classes were interactive and interesting. Topics were covered in a well paced manner. The workload was overwhelming alongside other courses
R000368,12406658,CSE340,F03,2025-Spring,1,2025-02-12,The pace was too slow and classes dragged on. Lectures were just slide reading with no interaction
R000709,12443719,CSE310,F02,2025-Autumn,4,2025-11-05,We skipped through important topics in a hurry. Examples made difficult topics easy to understand. Thanks to Prof. Kulkarni
R000848,12418373,MTH301,F06,2025-Autumn,3,2025-09-27,Examples made difficult topics easy to understand.
R001109,12405229,MTH202,F06,2026-Spring,5,2026-04-06,A normal amount of assignments. Classes were interactive and interesting.
R000993,12481183,CSE310,F02,2026-Spring,4,2026-03-11,The sessions were engaging with lots of discussion
R000138,12497647,CSE310,F01,2024-Autumn,5,2024-09-04,"exams were fair and matched what was taught, but we skipped through important topics in a hurry. overall i am not satisfied with this course"
R000694,12427869,CSE310,F02,2025-Autumn,4,2025-11-14,We skipped through important topics in a hurry. There was no discussion or activity in class. Really enjoyed this subject
R001092,12404722,MTH202,F06,2026-Spring,4,2026-03-24,The assignment load was manageable. Quick replies to our queries and helpful guidance. Concepts were explained very clearly.
R000571,12404207,MTH301,F06,2025-Spring,5,2025-04-01,"The pace was okay, neither fast nor slow. Classes were inetractive and interesting."
R000738,12471066,ECE210,F04,2025-Autumn,2,2025-10-15,"Doubts were often ignored or brushed aside, but examples made difficult topics easy to understand. Workload was balanced across the semester."
R000308,12486163,CSE201,F01,2025-Spring,2,2025-04-25,Explanations were confusing and hard to follow. Topics were covered in a well paced manner. Thanks to Dr. Sharma
R000838,12476350,MTH301,F06,2025-Autumn,5,2025-10-11,Examples made difficult topics easy to understand. This course needs a lot of improvement.
R000618,12497912,CSE201,F01,2025-Autumn,5,2025-10-24,Very supportive and encouragnig towards students.
R000477,12488501,ECE330,F05,2025-Spring,4,2025-02-06,"Clarity of explanation was average. The pace was okay, neither fast nor slow. Very supportive and encouraging towards students"
R000668,12472420,CSE340,F03,2025-Autumn,2,2025-09-09,Deadlines were piled up one after another.
R000081,12428534,CSE340,F03,2024-Autumn,4,2024-09-05,Engagement was average. There was no support for students who were struggling. Really enjoyed this subject
R001048,12434973,ECE330,F05,2026-Spring,3,2026-02-08,Exams were fair and matched what was taught
R000482,12452923,ECE330,F05,2025-Spring,3,2025-04-08,Real world examples kept the class lively. Workload was average. Notes and slides shared were very useful.
R000134,12409071,CSE310,F01,2024-Autumn,4,2024-10-21,"Emails were never answered. Explanations were confusing and hard to follow, but quizzes helped us tarck our progress."
R001057,12416704,ECE330,F05,2026-Spring,4,2026-04-15,Every doubt got cleared through simple examples. Very supportive and encouraging towards students. The sessions were engaging with lots of discussion. Would recommend this course to others.
R001015,12493447,ECE210,F04,2026-Spring,3,2026-03-15,A normal amount of assignments. Every doubt got cleared through simple examples. Exams were fair and matched what was taught.
R000097,12407592,CSE340,F03,2024-Autumn,4,2024-09-14,"Deadlines were piled up one after another, but really enjoyed this subject. Thanks to Dr. Iyer."
R000324,12470855,CSE201,F01,2025-Spring,3,2025-04-02,classes were interactive and interesting. some topics were clear and some were not.
R000362,12470381,CSE305,F02,2025-Spring,2,2025-03-18,"Lectures were just slide reading with no interaction, but examples made difficult topics easy to understand."
R000641,12428746,CSE305,F02,2025-Autumn,3,2025-11-25,I could not understand most of the derivations. Exams were of moderate difficulty. It was hard to stay inteersted during sessions.
R000657,12461993,CSE340,F03,2025-Autumn,3,2025-10-19,Notes and slides shared were very useful
R000431,12469352,CSE310,F01,2025-Spring,3,2025-04-24,Very supportive and encouraging towards students.
R000188,12469329,ECE330,F05,2024-Autumn,2,2024-09-28,Exams were of moderate difficulty. Overall it was an average course.
R000691,12481183,CSE310,F02,2025-Autumn,3,2025-11-11,Quick replies to our queries and helpful guidance.
R000214,12463653,MTH202,F06,2024-Autumn,4,2024-09-08,The assignment load was manageable.
R000024,12406630,CSE201,F01,2024-Autumn,3,2024-11-02,I could not understand most of the derivations. Speed of teaching was average. I am Kavya Verma from section K22AB.
R000632,12490111,CSE305,F02,2025-Autumn,4,2025-09-20,It was hard to stay interested during sessions. Quizzes helped us track our progress. Thanks to Prof. Kulkarni
R000385,12439117,CSE340,F03,2025-Spring,2,2025-03-18,Speed of teaching was average. Results were delayed and there was no feedback on answers. The sessions were engaging with lots of discussion.
R000185,12491303,ECE330,F05,2024-Autumn,4,2024-11-03,"The sessions were engaging with lots of discussion. Notes and slides shared were very useful. Regards, Vivaan Gill 12475255"
R000905,12441467,CSE201,F01,2026-Spring,3,2026-04-04,Concepts were explained very clearly.
R000486,12490198,ECE330,F05,2025-Spring,3,2025-04-08,The sessions were enggaing with lots of discussion. Quizzes helped us track our progress
R000863,12449823,CSE201,F01,2026-Spring,4,2026-04-28,always available for doubt clearing after class. overall a great course.
R000817,12466562,MTH202,F06,2025-Autumn,4,2025-11-15,The syllabus was covered way too fast. Materials were okay.
R000457,12408981,ECE210,F04,2025-Spring,2,2025-04-04,Slides were not shared on time. Thanks to Mr. Sandhu
R000844,12477128,MTH301,F06,2025-Autumn,3,2025-09-26,Explanations were confusing and hard to follow. We skipped through important topics in a hurry.
R000760,12420289,ECE330,F05,2025-Autumn,4,2025-10-21,Doubts were often ignored or brushed aside. No proper reference books were suggested.
R000313,12471511,CSE201,F01,2025-Spring,2,2025-02-03,The syllabus was covered way too fast.
R000279,12407665,CSE201,F01,2025-Spring,4,2025-04-20,Too many assignments with very tight deadlines. Quizzes helped us track our progress. Thanks to Dr. Sharma.
R000598,12431385,CSE201,F01,2025-Autumn,1,2025-09-17,Many concepts were not explained properly. Projects took up far too much time
R000018,12408326,CSE201,F01,2024-Autumn,5,2024-11-25,The pace of the course was just right.
R000748,12451856,ECE210,F04,2025-Autumn,4,2025-09-11,"The assignment load was manageable, but this cousre needs a lot of improvement."
R000681,12483136,CSE310,F02,2025-Autumn,3,2025-10-11,Some topics were clear and some were not.
R000959,12459929,CSE340,F03,2026-Spring,3,2026-04-17,Quizzes helped us track our progress.
R000936,12436930,CSE340,F03,2026-Spring,4,2026-03-18,The pace of the course was just right.
R000751,12435093,ECE330,F05,2025-Autumn,5,2025-11-28,"Examples made difficult topics easy to understand, but prjoects took up far too much time"
R000978,12409508,CSE310,F02,2026-Spring,2,2026-04-12,There was no discussion or activity in class.
R000146,12481416,ECE210,F04,2024-Autumn,4,2024-09-25,Support was available sometimes. You can contact me at gurpreet.khanna43@gmail.com.
R001046,12472512,ECE210,F04,2026-Spring,4,2026-03-15,Slides were not shared on time. The teaching lacked clarity and examples
R000774,12472309,ECE330,F05,2025-Autumn,4,2025-09-08,Classes were interactive and interesting. Concepts were explained very clearly. Always available for doubt clearing after class.
R000277,12489733,CSE201,F01,2025-Spring,4,2025-03-02,"The pace of the course was just right, but the teaching lacked clarity and examples. Exams were fair and matched what was taught. Overall a great course."
R000602,12493447,CSE201,F01,2025-Autumn,4,2025-11-01,"The teaching lacked clarity and examples, but exams were fair and matched what was taught. Always available for doubt clearing after class."
R000934,12459429,CSE340,F03,2026-Spring,2,2026-03-21,"The workload was overwhelming alongside other courses, but every doubt got cleared through simple examples."
R000220,12449009,MTH202,F06,2024-Autumn,3,2024-11-17,Examples made difficult topics easy to understand. Quick replies to our queries and helpful guidance
R000186,12421319,ECE330,F05,2024-Autumn,4,2024-09-01,Topics were covered in a well paced manner. Concepts were explained very clearly. Overall a great course.
R000351,12497310,CSE305,F02,2025-Spring,2,2025-03-18,The syllabus was covered way too fast. Very supportive and encouraging towards students. Some sessions were interesting.
R001004,12497647,ECE210,F04,2026-Spring,4,2026-02-03,Workload was balanced across the semester. The explanations were clear and well structured.
R000016,12442487,CSE201,F01,2024-Autumn,4,2024-10-18,Real world examples kept the class lively
R000407,12424931,CSE310,F01,2025-Spring,2,2025-04-07,Engagement was average
R000664,12459929,CSE340,F03,2025-Autumn,4,2025-09-11,Classes were interactive and interesting. The explanations were clear and well structured
R000096,12434438,CSE340,F03,2024-Autumn,4,2024-11-16,Workload was average. Always available for doubt clearing after class.
R000148,12406175,ECE210,F04,2024-Autumn,3,2024-10-11,"A reasonable number of assignments and projects, but evaluation criteria were never clear."
R000370,12431385,CSE340,F03,2025-Spring,4,2025-03-15,Good reference material and lab resources were provided. Grading was transparent and feedback was timely. There was no discussion or activity in class
R000189,12413238,ECE330,F05,2024-Autumn,3,2024-09-22,the sessions were engaging with lots of discussion. good reference material and lab resources were provided. thanks to dr. malhotra.
R000135,12434973,CSE310,F01,2024-Autumn,4,2024-09-02,"Always available for doubt clearing after class. The pace was okay, neither fast nor slow."
R001053,12435382,ECE330,F05,2026-Spring,3,2026-03-23,Explanations were confusing and hard to follow. Thanks to Dr. Malhotra
R000954,12449735,CSE340,F03,2026-Spring,3,2026-04-20,"Many concepts were not explained properly. Exam questions were out of syllabus, but the assignment load was manageable."
R000806,12400942,MTH202,F06,2025-Autumn,3,2025-11-17,Explanations were confusing and hard to follow
R000878,12436434,CSE201,F01,2026-Spring,5,2026-03-09,"There was no support for students who were struggling, but really enjoyed this subject"
R000301,12472309,CSE201,F01,2025-Spring,3,2025-04-08,Real world examples kept the class lively. Grading was transparent and feedback was timely. The teaching lacked clarity and examples.
R000309,12487538,CSE201,F01,2025-Spring,3,2025-02-17,"grading was transparent and feedback was timely. the pace of the coruse was just right, but would not recommend it. thanks to dr. sharma."
R000778,12449735,ECE330,F05,2025-Autumn,3,2025-11-17,Real world examples kept the class lively. Topics were covered in a well paced manner
R000231,12445745,MTH202,F06,2024-Autumn,4,2024-09-08,The assignment load was manageable. Topics were covered in a well paced manner. Classes were interactive and interesting.
R000845,12470686,MTH301,F06,2025-Autumn,3,2025-10-16,Study material was outdated.
R000149,12442504,ECE210,F04,2024-Autumn,1,2024-09-06,Concepts were explained very clearly. Notes and slides shared were very useful
R001002,12434718,ECE210,F04,2026-Spring,5,2026-03-27,The syllabus was covered way too fast. Thanks to Mr. Sandhu
R001007,12465612,ECE210,F04,2026-Spring,5,2026-04-17,Notes and slides shared were very useful. Exams were of moderate difficulty. Examples made difficult topics easy to understand
R000056,12408834,CSE305,F02,2024-Autumn,2,2024-09-15,No proper reference books were suggested. The syllabus was covered way too fast.
R000417,12448520,CSE310,F01,2025-Spring,5,2025-03-03,Exam questions were out of syllabus. Classes were interactive and interesting.
R000251,12413473,MTH301,F06,2024-Autumn,1,2024-10-02,Notes and slides shared were very useful
R000314,12412224,CSE201,F01,2025-Spring,2,2025-02-15,I could not understand most of the dreivations
R000526,12465435,MTH202,F06,2025-Spring,4,2025-03-09,Every doubt got cleared through simple examples. Engagemnet was average. A normal amount of assignments.
R000932,12470292,CSE340,F03,2026-Spring,3,2026-02-15,Explanations were confusing and hard to follow. Office hours existed but were rarely used.
R000013,12405229,CSE201,F01,2024-Autumn,4,2024-11-26,Good balance between depth and speed
R000971,12438890,CSE310,F02,2026-Spring,5,2026-02-28,the pace was too slow and classes dragged on.
R000141,12428080,ECE210,F04,2024-Autumn,4,2024-10-20,"Grading felt unfair and marks were not explained, but topics were covered in a well paced manner. Overall it was an average course. My number is 90948 32044."
R000343,12469163,CSE305,F02,2025-Spring,4,2025-03-19,The faculty was very approachable and answered all our doubts. The teaching lacked clarity and examples. Overall a great course
R000228,12418373,MTH202,F06,2024-Autumn,4,2024-10-19,"Real world examples kept the class lively, but the faculty was not approachable when we had doubts. A reasonable number of assignments and projects."
R001041,12436500,ECE210,F04,2026-Spring,3,2026-03-16,Speed of teaching was average. Examples made difficult topics easy to understand. Good reference material and lab resources were provided.
R000230,12431285,MTH202,F06,2024-Autumn,2,2024-10-14,The sessions were engaging with lots of discussion. Materials were okay.
R000835,12473519,MTH301,F06,2025-Autumn,3,2025-11-01,"Grading was transparent and feedback was timely, but the teaching lacked clarity and examples. Overall a great course."
R000573,12483886,MTH301,F06,2025-Spring,4,2025-03-10,Engagement was average. The syllabus was covered way too fast
R000648,12499693,CSE305,F02,2025-Autumn,2,2025-09-21,Workload was balanced across the semester
R000520,12440857,MTH202,F06,2025-Spring,4,2025-02-07,"Study material was outdated, but grading was transparent and feedback was timely. The explanations were clear and well structured I am Tanvi Khanna from section K22AB."
R000052,12472420,CSE305,F02,2024-Autumn,3,2024-11-15,No proper reefrence books were suggested.
R000246,12408907,MTH301,F06,2024-Autumn,4,2024-09-12,"Study material was outdated, but the explanations were clear and well structured."
R000381,12489353,CSE340,F03,2025-Spring,1,2025-03-28,"There was no discussion or activity in class, but lectures moved at a comfortable speed and we never felt rushed. Thanks to Dr. Iyer."
R000292,12401220,CSE201,F01,2025-Spring,4,2025-04-19,Recorded lectures and study material helped a lot. Quick replies to our queries and helpful guidance.
R001117,12495673,CSE305,F02,2025-Autumn,2,2025-09-06,"Submitted again by mistake, please ignore."
R000799,12409305,MTH202,F06,2025-Autumn,3,2025-10-26,Concepts were explained very clearly. Notes and slides shared were very useful
R000155,12478104,ECE210,F04,2024-Autumn,2,2024-10-18,No proper reference books were suggested. Lectures moved at a comfortable speed and we never felt rushed. The explanations were clear and well structured
R000968,12432742,CSE310,F02,2026-Spring,2,2026-03-11,Projects took up far too much time. Some sessions were interesting.
R001044,12437388,ECE210,F04,2026-Spring,2,2026-03-06,"Concepts were explained very clearly. Very supportive and encouraging towards students. Overall a great course. Regards, Kavya Bansal 12440635"
R000085,12470468,CSE340,F03,2024-Autumn,2,2024-11-22,"Good balance between depth and speed, but explanations were confusing and hard to follow. Grading felt unfair and marks were not explained."
R000780,12469329,ECE330,F05,2025-Autumn,5,2025-10-21,"It was hard to stay interested during sessions, but topics were covered in a well paced manner."
R000419,12444473,CSE310,F01,2025-Spring,4,2025-04-09,The faculty was very approachable and answered all our doubts. Grading was transparent and feedback was timely
R000224,12442504,MTH202,F06,2024-Autumn,3,2024-11-04,Very supportive and encouraging towards students. The sessions were engaging with lots of discussion.
R000192,12472512,ECE330,F05,2024-Autumn,4,2024-10-11,The faculty was not approachable when we had doubts. The pace of the course was just right. The assignment load was manageable.
R000329,12451856,CSE305,F02,2025-Spring,3,2025-03-15,Emails were never answered. The workload was overwhelming alongside other courses.
R000352,12432742,CSE305,F02,2025-Spring,2,2025-03-04,"Projects took up far too much time. There was no support for students who were struggling, but notes and slides shared were very useful."
R000925,12470686,CSE305,F02,2026-Spring,3,2026-03-13,There was no discussion or activity in class. The evaluation pattern was standard. Clarity of explanation was average. Thanks to Prof. Kulkarni.
R000071,12495932,CSE305,F02,2024-Autumn,2,2024-10-13,We skipped through important topics in a hurry. Classes were boring and monotonous. Would not rceommend it.
R000389,12409602,CSE340,F03,2025-Spring,5,2025-02-25,Recorded lectures and study material helped a lot. The faculty was very approachable and answered all our doubts
R000184,12456498,ECE330,F05,2024-Autumn,3,2024-10-07,Results were delayed and there was no feedback on answers. Many concepts were not explained properly.
R000946,12495748,CSE340,F03,2026-Spring,5,2026-03-14,Resources were adequate. You can contact me at tanvi.arora40@gmail.com.
R000443,12483748,ECE210,F04,2025-Spring,3,2025-02-04,"The faculty was very approachable and answered all our doubts, but many concepts were not explained properly. Exam questions were out of syllabus."
R000945,12421417,CSE340,F03,2026-Spring,3,2026-03-06,Grading was transparent and feedback was timely. Concepts were explained very clearly. Thanks to Dr. Iyer
R000054,12489593,CSE305,F02,2024-Autumn,1,2024-11-25,Lectures felt rushed and it was hard to keep up.
R000026,12420730,CSE201,F01,2024-Autumn,4,2024-10-21,"The faculty was very approachable and answered all our doubts. The sessions were enggaing with lots of discussion, but this course needs a lot of improvement."
R000684,12432087,CSE310,F02,2025-Autumn,5,2025-11-04,Explanations were confusing and hard to follow. Results were delayed and there was no feedback on answers.
R000280,12444942,CSE201,F01,2025-Spring,2,2025-02-24,I could not understand most of the derivations. The workload was overwhelming alongside other courses.
R000499,12494163,ECE330,F05,2025-Spring,3,2025-02-03,The sessions were enagging with lots of discussion. Examples made difficult topics easy to understand. Exams were fair and matched what was taught.
R001014,12405209,ECE210,F04,2026-Spring,3,2026-02-14,The assignment load was manageable. Quick replies to our queries and helpful guidance. Overall it was an average course
R000197,12426772,ECE330,F05,2024-Autumn,3,2024-11-21,Quizzes helped us track our progress. The sessions were engaging with lots of discussion.
R000123,12471200,CSE310,F01,2024-Autumn,3,2024-11-23,Support was available sometimes.
R000062,12400464,CSE305,F02,2024-Autumn,3,2024-11-14,Deadlines were piled up one after another. Some topics were clear and some were not.
R000642,12490422,CSE305,F02,2025-Autumn,2,2025-10-20,Workload was baalnced across the semester.
R000975,12420635,CSE310,F02,2026-Spring,2,2026-03-09,The fauclty was not approachable when we had doubts. My friend Harsh also felt the same.
R000953,12446438,CSE340,F03,2026-Spring,3,2026-02-22,Some sessions were interesting. Concepts were explained very clearly
R000695,12401504,CSE310,F02,2025-Autumn,4,2025-11-15,there was no discussion or activity in class. the syllabus was covered way too fast. the evaluation pattern was standard. thanks to prof. kulkarni.
R000021,12418301,CSE201,F01,2024-Autumn,4,2024-10-22,"emails were never answered, but grading was transparent and feedback was timely."
R000064,12401504,CSE305,F02,2024-Autumn,2,2024-11-20,The faculty was not approachable when we had doubts. The pace was too slow and classes dragged on. Many concepts were not explained properly. Overall it was an average course My number is 92449 71932.
R000839,12472309,MTH301,F06,2025-Autumn,4,2025-11-19,A reasonable number of assignments and projects.
R000403,12482240,CSE340,F03,2025-Spring,4,2025-04-03,Real world examples kept the class lively. Quizzes helped us track our progress
R000739,12421417,ECE210,F04,2025-Autumn,1,2025-09-05,Classes were boring and monotonous.
R000144,12483507,ECE210,F04,2024-Autumn,4,2024-09-14,"Explanations were confusing and hard to follow, but the pace of the course was just right. Overall I am not satisfied with this course. Thanks to Mr. Sandhu. I am Arjun Thakur from section K22AB."
R000278,12420635,CSE201,F01,2025-Spring,2,2025-03-11,i could not understand most of the derivations.
R000849,12420730,MTH301,F06,2025-Autumn,3,2025-11-17,Workload was balanced across the semester. The sessions were engaging with lots of discussion. Thanks to Prof. Bedi
R000801,12462493,MTH202,F06,2025-Autumn,2,2025-11-13,"Quick replies to our queries and helpful guidance. The explanations were clear and well structured, but lab systems were poor and resources insufficient. Overall a great course."
R000485,12426365,ECE330,F05,2025-Spring,3,2025-03-16,The faculty was not approachable when we had doubts. Lectures moved at a comfortable speed and we never felt rushed. Overall a great course.
R000687,12453354,CSE310,F02,2025-Autumn,1,2025-10-28,Workload was average. Exams were fair and matched what was taught.
R000066,12476350,CSE305,F02,2024-Autumn,2,2024-11-24,"The pace of the course was just right, but no proper reference books were suggested. Would not recommend it."
R000072,12480173,CSE340,F03,2024-Autumn,5,2024-11-18,Good balance between depth and speed.
R000311,12452581,CSE201,F01,2025-Spring,3,2025-04-23,support was available sometimes. grading was transparent and feedback was timely. would recommend this course to others
R000115,12452350,CSE310,F01,2024-Autumn,4,2024-09-19,I could not understand most of the derivations. The faculty was very approachable and answered all our doubts. Thanks to Dr. Sharma.
R000348,12420676,CSE305,F02,2025-Spring,3,2025-03-25,"The pace was okay, neither fast nor slow. Slides were not shared on time."
R000919,12447795,CSE305,F02,2026-Spring,4,2026-04-21,Speed of teaching was average. Quizzes helped us track our progress. Overall a great course.
R000818,12411226,MTH202,F06,2025-Autumn,5,2025-09-05,Projects took up far too much time. Results were delayed and there was no feedback on answers.
R000306,12408981,CSE201,F01,2025-Spring,3,2025-02-03,The syllabus was covered way too fast.
R000025,12481959,CSE201,F01,2024-Autumn,3,2024-10-10,The teaching lacked clarity and examples. A reasonable number of assignments and projects.
R000973,12407989,CSE310,F02,2026-Spring,4,2026-03-18,Exam questions were out of syllabus. Really enjoyed this subject
R000103,12435093,CSE310,F01,2024-Autumn,3,2024-09-18,I could not understand most of the derivations. The sessions were engaging with lots of discussion. Exams were fair and matched what was taught.
R000441,12409305,ECE210,F04,2025-Spring,4,2025-04-22,The sessions were engaging with lots of discussion. Every dobut got cleared through simple examples. The pace of the course was just right.
R000782,12446566,ECE330,F05,2025-Autumn,3,2025-10-07,"I could not understand most of the derivations, but notes and slides shared were very useful."
R000204,12488259,ECE330,F05,2024-Autumn,4,2024-09-13,too many assignments with very tight deadlines. the sessions were engaging with lots of discussion
R000884,12401220,CSE201,F01,2026-Spring,5,2026-02-03,"The pace was too slow and classes dragged on, but very supportive and encouraging towards students."
R001077,12446438,MTH202,F06,2026-Spring,4,2026-03-06,Workload was balanced across the semester. Real world examples kept the class lively.
R000784,12473792,ECE330,F05,2025-Autumn,3,2025-09-08,"The assignment load was manageable Regards, Simran Arora 12437249"
R000626,12449823,CSE305,F02,2025-Autumn,3,2025-09-06,"Classes were boring and monotonous. The pace was okay, neither fast nor slow. I could not understand most of the derivations."
R000395,12407592,CSE340,F03,2025-Spring,3,2025-02-03,"Good reference material and lab resources were provided, but evaluation criteria were never clear."
R000073,12418373,CSE340,F03,2024-Autumn,4,2024-10-15,Examples made difficult topics easy to understand
R000106,12407989,CSE310,F01,2024-Autumn,3,2024-10-06,Real world examples kept the class lively
R001093,12454948,MTH202,F06,2026-Spring,2,2026-02-19,Classes were boring and monotonous. Overall a great course
R000221,12484259,MTH202,F06,2024-Autumn,3,2024-11-26,"The pace was okay, neither fast nor slow. The evaluation pattern was standard"
R000205,12436500,ECE330,F05,2024-Autumn,4,2024-11-18,Quizzes helped us tarck our progress.
R000859,12418131,MTH301,F06,2025-Autumn,3,2025-10-17,Some topics were clear and some were not.
R000354,12400464,CSE305,F02,2025-Spring,2,2025-04-10,Deadlines were piled up one after another. Notes and slides shared were very useful.
R000439,12432706,ECE210,F04,2025-Spring,3,2025-02-01,exams were of moderate difficulty. some topics were claer and some were not. projects took up far too much time
R000543,12463788,MTH301,F06,2025-Spring,3,2025-02-12,the syllabus was covered way too fast. the faculty was very approachable and answered all our doubts
R000029,12428864,CSE201,F01,2024-Autumn,2,2024-11-25,"I could not understand most of the derivations, but topics were covered in a well paced manner."
R000594,12475880,CSE201,F01,2025-Autumn,3,2025-09-22,Good balance between depth and speed.
R000380,12443309,CSE340,F03,2025-Spring,3,2025-03-09,The pace of the course was just right.
R000296,12419536,CSE201,F01,2025-Spring,4,2025-02-03,"Office hours existed but were rarely used. Regards, Arjun Mehra 12486235"
R000612,12414663,CSE201,F01,2025-Autumn,2,2025-11-24,A reasonable number of assignments and projects.
R001016,12477992,ECE210,F04,2026-Spring,3,2026-04-03,The assignment load was manageable. The faculty was very approachable and answered all our doubts. Overall it was an average course.
R000161,12443719,ECE210,F04,2024-Autumn,1,2024-10-18,The explanations were clear and well structured
R000765,12413577,ECE330,F05,2025-Autumn,3,2025-11-10,Good reference material and lab resources were provided. Examples made difficult topics easy to understand
R000364,12409287,CSE305,F02,2025-Spring,2,2025-02-10,There was no support for students who were struggling. You can contact me at tanvi.arora97@gmail.com.
R000376,12416483,CSE340,F03,2025-Spring,3,2025-03-21,Classes were boring and monotonous. Good balance between depth and speed. The explanations were clear and well structured
R000420,12415014,CSE310,F01,2025-Spring,4,2025-03-10,"Always available for doubt clearing after class. Exam questions were out of syllabus, but really enjoyed this subject."
R000834,12484696,MTH301,F06,2025-Autumn,2,2025-11-25,Workload was average. Notes and slides shared were very useful. Quizzes helped us track our progress.
R000524,12414029,MTH202,F06,2025-Spring,4,2025-04-14,No proper reference books were suggested. Very supportive and encouraging towards students. Would recommend this course to others
