response_ref,course_code,faculty_id,semester,clauses_json,pii_strings
R000001,CSE201,F01,2024-Autumn,"[{""text"": ""The pace was too slow and classes dragged on."", ""theme"": ""pace"", ""sentiment"": ""neg""}]",
R000002,CSE201,F01,2024-Autumn,"[{""text"": ""Too many assignments with very tight deadlines."", ""theme"": ""workload"", ""sentiment"": ""neg""}, {""text"": ""Many concepts were not explained properly."", ""theme"": ""clarity"", ""sentiment"": ""neg""}, {""text"": ""Thanks to Dr. Sharma."", ""theme"": ""none"", ""sentiment"": ""neu""}]",
R000003,CSE201,F01,2024-Autumn,"[{""text"": ""Grading felt unfair and marks were not explained."", ""theme"": ""assessment"", ""sentiment"": ""neg""}, {""text"": ""Every doubt got cleared through simple examples."", ""theme"": ""clarity"", ""sentiment"": ""pos""}]",
R000004,CSE201,F01,2024-Autumn,"[{""text"": ""Some topics were clear and some were not."", ""theme"": ""clarity"", ""sentiment"": ""neu""}, {""text"": ""There was no support for students who were struggling."", ""theme"": ""support"", ""sentiment"": ""neg""}]",
R000005,CSE201,F01,2024-Autumn,"[{""text"": ""Good balance between depth and speed."", ""theme"": ""pace"", ""sentiment"": ""pos""}]",
R000006,CSE201,F01,2024-Autumn,"[{""text"": ""Resources were adequate."", ""theme"": ""resources"", ""sentiment"": ""neu""}, {""text"": ""Real world examples kept the class lively."", ""theme"": ""engagement"", ""sentiment"": ""pos""}, {""text"": ""Thanks to Dr. Sharma."", ""theme"": ""none"", ""sentiment"": ""neu""}]",
R000007,CSE201,F01,2024-Autumn,"[{""text"": ""Evaluation criteria were never clear."", ""theme"": ""assessment"", ""sentiment"": ""neg""}, {""text"": ""Resources were adequate."", ""theme"": ""resources"", ""sentiment"": ""neu""}, {""text"": ""The workload was overwhelming alongside other courses."", ""theme"": ""workload"", ""sentiment"": ""neg""}]",
R000008,CSE201,F01,2024-Autumn,"[{""text"": ""Lectures moved at a comfortable speed and we never felt rushed."", ""theme"": ""pace"", ""sentiment"": ""pos""}, {""text"": ""Every doubt got cleared through simple examples."", ""theme"": ""clarity"", ""sentiment"": ""pos""}, {""text"": ""Quick replies to our queries and helpful guidance."", ""theme"": ""support"", ""sentiment"": ""pos""}]",
R000009,CSE201,F01,2024-Autumn,"[{""text"": ""Good reference material and lab resources were provided."", ""theme"": ""resources"", ""sentiment"": ""pos""}, {""text"": ""Many concepts were not explained properly."", ""theme"": ""clarity"", ""sentiment"": ""neg""}]",
R000010,CSE201,F01,2024-Autumn,"[{""text"": ""The faculty was very approachable and answered all our doubts."", ""theme"": ""support"", ""sentiment"": ""pos""}, {""text"": ""Would recommend this course to others."", ""theme"": ""overall"", ""sentiment"": ""pos""}]",
R000011,CSE201,F01,2024-Autumn,"[{""text"": ""Classes were interactive and interesting."", ""theme"": ""engagement"", ""sentiment"": ""pos""}, {""text"": ""Explanations were confusing and hard to follow."", ""theme"": ""clarity"", ""sentiment"": ""neg""}]",
R000012,CSE201,F01,2024-Autumn,"[{""text"": ""Exams were fair and matched what was taught."", ""theme"": ""assessment"", ""sentiment"": ""pos""}]",
R000013,CSE201,F01,2024-Autumn,"[{""text"": ""Good balance between depth and speed."", ""theme"": ""pace"", ""sentiment"": ""pos""}]",
R000014,CSE201,F01,2024-Autumn,"[{""text"": ""Lab systems were poor and resources insufficient."", ""theme"": ""resources"", ""sentiment"": ""neg""}]",
R000015,CSE201,F01,2024-Autumn,"[{""text"": ""Emails were never answered."", ""theme"": ""support"", ""sentiment"": ""neg""}, {""text"": ""The teaching lacked clarity and examples."", ""theme"": ""clarity"", ""sentiment"": ""neg""}, {""text"": ""The assignment load was manageable."", ""theme"": ""workload"", ""sentiment"": ""pos""}, {""text"": ""Thanks to Dr. Sharma."", ""theme"": ""none"", ""sentiment"": ""neu""}]",
R000016,CSE201,F01,2024-Autumn,"[{""text"": ""Real world examples kept the class lively."", ""theme"": ""engagement"", ""sentiment"": ""pos""}]",
R000017,CSE201,F01,2024-Autumn,"[{""text"": ""Exam questions were out of syllabus."", ""theme"": ""assessment"", ""sentiment"": ""neg""}, {""text"": ""Workload was balanced across the semester."", ""theme"": ""workload"", ""sentiment"": ""pos""}]",
R000018,CSE201,F01,2024-Autumn,"[{""text"": ""The pace of the course was just right."", ""theme"": ""pace"", ""sentiment"": ""pos""}]",
R000019,CSE201,F01,2024-Autumn,"[{""text"": ""Examples made difficult topics easy to understand."", ""theme"": ""clarity"", ""sentiment"": ""pos""}, {""text"": ""Topics were covered in a well paced manner."", ""theme"": ""pace"", ""sentiment"": ""pos""}, {""text"": ""Would not recommend it."", ""theme"": ""overall"", ""sentiment"": ""neg""}, {""text"": ""Thanks to Dr. Sharma."", ""theme"": ""none"", ""sentiment"": ""neu""}]",
R000020,CSE201,F01,2024-Autumn,"[{""text"": ""I could not understand most of the derivations."", ""theme"": ""clarity"", ""sentiment"": ""neg""}, {""text"": ""Notes and slides shared were very useful."", ""theme"": ""resources"", ""sentiment"": ""pos""}, {""text"": ""Thanks to Dr. Sharma."", ""theme"": ""none"", ""sentiment"": ""neu""}]",
R000021,CSE201,F01,2024-Autumn,"[{""text"": ""Emails were never answered."", ""theme"": ""support"", ""sentiment"": ""neg""}, {""text"": ""Grading was transparent and feedback was timely."", ""theme"": ""assessment"", ""sentiment"": ""pos""}]",
R000022,CSE201,F01,2024-Autumn,"[{""text"": ""Many concepts were not explained properly."", ""theme"": ""clarity"", ""sentiment"": ""neg""}, {""text"": ""This course needs a lot of improvement."", ""theme"": ""overall"", ""sentiment"": ""neg""}]",
R000023,CSE201,F01,2024-Autumn,"[{""text"": ""Many concepts were not explained properly."", ""theme"": ""clarity"", ""sentiment"": ""neg""}]",
R000024,CSE201,F01,2024-Autumn,"[{""text"": ""I could not understand most of the derivations."", ""theme"": ""clarity"", ""sentiment"": ""neg""}, {""text"": ""Speed of teaching was average."", ""theme"": ""pace"", ""sentiment"": ""neu""}]",Kavya Verma|K22AB
R000025,CSE201,F01,2024-Autumn,"[{""text"": ""The teaching lacked clarity and examples."", ""theme"": ""clarity"", ""sentiment"": ""neg""}, {""text"": ""A reasonable number of assignments and projects."", ""theme"": ""workload"", ""sentiment"": ""pos""}]",
R000026,CSE201,F01,2024-Autumn,"[{""text"": ""The faculty was very approachable and answered all our doubts."", ""theme"": ""support"", ""sentiment"": ""pos""}, {""text"": ""The sessions were engaging with lots of discussion."", ""theme"": ""engagement"", ""sentiment"": ""pos""}, {""text"": ""This course needs a lot of improvement."", ""theme"": ""overall"", ""sentiment"": ""neg""}]",
R000027,CSE201,F01,2024-Autumn,"[{""text"": ""Topics were covered in a well paced manner."", ""theme"": ""pace"", ""sentiment"": ""pos""}, {""text"": ""I could not understand most of the derivations."", ""theme"": ""clarity"", ""sentiment"": ""neg""}, {""text"": ""Overall it was an average course."", ""theme"": ""overall"", ""sentiment"": ""neu""}]",
R000028,CSE201,F01,2024-Autumn,"[{""text"": ""Recorded lectures and study material helped a lot."", ""theme"": ""resources"", ""sentiment"": ""pos""}]",
R000029,CSE201,F01,2024-Autumn,"[{""text"": ""I could not understand most of the derivations."", ""theme"": ""clarity"", ""sentiment"": ""neg""}, {""text"": ""Topics were covered in a well paced manner."", ""theme"": ""pace"", ""sentiment"": ""pos""}]",
R000030,CSE201,F01,2024-Autumn,"[{""text"": ""Always available for doubt clearing after class."", ""theme"": ""support"", ""sentiment"": ""pos""}, {""text"": ""Many concepts were not explained properly."", ""theme"": ""clarity"", ""sentiment"": ""neg""}]",
R000031,CSE201,F01,2024-Autumn,"[{""text"": ""The syllabus was covered way too fast."", ""theme"": ""pace"", ""sentiment"": ""neg""}, {""text"": ""Deadlines were piled up one after another."", ""theme"": ""workload"", ""sentiment"": ""neg""}, {""text"": ""Overall it was an average course."", ""theme"": ""overall"", ""sentiment"": ""neu""}]",
R000032,CSE201,F01,2024-Autumn,"[{""text"": ""Real world examples kept the class lively."", ""theme"": ""engagement"", ""sentiment"": ""pos""}, {""text"": ""Office hours existed but were rarely used."", ""theme"": ""support"", ""sentiment"": ""neu""}, {""text"": ""Thanks to Dr. Sharma."", ""theme"": ""none"", ""sentiment"": ""neu""}]",
R000033,CSE201,F01,2024-Autumn,"[{""text"": ""We skipped through important topics in a hurry."", ""theme"": ""pace"", ""sentiment"": ""neg""}, {""text"": ""Grading was transparent and feedback was timely."", ""theme"": ""assessment"", ""sentiment"": ""pos""}, {""text"": ""Thanks to Dr. Sharma."", ""theme"": ""none"", ""sentiment"": ""neu""}]",
R000034,CSE201,F01,2024-Autumn,"[{""text"": ""Lectures were just slide reading with no interaction."", ""theme"": ""engagement"", ""sentiment"": ""neg""}]",
R000035,CSE201,F01,2024-Autumn,"[{""text"": ""The teaching lacked clarity and examples."", ""theme"": ""clarity"", ""sentiment"": ""neg""}, {""text"": ""Emails were never answered."", ""theme"": ""support"", ""sentiment"": ""neg""}]",
R000036,CSE201,F01,2024-Autumn,"[{""text"": ""Good reference material and lab resources were provided."", ""theme"": ""resources"", ""sentiment"": ""pos""}, {""text"": ""This course needs a lot of improvement."", ""theme"": ""overall"", ""sentiment"": ""neg""}]",
R000037,CSE305,F02,2024-Autumn,"[{""text"": ""Results were delayed and there was no feedback on answers."", ""theme"": ""assessment"", ""sentiment"": ""neg""}, {""text"": ""The assignment load was manageable."", ""theme"": ""workload"", ""sentiment"": ""pos""}]",
R000038,CSE305,F02,2024-Autumn,"[{""text"": ""Good balance between depth and speed."", ""theme"": ""pace"", ""sentiment"": ""pos""}, {""text"": ""This course needs a lot of improvement."", ""theme"": ""overall"", ""sentiment"": ""neg""}]",
R000039,CSE305,F02,2024-Autumn,"[{""text"": ""Quick replies to our queries and helpful guidance."", ""theme"": ""support"", ""sentiment"": ""pos""}]",
R000040,CSE305,F02,2024-Autumn,"[{""text"": ""Slides were not shared on time."", ""theme"": ""resources"", ""sentiment"": ""neg""}, {""text"": ""Office hours existed but were rarely used."", ""theme"": ""support"", ""sentiment"": ""neu""}, {""text"": ""Really enjoyed this subject."", ""theme"": ""overall"", ""sentiment"": ""pos""}]",
R000041,CSE305,F02,2024-Autumn,"[{""text"": ""Classes were interactive and interesting."", ""theme"": ""engagement"", ""sentiment"": ""pos""}]",
R000042,CSE305,F02,2024-Autumn,"[{""text"": ""The pace was too slow and classes dragged on."", ""theme"": ""pace"", ""sentiment"": ""neg""}, {""text"": ""Lectures were just slide reading with no interaction."", ""theme"": ""engagement"", ""sentiment"": ""neg""}, {""text"": ""Thanks to Prof. Kulkarni."", ""theme"": ""none"", ""sentiment"": ""neu""}]",
R000043,CSE305,F02,2024-Autumn,"[{""text"": ""Doubts were often ignored or brushed aside."", ""theme"": ""support"", ""sentiment"": ""neg""}, {""text"": ""Workload was average."", ""theme"": ""workload"", ""sentiment"": ""neu""}]",harsh.thakur63@gmail.com
R000044,CSE305,F02,2024-Autumn,"[{""text"": ""The pace was too slow and classes dragged on."", ""theme"": ""pace"", ""sentiment"": ""neg""}, {""text"": ""The explanations were clear and well structured."", ""theme"": ""clarity"", ""sentiment"": ""pos""}]",
R000045,CSE305,F02,2024-Autumn,"[{""text"": ""Very supportive and encouraging towards students."", ""theme"": ""support"", ""sentiment"": ""pos""}]",
R000046,CSE305,F02,2024-Autumn,"[{""text"": ""The pace was too slow and classes dragged on."", ""theme"": ""pace"", ""sentiment"": ""neg""}]",
R000047,CSE305,F02,2024-Autumn,"[{""text"": ""Engagement was average."", ""theme"": ""engagement"", ""sentiment"": ""neu""}, {""text"": ""Quizzes helped us track our progress."", ""theme"": ""assessment"", ""sentiment"": ""pos""}]",
R000048,CSE305,F02,2024-Autumn,"[{""text"": ""Too many assignments with very tight deadlines."", ""theme"": ""workload"", ""sentiment"": ""neg""}, {""text"": ""It was hard to stay interested during sessions."", ""theme"": ""engagement"", ""sentiment"": ""neg""}, {""text"": ""Would recommend this course to others."", ""theme"": ""overall"", ""sentiment"": ""pos""}]",Arjun
R000049,CSE305,F02,2024-Autumn,"[{""text"": ""Explanations were confusing and hard to follow."", ""theme"": ""clarity"", ""sentiment"": ""neg""}, {""text"": ""Support was available sometimes."", ""theme"": ""support"", ""sentiment"": ""neu""}]",
R000050,CSE305,F02,2024-Autumn,"[{""text"": ""We skipped through important topics in a hurry."", ""theme"": ""pace"", ""sentiment"": ""neg""}]",
R000051,CSE305,F02,2024-Autumn,"[{""text"": ""Every doubt got cleared through simple examples."", ""theme"": ""clarity"", ""sentiment"": ""pos""}]",
R000052,CSE305,F02,2024-Autumn,"[{""text"": ""No proper reference books were suggested."", ""theme"": ""resources"", ""sentiment"": ""neg""}]",
R000053,CSE305,F02,2024-Autumn,"[{""text"": ""Recorded lectures and study material helped a lot."", ""theme"": ""resources"", ""sentiment"": ""pos""}, {""text"": ""The syllabus was covered way too fast."", ""theme"": ""pace"", ""sentiment"": ""neg""}, {""text"": ""It was hard to stay interested during sessions."", ""theme"": ""engagement"", ""sentiment"": ""neg""}]",
R000054,CSE305,F02,2024-Autumn,"[{""text"": ""Lectures felt rushed and it was hard to keep up."", ""theme"": ""pace"", ""sentiment"": ""neg""}]",
R000055,CSE305,F02,2024-Autumn,"[{""text"": ""Results were delayed and there was no feedback on answers."", ""theme"": ""assessment"", ""sentiment"": ""neg""}, {""text"": ""It was hard to stay interested during sessions."", ""theme"": ""engagement"", ""sentiment"": ""neg""}, {""text"": ""Thanks to Prof. Kulkarni."", ""theme"": ""none"", ""sentiment"": ""neu""}]",Gurpreet Gill|12440685
R000056,CSE305,F02,2024-Autumn,"[{""text"": ""No proper reference books were suggested."", ""theme"": ""resources"", ""sentiment"": ""neg""}, {""text"": ""The syllabus was covered way too fast."", ""theme"": ""pace"", ""sentiment"": ""neg""}]",
R000057,CSE305,F02,2024-Autumn,"[{""text"": ""Study material was outdated."", ""theme"": ""resources"", ""sentiment"": ""neg""}]",
R000058,CSE305,F02,2024-Autumn,"[{""text"": ""The teaching lacked clarity and examples."", ""theme"": ""clarity"", ""sentiment"": ""neg""}, {""text"": ""The assignment load was manageable."", ""theme"": ""workload"", ""sentiment"": ""pos""}]",
R000059,CSE305,F02,2024-Autumn,"[{""text"": ""No proper reference books were suggested."", ""theme"": ""resources"", ""sentiment"": ""neg""}, {""text"": ""Concepts were explained very clearly."", ""theme"": ""clarity"", ""sentiment"": ""pos""}]",
R000060,CSE305,F02,2024-Autumn,"[{""text"": ""Quick replies to our queries and helpful guidance."", ""theme"": ""support"", ""sentiment"": ""pos""}, {""text"": ""Examples made difficult topics easy to understand."", ""theme"": ""clarity"", ""sentiment"": ""pos""}]",
R000061,CSE305,F02,2024-Autumn,"[{""text"": ""Lectures were just slide reading with no interaction."", ""theme"": ""engagement"", ""sentiment"": ""neg""}, {""text"": ""Quizzes helped us track our progress."", ""theme"": ""assessment"", ""sentiment"": ""pos""}]",
R000062,CSE305,F02,2024-Autumn,"[{""text"": ""Deadlines were piled up one after another."", ""theme"": ""workload"", ""sentiment"": ""neg""}, {""text"": ""Some topics were clear and some were not."", ""theme"": ""clarity"", ""sentiment"": ""neu""}]",
R000063,CSE305,F02,2024-Autumn,"[{""text"": ""It was hard to stay interested during sessions."", ""theme"": ""engagement"", ""sentiment"": ""neg""}, {""text"": ""The syllabus was covered way too fast."", ""theme"": ""pace"", ""sentiment"": ""neg""}, {""text"": ""Explanations were confusing and hard to follow."", ""theme"": ""clarity"", ""sentiment"": ""neg""}]",
R000064,CSE305,F02,2024-Autumn,"[{""text"": ""The faculty was not approachable when we had doubts."", ""theme"": ""support"", ""sentiment"": ""neg""}, {""text"": ""The pace was too slow and classes dragged on."", ""theme"": ""pace"", ""sentiment"": ""neg""}, {""text"": ""Many concepts were not explained properly."", ""theme"": ""clarity"", ""sentiment"": ""neg""}, {""text"": ""Overall it was an average course."", ""theme"": ""overall"", ""sentiment"": ""neu""}]",9244971932|92449 71932
R000065,CSE305,F02,2024-Autumn,"[{""text"": ""The syllabus was covered way too fast."", ""theme"": ""pace"", ""sentiment"": ""neg""}, {""text"": ""Every doubt got cleared through simple examples."", ""theme"": ""clarity"", ""sentiment"": ""pos""}, {""text"": ""Would not recommend it."", ""theme"": ""overall"", ""sentiment"": ""neg""}]",
R000066,CSE305,F02,2024-Autumn,"[{""text"": ""The pace of the course was just right."", ""theme"": ""pace"", ""sentiment"": ""pos""}, {""text"": ""No proper reference books were suggested."", ""theme"": ""resources"", ""sentiment"": ""neg""}, {""text"": ""Would not recommend it."", ""theme"": ""overall"", ""sentiment"": ""neg""}]",
R000067,CSE305,F02,2024-Autumn,"[{""text"": ""Lectures felt rushed and it was hard to keep up."", ""theme"": ""pace"", ""sentiment"": ""neg""}, {""text"": ""Emails were never answered."", ""theme"": ""support"", ""sentiment"": ""neg""}]",
R000068,CSE305,F02,2024-Autumn,"[{""text"": ""Every doubt got cleared through simple examples."", ""theme"": ""clarity"", ""sentiment"": ""pos""}]",
R000069,CSE305,F02,2024-Autumn,"[{""text"": ""Office hours existed but were rarely used."", ""theme"": ""support"", ""sentiment"": ""neu""}]",
R000070,CSE305,F02,2024-Autumn,"[{""text"": ""Projects took up far too much time."", ""theme"": ""workload"", ""sentiment"": ""neg""}, {""text"": ""Thanks to Prof. Kulkarni."", ""theme"": ""none"", ""sentiment"": ""neu""}]",
R000071,CSE305,F02,2024-Autumn,"[{""text"": ""We skipped through important topics in a hurry."", ""theme"": ""pace"", ""sentiment"": ""neg""}, {""text"": ""Classes were boring and monotonous."", ""theme"": ""engagement"", ""sentiment"": ""neg""}, {""text"": ""Would not recommend it."", ""theme"": ""overall"", ""sentiment"": ""neg""}]",
R000072,CSE340,F03,2024-Autumn,"[{""text"": ""Good balance between depth and speed."", ""theme"": ""pace"", ""sentiment"": ""pos""}]",
R000073,CSE340,F03,2024-Autumn,"[{""text"": ""Examples made difficult topics easy to understand."", ""theme"": ""clarity"", ""sentiment"": ""pos""}]",
R000074,CSE340,F03,2024-Autumn,"[{""text"": ""A reasonable number of assignments and projects."", ""theme"": ""workload"", ""sentiment"": ""pos""}, {""text"": ""Evaluation criteria were never clear."", ""theme"": ""assessment"", ""sentiment"": ""neg""}, {""text"": ""The syllabus was covered way too fast."", ""theme"": ""pace"", ""sentiment"": ""neg""}, {""text"": ""Overall a great course."", ""theme"": ""overall"", ""sentiment"": ""pos""}]",
R000075,CSE340,F03,2024-Autumn,"[{""text"": ""Lectures were just slide reading with no interaction."", ""theme"": ""engagement"", ""sentiment"": ""neg""}, {""text"": ""A reasonable number of assignments and projects."", ""theme"": ""workload"", ""sentiment"": ""pos""}]",
R000076,CSE340,F03,2024-Autumn,"[{""text"": ""Quizzes helped us track our progress."", ""theme"": ""assessment"", ""sentiment"": ""pos""}]",
R000077,CSE340,F03,2024-Autumn,"[{""text"": ""Quizzes helped us track our progress."", ""theme"": ""assessment"", ""sentiment"": ""pos""}]",
R000078,CSE340,F03,2024-Autumn,"[{""text"": ""Quick replies to our queries and helpful guidance."", ""theme"": ""support"", ""sentiment"": ""pos""}, {""text"": ""The assignment load was manageable."", ""theme"": ""workload"", ""sentiment"": ""pos""}, {""text"": ""Exams were fair and matched what was taught."", ""theme"": ""assessment"", ""sentiment"": ""pos""}]",
R000079,CSE340,F03,2024-Autumn,"[{""text"": ""Always available for doubt clearing after class."", ""theme"": ""support"", ""sentiment"": ""pos""}, {""text"": ""The assignment load was manageable."", ""theme"": ""workload"", ""sentiment"": ""pos""}]",
R000080,CSE340,F03,2024-Autumn,"[{""text"": ""Workload was balanced across the semester."", ""theme"": ""workload"", ""sentiment"": ""pos""}, {""text"": ""Examples made difficult topics easy to understand."", ""theme"": ""clarity"", ""sentiment"": ""pos""}]",
R000081,CSE340,F03,2024-Autumn,"[{""text"": ""Engagement was average."", ""theme"": ""engagement"", ""sentiment"": ""neu""}, {""text"": ""There was no support for students who were struggling."", ""theme"": ""support"", ""sentiment"": ""neg""}, {""text"": ""Really enjoyed this subject."", ""theme"": ""overall"", ""sentiment"": ""pos""}]",
R000082,CSE340,F03,2024-Autumn,"[{""text"": ""Doubts were often ignored or brushed aside."", ""theme"": ""support"", ""sentiment"": ""neg""}, {""text"": ""There was no discussion or activity in class."", ""theme"": ""engagement"", ""sentiment"": ""neg""}, {""text"": ""Notes and slides shared were very useful."", ""theme"": ""resources"", ""sentiment"": ""pos""}, {""text"": ""Would not recommend it."", ""theme"": ""overall"", ""sentiment"": ""neg""}]",
R000083,CSE340,F03,2024-Autumn,"[{""text"": ""I could not understand most of the derivations."", ""theme"": ""clarity"", ""sentiment"": ""neg""}, {""text"": ""There was no support for students who were struggling."", ""theme"": ""support"", ""sentiment"": ""neg""}, {""text"": ""Thanks to Dr. Iyer."", ""theme"": ""none"", ""sentiment"": ""neu""}]",
R000084,CSE340,F03,2024-Autumn,"[{""text"": ""Some topics were clear and some were not."", ""theme"": ""clarity"", ""sentiment"": ""neu""}, {""text"": ""Evaluation criteria were never clear."", ""theme"": ""assessment"", ""sentiment"": ""neg""}]",
R000085,CSE340,F03,2024-Autumn,"[{""text"": ""Good balance between depth and speed."", ""theme"": ""pace"", ""sentiment"": ""pos""}, {""text"": ""Explanations were confusing and hard to follow."", ""theme"": ""clarity"", ""sentiment"": ""neg""}, {""text"": ""Grading felt unfair and marks were not explained."", ""theme"": ""assessment"", ""sentiment"": ""neg""}]",
R000086,CSE340,F03,2024-Autumn,"[{""text"": ""Quizzes helped us track our progress."", ""theme"": ""assessment"", ""sentiment"": ""pos""}, {""text"": ""The explanations were clear and well structured."", ""theme"": ""clarity"", ""sentiment"": ""pos""}]",
R000087,CSE340,F03,2024-Autumn,"[{""text"": ""Workload was balanced across the semester."", ""theme"": ""workload"", ""sentiment"": ""pos""}]",
R000088,CSE340,F03,2024-Autumn,"[{""text"": ""Clarity of explanation was average."", ""theme"": ""clarity"", ""sentiment"": ""neu""}, {""text"": ""A reasonable number of assignments and projects."", ""theme"": ""workload"", ""sentiment"": ""pos""}]",
R000089,CSE340,F03,2024-Autumn,"[{""text"": ""The assignment load was manageable."", ""theme"": ""workload"", ""sentiment"": ""pos""}, {""text"": ""Overall a great course."", ""theme"": ""overall"", ""sentiment"": ""pos""}]",
R000090,CSE340,F03,2024-Autumn,"[{""text"": ""The pace was okay, neither fast nor slow."", ""theme"": ""pace"", ""sentiment"": ""neu""}, {""text"": ""The assignment load was manageable."", ""theme"": ""workload"", ""sentiment"": ""pos""}, {""text"": ""Some sessions were interesting."", ""theme"": ""engagement"", ""sentiment"": ""neu""}]",
R000091,CSE340,F03,2024-Autumn,"[{""text"": ""The evaluation pattern was standard."", ""theme"": ""assessment"", ""sentiment"": ""neu""}]",
R000092,CSE340,F03,2024-Autumn,"[{""text"": ""The assignment load was manageable."", ""theme"": ""workload"", ""sentiment"": ""pos""}, {""text"": ""Would recommend this course to others."", ""theme"": ""overall"", ""sentiment"": ""pos""}]",
R000093,CSE340,F03,2024-Autumn,"[{""text"": ""Always available for doubt clearing after class."", ""theme"": ""support"", ""sentiment"": ""pos""}]",
R000094,CSE340,F03,2024-Autumn,"[{""text"": ""The faculty was very approachable and answered all our doubts."", ""theme"": ""support"", ""sentiment"": ""pos""}]",
R000095,CSE340,F03,2024-Autumn,"[{""text"": ""Notes and slides shared were very useful."", ""theme"": ""resources"", ""sentiment"": ""pos""}, {""text"": ""Emails were never answered."", ""theme"": ""support"", ""sentiment"": ""neg""}]",
R000096,CSE340,F03,2024-Autumn,"[{""text"": ""Workload was average."", ""theme"": ""workload"", ""sentiment"": ""neu""}, {""text"": ""Always available for doubt clearing after class."", ""theme"": ""support"", ""sentiment"": ""pos""}]",
R000097,CSE340,F03,2024-Autumn,"[{""text"": ""Deadlines were piled up one after another."", ""theme"": ""workload"", ""sentiment"": ""neg""}, {""text"": ""Really enjoyed this subject."", ""theme"": ""overall"", ""sentiment"": ""pos""}, {""text"": ""Thanks to Dr. Iyer."", ""theme"": ""none"", ""sentiment"": ""neu""}]",
R000098,CSE340,F03,2024-Autumn,"[{""text"": ""The pace was okay, neither fast nor slow."", ""theme"": ""pace"", ""sentiment"": ""neu""}]",
R000099,CSE310,F01,2024-Autumn,"[{""text"": ""Explanations were confusing and hard to follow."", ""theme"": ""clarity"", ""sentiment"": ""neg""}, {""text"": ""Overall it was an average course."", ""theme"": ""overall"", ""sentiment"": ""neu""}]",
R000100,CSE310,F01,2024-Autumn,"[{""text"": ""Always available for doubt clearing after class."", ""theme"": ""support"", ""sentiment"": ""pos""}, {""text"": ""I could not understand most of the derivations."", ""theme"": ""clarity"", ""sentiment"": ""neg""}, {""text"": ""Thanks to Dr. Sharma."", ""theme"": ""none"", ""sentiment"": ""neu""}]",
R000101,CSE310,F01,2024-Autumn,"[{""text"": ""Many concepts were not explained properly."", ""theme"": ""clarity"", ""sentiment"": ""neg""}]",
R000102,CSE310,F01,2024-Autumn,"[{""text"": ""I could not understand most of the derivations."", ""theme"": ""clarity"", ""sentiment"": ""neg""}, {""text"": ""Thanks to Dr. Sharma."", ""theme"": ""none"", ""sentiment"": ""neu""}]",
R000103,CSE310,F01,2024-Autumn,"[{""text"": ""I could not understand most of the derivations."", ""theme"": ""clarity"", ""sentiment"": ""neg""}, {""text"": ""The sessions were engaging with lots of discussion."", ""theme"": ""engagement"", ""sentiment"": ""pos""}, {""text"": ""Exams were fair and matched what was taught."", ""theme"": ""assessment"", ""sentiment"": ""pos""}]",
R000104,CSE310,F01,2024-Autumn,"[{""text"": ""The teaching lacked clarity and examples."", ""theme"": ""clarity"", ""sentiment"": ""neg""}]",
R000105,CSE310,F01,2024-Autumn,"[{""text"": ""Always available for doubt clearing after class."", ""theme"": ""support"", ""sentiment"": ""pos""}, {""text"": ""A reasonable number of assignments and projects."", ""theme"": ""workload"", ""sentiment"": ""pos""}]",
R000106,CSE310,F01,2024-Autumn,"[{""text"": ""Real world examples kept the class lively."", ""theme"": ""engagement"", ""sentiment"": ""pos""}]",
R000107,CSE310,F01,2024-Autumn,"[{""text"": ""The assignment load was manageable."", ""theme"": ""workload"", ""sentiment"": ""pos""}, {""text"": ""Exams were of moderate difficulty."", ""theme"": ""assessment"", ""sentiment"": ""neu""}, {""text"": ""We skipped through important topics in a hurry."", ""theme"": ""pace"", ""sentiment"": ""neg""}, {""text"": ""Overall I am not satisfied with this course."", ""theme"": ""overall"", ""sentiment"": ""neg""}]",
R000108,CSE310,F01,2024-Autumn,"[{""text"": ""Topics were covered in a well paced manner."", ""theme"": ""pace"", ""sentiment"": ""pos""}, {""text"": ""Projects took up far too much time."", ""theme"": ""workload"", ""sentiment"": ""neg""}, {""text"": ""This course needs a lot of improvement."", ""theme"": ""overall"", ""sentiment"": ""neg""}]",
R000109,CSE310,F01,2024-Autumn,"[{""text"": ""The faculty was not approachable when we had doubts."", ""theme"": ""support"", ""sentiment"": ""neg""}]",
R000110,CSE310,F01,2024-Autumn,"[{""text"": ""Quick replies to our queries and helpful guidance."", ""theme"": ""support"", ""sentiment"": ""pos""}, {""text"": ""Overall a great course."", ""theme"": ""overall"", ""sentiment"": ""pos""}, {""text"": ""Thanks to Dr. Sharma."", ""theme"": ""none"", ""sentiment"": ""neu""}]",
R000111,CSE310,F01,2024-Autumn,"[{""text"": ""The teaching lacked clarity and examples."", ""theme"": ""clarity"", ""sentiment"": ""neg""}, {""text"": ""Notes and slides shared were very useful."", ""theme"": ""resources"", ""sentiment"": ""pos""}, {""text"": ""Results were delayed and there was no feedback on answers."", ""theme"": ""assessment"", ""sentiment"": ""neg""}]",
R000112,CSE310,F01,2024-Autumn,"[{""text"": ""Deadlines were piled up one after another."", ""theme"": ""workload"", ""sentiment"": ""neg""}]",
R000113,CSE310,F01,2024-Autumn,"[{""text"": ""The faculty was very approachable and answered all our doubts."", ""theme"": ""support"", ""sentiment"": ""pos""}, {""text"": ""Good balance between depth and speed."", ""theme"": ""pace"", ""sentiment"": ""pos""}]",
R000114,CSE310,F01,2024-Autumn,"[{""text"": ""Always available for doubt clearing after class."", ""theme"": ""support"", ""sentiment"": ""pos""}, {""text"": ""Classes were boring and monotonous."", ""theme"": ""engagement"", ""sentiment"": ""neg""}]",
R000115,CSE310,F01,2024-Autumn,"[{""text"": ""I could not understand most of the derivations."", ""theme"": ""clarity"", ""sentiment"": ""neg""}, {""text"": ""The faculty was very approachable and answered all our doubts."", ""theme"": ""support"", ""sentiment"": ""pos""}, {""text"": ""Thanks to Dr. Sharma."", ""theme"": ""none"", ""sentiment"": ""neu""}]",
R000116,CSE310,F01,2024-Autumn,"[{""text"": ""Grading was transparent and feedback was timely."", ""theme"": ""assessment"", ""sentiment"": ""pos""}, {""text"": ""Explanations were confusing and hard to follow."", ""theme"": ""clarity"", ""sentiment"": ""neg""}]",
R000117,CSE310,F01,2024-Autumn,"[{""text"": ""Quick replies to our queries and helpful guidance."", ""theme"": ""support"", ""sentiment"": ""pos""}, {""text"": ""I could not understand most of the derivations."", ""theme"": ""clarity"", ""sentiment"": ""neg""}]",
R000118,CSE310,F01,2024-Autumn,"[{""text"": ""Resources were adequate."", ""theme"": ""resources"", ""sentiment"": ""neu""}]",
R000119,CSE310,F01,2024-Autumn,"[{""text"": ""The workload was overwhelming alongside other courses."", ""theme"": ""workload"", ""sentiment"": ""neg""}]",
R000120,CSE310,F01,2024-Autumn,"[{""text"": ""Evaluation criteria were never clear."", ""theme"": ""assessment"", ""sentiment"": ""neg""}, {""text"": ""Explanations were confusing and hard to follow."", ""theme"": ""clarity"", ""sentiment"": ""neg""}]",
R000121,CSE310,F01,2024-Autumn,"[{""text"": ""Study material was outdated."", ""theme"": ""resources"", ""sentiment"": ""neg""}, {""text"": ""Really enjoyed this subject."", ""theme"": ""overall"", ""sentiment"": ""pos""}]",
R000122,CSE310,F01,2024-Autumn,"[{""text"": ""Many concepts were not explained properly."", ""theme"": ""clarity"", ""sentiment"": ""neg""}]",
R000123,CSE310,F01,2024-Autumn,"[{""text"": ""Support was available sometimes."", ""theme"": ""support"", ""sentiment"": ""neu""}]",
R000124,CSE310,F01,2024-Autumn,"[{""text"": ""Topics were covered in a well paced manner."", ""theme"": ""pace"", ""sentiment"": ""pos""}, {""text"": ""Grading felt unfair and marks were not explained."", ""theme"": ""assessment"", ""sentiment"": ""neg""}]",
R000125,CSE310,F01,2024-Autumn,"[{""text"": ""Exams were fair and matched what was taught."", ""theme"": ""assessment"", ""sentiment"": ""pos""}]",
R000126,CSE310,F01,2024-Autumn,"[{""text"": ""The assignment load was manageable."", ""theme"": ""workload"", ""sentiment"": ""pos""}, {""text"": ""Quick replies to our queries and helpful guidance."", ""theme"": ""support"", ""sentiment"": ""pos""}]",
R000127,CSE310,F01,2024-Autumn,"[{""text"": ""Exam questions were out of syllabus."", ""theme"": ""assessment"", ""sentiment"": ""neg""}]",
R000128,CSE310,F01,2024-Autumn,"[{""text"": ""Workload was average."", ""theme"": ""workload"", ""sentiment"": ""neu""}, {""text"": ""Good reference material and lab resources were provided."", ""theme"": ""resources"", ""sentiment"": ""pos""}]",
R000129,CSE310,F01,2024-Autumn,"[{""text"": ""Quick replies to our queries and helpful guidance."", ""theme"": ""support"", ""sentiment"": ""pos""}]",
R000130,CSE310,F01,2024-Autumn,"[{""text"": ""I could not understand most of the derivations."", ""theme"": ""clarity"", ""sentiment"": ""neg""}]",
R000131,CSE310,F01,2024-Autumn,"[{""text"": ""A reasonable number of assignments and projects."", ""theme"": ""workload"", ""sentiment"": ""pos""}, {""text"": ""Lab systems were poor and resources insufficient."", ""theme"": ""resources"", ""sentiment"": ""neg""}, {""text"": ""Thanks to Dr. Sharma."", ""theme"": ""none"", ""sentiment"": ""neu""}]",
R000132,CSE310,F01,2024-Autumn,"[{""text"": ""Real world examples kept the class lively."", ""theme"": ""engagement"", ""sentiment"": ""pos""}, {""text"": ""Exams were fair and matched what was taught."", ""theme"": ""assessment"", ""sentiment"": ""pos""}]",
R000133,CSE310,F01,2024-Autumn,"[{""text"": ""Explanations were confusing and hard to follow."", ""theme"": ""clarity"", ""sentiment"": ""neg""}, {""text"": ""Would not recommend it."", ""theme"": ""overall"", ""sentiment"": ""neg""}]",
R000134,CSE310,F01,2024-Autumn,"[{""text"": ""Emails were never answered."", ""theme"": ""support"", ""sentiment"": ""neg""}, {""text"": ""Explanations were confusing and hard to follow."", ""theme"": ""clarity"", ""sentiment"": ""neg""}, {""text"": ""Quizzes helped us track our progress."", ""theme"": ""assessment"", ""sentiment"": ""pos""}]",
R000135,CSE310,F01,2024-Autumn,"[{""text"": ""Always available for doubt clearing after class."", ""theme"": ""support"", ""sentiment"": ""pos""}, {""text"": ""The pace was okay, neither fast nor slow."", ""theme"": ""pace"", ""sentiment"": ""neu""}]",
R000136,CSE310,F01,2024-Autumn,"[{""text"": ""Classes were interactive and interesting."", ""theme"": ""engagement"", ""sentiment"": ""pos""}]",
R000137,CSE310,F01,2024-Autumn,"[{""text"": ""Classes were boring and monotonous."", ""theme"": ""engagement"", ""sentiment"": ""neg""}]",
R000138,CSE310,F01,2024-Autumn,"[{""text"": ""Exams were fair and matched what was taught."", ""theme"": ""assessment"", ""sentiment"": ""pos""}, {""text"": ""We skipped through important topics in a hurry."", ""theme"": ""pace"", ""sentiment"": ""neg""}, {""text"": ""Overall I am not satisfied with this course."", ""theme"": ""overall"", ""sentiment"": ""neg""}]",
R000139,ECE210,F04,2024-Autumn,"[{""text"": ""Many concepts were not explained properly."", ""theme"": ""clarity"", ""sentiment"": ""neg""}, {""text"": ""The faculty was not approachable when we had doubts."", ""theme"": ""support"", ""sentiment"": ""neg""}]",
R000140,ECE210,F04,2024-Autumn,"[{""text"": ""Classes were boring and monotonous."", ""theme"": ""engagement"", ""sentiment"": ""neg""}, {""text"": ""Study material was outdated."", ""theme"": ""resources"", ""sentiment"": ""neg""}, {""text"": ""Thanks to Mr. Sandhu."", ""theme"": ""none"", ""sentiment"": ""neu""}]",
R000141,ECE210,F04,2024-Autumn,"[{""text"": ""Grading felt unfair and marks were not explained."", ""theme"": ""assessment"", ""sentiment"": ""neg""}, {""text"": ""Topics were covered in a well paced manner."", ""theme"": ""pace"", ""sentiment"": ""pos""}, {""text"": ""Overall it was an average course."", ""theme"": ""overall"", ""sentiment"": ""neu""}]",9094832044|90948 32044
R000142,ECE210,F04,2024-Autumn,"[{""text"": ""Explanations were confusing and hard to follow."", ""theme"": ""clarity"", ""sentiment"": ""neg""}, {""text"": ""Classes were interactive and interesting."", ""theme"": ""engagement"", ""sentiment"": ""pos""}]",
R000143,ECE210,F04,2024-Autumn,"[{""text"": ""Explanations were confusing and hard to follow."", ""theme"": ""clarity"", ""sentiment"": ""neg""}, {""text"": ""No proper reference books were suggested."", ""theme"": ""resources"", ""sentiment"": ""neg""}, {""text"": ""Thanks to Mr. Sandhu."", ""theme"": ""none"", ""sentiment"": ""neu""}]",
R000144,ECE210,F04,2024-Autumn,"[{""text"": ""Explanations were confusing and hard to follow."", ""theme"": ""clarity"", ""sentiment"": ""neg""}, {""text"": ""The pace of the course was just right."", ""theme"": ""pace"", ""sentiment"": ""pos""}, {""text"": ""Overall I am not satisfied with this course."", ""theme"": ""overall"", ""sentiment"": ""neg""}, {""text"": ""Thanks to Mr. Sandhu."", ""theme"": ""none"", ""sentiment"": ""neu""}]",Arjun Thakur|K22AB
R000145,ECE210,F04,2024-Autumn,"[{""text"": ""The faculty was very approachable and answered all our doubts."", ""theme"": ""support"", ""sentiment"": ""pos""}, {""text"": ""Real world examples kept the class lively."", ""theme"": ""engagement"", ""sentiment"": ""pos""}, {""text"": ""A normal amount of assignments."", ""theme"": ""workload"", ""sentiment"": ""neu""}, {""text"": ""Would not recommend it."", ""theme"": ""overall"", ""sentiment"": ""neg""}]",
R000146,ECE210,F04,2024-Autumn,"[{""text"": ""Support was available sometimes."", ""theme"": ""support"", ""sentiment"": ""neu""}]",gurpreet.khanna43@gmail.com
R000147,ECE210,F04,2024-Autumn,"[{""text"": ""Lectures were just slide reading with no interaction."", ""theme"": ""engagement"", ""sentiment"": ""neg""}, {""text"": ""The pace of the course was just right."", ""theme"": ""pace"", ""sentiment"": ""pos""}]",
R000148,ECE210,F04,2024-Autumn,"[{""text"": ""A reasonable number of assignments and projects."", ""theme"": ""workload"", ""sentiment"": ""pos""}, {""text"": ""Evaluation criteria were never clear."", ""theme"": ""assessment"", ""sentiment"": ""neg""}]",
R000149,ECE210,F04,2024-Autumn,"[{""text"": ""Concepts were explained very clearly."", ""theme"": ""clarity"", ""sentiment"": ""pos""}, {""text"": ""Notes and slides shared were very useful."", ""theme"": ""resources"", ""sentiment"": ""pos""}]",
R000150,ECE210,F04,2024-Autumn,"[{""text"": ""Examples made difficult topics easy to understand."", ""theme"": ""clarity"", ""sentiment"": ""pos""}, {""text"": ""The evaluation pattern was standard."", ""theme"": ""assessment"", ""sentiment"": ""neu""}, {""text"": ""It was hard to stay interested during sessions."", ""theme"": ""engagement"", ""sentiment"": ""neg""}]",
R000151,ECE210,F04,2024-Autumn,"[{""text"": ""Classes were interactive and interesting."", ""theme"": ""engagement"", ""sentiment"": ""pos""}, {""text"": ""Every doubt got cleared through simple examples."", ""theme"": ""clarity"", ""sentiment"": ""pos""}]",
R000152,ECE210,F04,2024-Autumn,"[{""text"": ""Good balance between depth and speed."", ""theme"": ""pace"", ""sentiment"": ""pos""}, {""text"": ""There was no discussion or activity in class."", ""theme"": ""engagement"", ""sentiment"": ""neg""}, {""text"": ""No proper reference books were suggested."", ""theme"": ""resources"", ""sentiment"": ""neg""}]",Naman Bansal|K22AB
R000153,ECE210,F04,2024-Autumn,"[{""text"": ""A reasonable number of assignments and projects."", ""theme"": ""workload"", ""sentiment"": ""pos""}, {""text"": ""The pace was okay, neither fast nor slow."", ""theme"": ""pace"", ""sentiment"": ""neu""}, {""text"": ""The faculty was not approachable when we had doubts."", ""theme"": ""support"", ""sentiment"": ""neg""}]",
R000154,ECE210,F04,2024-Autumn,"[{""text"": ""Clarity of explanation was average."", ""theme"": ""clarity"", ""sentiment"": ""neu""}, {""text"": ""Overall it was an average course."", ""theme"": ""overall"", ""sentiment"": ""neu""}]",
R000155,ECE210,F04,2024-Autumn,"[{""text"": ""No proper reference books were suggested."", ""theme"": ""resources"", ""sentiment"": ""neg""}, {""text"": ""Lectures moved at a comfortable speed and we never felt rushed."", ""theme"": ""pace"", ""sentiment"": ""pos""}, {""text"": ""The explanations were clear and well structured."", ""theme"": ""clarity"", ""sentiment"": ""pos""}]",
R000156,ECE210,F04,2024-Autumn,"[{""text"": ""The assignment load was manageable."", ""theme"": ""workload"", ""sentiment"": ""pos""}, {""text"": ""Thanks to Mr. Sandhu."", ""theme"": ""none"", ""sentiment"": ""neu""}]",
R000157,ECE210,F04,2024-Autumn,"[{""text"": ""Classes were boring and monotonous."", ""theme"": ""engagement"", ""sentiment"": ""neg""}, {""text"": ""Overall I am not satisfied with this course."", ""theme"": ""overall"", ""sentiment"": ""neg""}]",
R000158,ECE210,F04,2024-Autumn,"[{""text"": ""Every doubt got cleared through simple examples."", ""theme"": ""clarity"", ""sentiment"": ""pos""}]",
R000159,ECE210,F04,2024-Autumn,"[{""text"": ""Quizzes helped us track our progress."", ""theme"": ""assessment"", ""sentiment"": ""pos""}, {""text"": ""Lectures were just slide reading with no interaction."", ""theme"": ""engagement"", ""sentiment"": ""neg""}, {""text"": ""Thanks to Mr. Sandhu."", ""theme"": ""none"", ""sentiment"": ""neu""}]",
R000160,ECE210,F04,2024-Autumn,"[{""text"": ""The pace of the course was just right."", ""theme"": ""pace"", ""sentiment"": ""pos""}, {""text"": ""Workload was balanced across the semester."", ""theme"": ""workload"", ""sentiment"": ""pos""}]",
R000161,ECE210,F04,2024-Autumn,"[{""text"": ""The explanations were clear and well structured."", ""theme"": ""clarity"", ""sentiment"": ""pos""}]",
R000162,ECE210,F04,2024-Autumn,"[{""text"": ""Lectures were just slide reading with no interaction."", ""theme"": ""engagement"", ""sentiment"": ""neg""}, {""text"": ""The assignment load was manageable."", ""theme"": ""workload"", ""sentiment"": ""pos""}, {""text"": ""Thanks to Mr. Sandhu."", ""theme"": ""none"", ""sentiment"": ""neu""}]",
R000163,ECE210,F04,2024-Autumn,"[{""text"": ""Resources were adequate."", ""theme"": ""resources"", ""sentiment"": ""neu""}]",
R000164,ECE210,F04,2024-Autumn,"[{""text"": ""The teaching lacked clarity and examples."", ""theme"": ""clarity"", ""sentiment"": ""neg""}]",
R000165,ECE210,F04,2024-Autumn,"[{""text"": ""We skipped through important topics in a hurry."", ""theme"": ""pace"", ""sentiment"": ""neg""}, {""text"": ""Thanks to Mr. Sandhu."", ""theme"": ""none"", ""sentiment"": ""neu""}]",
R000166,ECE210,F04,2024-Autumn,"[{""text"": ""Grading was transparent and feedback was timely."", ""theme"": ""assessment"", ""sentiment"": ""pos""}]",
R000167,ECE210,F04,2024-Autumn,"[{""text"": ""Classes were boring and monotonous."", ""theme"": ""engagement"", ""sentiment"": ""neg""}]",Tanvi Thakur|12470190
R000168,ECE210,F04,2024-Autumn,"[{""text"": ""Lectures were just slide reading with no interaction."", ""theme"": ""engagement"", ""sentiment"": ""neg""}, {""text"": ""Good balance between depth and speed."", ""theme"": ""pace"", ""sentiment"": ""pos""}]",
R000169,ECE210,F04,2024-Autumn,"[{""text"": ""Exams were of moderate difficulty."", ""theme"": ""assessment"", ""sentiment"": ""neu""}, {""text"": ""Real world examples kept the class lively."", ""theme"": ""engagement"", ""sentiment"": ""pos""}, {""text"": ""The explanations were clear and well structured."", ""theme"": ""clarity"", ""sentiment"": ""pos""}]",
R000170,ECE210,F04,2024-Autumn,"[{""text"": ""The assignment load was manageable."", ""theme"": ""workload"", ""sentiment"": ""pos""}, {""text"": ""Study material was outdated."", ""theme"": ""resources"", ""sentiment"": ""neg""}]",
R000171,ECE210,F04,2024-Autumn,"[{""text"": ""Emails were never answered."", ""theme"": ""support"", ""sentiment"": ""neg""}, {""text"": ""Overall it was an average course."", ""theme"": ""overall"", ""sentiment"": ""neu""}]",
R000172,ECE210,F04,2024-Autumn,"[{""text"": ""The sessions were engaging with lots of discussion."", ""theme"": ""engagement"", ""sentiment"": ""pos""}, {""text"": ""The evaluation pattern was standard."", ""theme"": ""assessment"", ""sentiment"": ""neu""}, {""text"": ""Lab systems were poor and resources insufficient."", ""theme"": ""resources"", ""sentiment"": ""neg""}]",
R000173,ECE210,F04,2024-Autumn,"[{""text"": ""The sessions were engaging with lots of discussion."", ""theme"": ""engagement"", ""sentiment"": ""pos""}, {""text"": ""Deadlines were piled up one after another."", ""theme"": ""workload"", ""sentiment"": ""neg""}, {""text"": ""This course needs a lot of improvement."", ""theme"": ""overall"", ""sentiment"": ""neg""}, {""text"": ""Thanks to Mr. Sandhu."", ""theme"": ""none"", ""sentiment"": ""neu""}]",
R000174,ECE210,F04,2024-Autumn,"[{""text"": ""Workload was balanced across the semester."", ""theme"": ""workload"", ""sentiment"": ""pos""}, {""text"": ""Evaluation criteria were never clear."", ""theme"": ""assessment"", ""sentiment"": ""neg""}, {""text"": ""Good balance between depth and speed."", ""theme"": ""pace"", ""sentiment"": ""pos""}]",
R000175,ECE330,F05,2024-Autumn,"[{""text"": ""Deadlines were piled up one after another."", ""theme"": ""workload"", ""sentiment"": ""neg""}, {""text"": ""The explanations were clear and well structured."", ""theme"": ""clarity"", ""sentiment"": ""pos""}]",
R000176,ECE330,F05,2024-Autumn,"[{""text"": ""Grading was transparent and feedback was timely."", ""theme"": ""assessment"", ""sentiment"": ""pos""}, {""text"": ""Recorded lectures and study material helped a lot."", ""theme"": ""resources"", ""sentiment"": ""pos""}, {""text"": ""This course needs a lot of improvement."", ""theme"": ""overall"", ""sentiment"": ""neg""}]",
R000177,ECE330,F05,2024-Autumn,"[{""text"": ""Classes were interactive and interesting."", ""theme"": ""engagement"", ""sentiment"": ""pos""}, {""text"": ""Many concepts were not explained properly."", ""theme"": ""clarity"", ""sentiment"": ""neg""}]",
R000178,ECE330,F05,2024-Autumn,"[{""text"": ""The pace of the course was just right."", ""theme"": ""pace"", ""sentiment"": ""pos""}, {""text"": ""Exams were fair and matched what was taught."", ""theme"": ""assessment"", ""sentiment"": ""pos""}]",
R000179,ECE330,F05,2024-Autumn,"[{""text"": ""Lectures were just slide reading with no interaction."", ""theme"": ""engagement"", ""sentiment"": ""neg""}, {""text"": ""No proper reference books were suggested."", ""theme"": ""resources"", ""sentiment"": ""neg""}, {""text"": ""Lectures moved at a comfortable speed and we never felt rushed."", ""theme"": ""pace"", ""sentiment"": ""pos""}, {""text"": ""Thanks to Dr. Malhotra."", ""theme"": ""none"", ""sentiment"": ""neu""}]",
R000180,ECE330,F05,2024-Autumn,"[{""text"": ""Very supportive and encouraging towards students."", ""theme"": ""support"", ""sentiment"": ""pos""}, {""text"": ""Speed of teaching was average."", ""theme"": ""pace"", ""sentiment"": ""neu""}]",
R000181,ECE330,F05,2024-Autumn,"[{""text"": ""Always available for doubt clearing after class."", ""theme"": ""support"", ""sentiment"": ""pos""}, {""text"": ""Would recommend this course to others."", ""theme"": ""overall"", ""sentiment"": ""pos""}]",
R000182,ECE330,F05,2024-Autumn,"[{""text"": ""Explanations were confusing and hard to follow."", ""theme"": ""clarity"", ""sentiment"": ""neg""}, {""text"": ""Real world examples kept the class lively."", ""theme"": ""engagement"", ""sentiment"": ""pos""}]",
R000183,ECE330,F05,2024-Autumn,"[{""text"": ""The assignment load was manageable."", ""theme"": ""workload"", ""sentiment"": ""pos""}]",
R000184,ECE330,F05,2024-Autumn,"[{""text"": ""Results were delayed and there was no feedback on answers."", ""theme"": ""assessment"", ""sentiment"": ""neg""}, {""text"": ""Many concepts were not explained properly."", ""theme"": ""clarity"", ""sentiment"": ""neg""}]",
R000185,ECE330,F05,2024-Autumn,"[{""text"": ""The sessions were engaging with lots of discussion."", ""theme"": ""engagement"", ""sentiment"": ""pos""}, {""text"": ""Notes and slides shared were very useful."", ""theme"": ""resources"", ""sentiment"": ""pos""}]",Vivaan Gill|12475255
R000186,ECE330,F05,2024-Autumn,"[{""text"": ""Topics were covered in a well paced manner."", ""theme"": ""pace"", ""sentiment"": ""pos""}, {""text"": ""Concepts were explained very clearly."", ""theme"": ""clarity"", ""sentiment"": ""pos""}, {""text"": ""Overall a great course."", ""theme"": ""overall"", ""sentiment"": ""pos""}]",
R000187,ECE330,F05,2024-Autumn,"[{""text"": ""Quizzes helped us track our progress."", ""theme"": ""assessment"", ""sentiment"": ""pos""}, {""text"": ""Concepts were explained very clearly."", ""theme"": ""clarity"", ""sentiment"": ""pos""}, {""text"": ""Very supportive and encouraging towards students."", ""theme"": ""support"", ""sentiment"": ""pos""}]",
R000188,ECE330,F05,2024-Autumn,"[{""text"": ""Exams were of moderate difficulty."", ""theme"": ""assessment"", ""sentiment"": ""neu""}, {""text"": ""Overall it was an average course."", ""theme"": ""overall"", ""sentiment"": ""neu""}]",
R000189,ECE330,F05,2024-Autumn,"[{""text"": ""The sessions were engaging with lots of discussion."", ""theme"": ""engagement"", ""sentiment"": ""pos""}, {""text"": ""Good reference material and lab resources were provided."", ""theme"": ""resources"", ""sentiment"": ""pos""}, {""text"": ""Thanks to Dr. Malhotra."", ""theme"": ""none"", ""sentiment"": ""neu""}]",
R000190,ECE330,F05,2024-Autumn,"[{""text"": ""Deadlines were piled up one after another."", ""theme"": ""workload"", ""sentiment"": ""neg""}, {""text"": ""Quizzes helped us track our progress."", ""theme"": ""assessment"", ""sentiment"": ""pos""}, {""text"": ""Always available for doubt clearing after class."", ""theme"": ""support"", ""sentiment"": ""pos""}]",
R000191,ECE330,F05,2024-Autumn,"[{""text"": ""The sessions were engaging with lots of discussion."", ""theme"": ""engagement"", ""sentiment"": ""pos""}, {""text"": ""Thanks to Dr. Malhotra."", ""theme"": ""none"", ""sentiment"": ""neu""}]",
R000192,ECE330,F05,2024-Autumn,"[{""text"": ""The faculty was not approachable when we had doubts."", ""theme"": ""support"", ""sentiment"": ""neg""}, {""text"": ""The pace of the course was just right."", ""theme"": ""pace"", ""sentiment"": ""pos""}, {""text"": ""The assignment load was manageable."", ""theme"": ""workload"", ""sentiment"": ""pos""}]",
R000193,ECE330,F05,2024-Autumn,"[{""text"": ""Good balance between depth and speed."", ""theme"": ""pace"", ""sentiment"": ""pos""}, {""text"": ""The teaching lacked clarity and examples."", ""theme"": ""clarity"", ""sentiment"": ""neg""}]",
R000194,ECE330,F05,2024-Autumn,"[{""text"": ""Every doubt got cleared through simple examples."", ""theme"": ""clarity"", ""sentiment"": ""pos""}, {""text"": ""Overall I am not satisfied with this course."", ""theme"": ""overall"", ""sentiment"": ""neg""}]",
R000195,ECE330,F05,2024-Autumn,"[{""text"": ""Real world examples kept the class lively."", ""theme"": ""engagement"", ""sentiment"": ""pos""}, {""text"": ""Workload was balanced across the semester."", ""theme"": ""workload"", ""sentiment"": ""pos""}, {""text"": ""The faculty was very approachable and answered all our doubts."", ""theme"": ""support"", ""sentiment"": ""pos""}]",
R000196,ECE330,F05,2024-Autumn,"[{""text"": ""Workload was balanced across the semester."", ""theme"": ""workload"", ""sentiment"": ""pos""}, {""text"": ""Real world examples kept the class lively."", ""theme"": ""engagement"", ""sentiment"": ""pos""}]",
R000197,ECE330,F05,2024-Autumn,"[{""text"": ""Quizzes helped us track our progress."", ""theme"": ""assessment"", ""sentiment"": ""pos""}, {""text"": ""The sessions were engaging with lots of discussion."", ""theme"": ""engagement"", ""sentiment"": ""pos""}]",
R000198,ECE330,F05,2024-Autumn,"[{""text"": ""The teaching lacked clarity and examples."", ""theme"": ""clarity"", ""sentiment"": ""neg""}, {""text"": ""A reasonable number of assignments and projects."", ""theme"": ""workload"", ""sentiment"": ""pos""}, {""text"": ""Evaluation criteria were never clear."", ""theme"": ""assessment"", ""sentiment"": ""neg""}]",
R000199,ECE330,F05,2024-Autumn,"[{""text"": ""The teaching lacked clarity and examples."", ""theme"": ""clarity"", ""sentiment"": ""neg""}]",
R000200,ECE330,F05,2024-Autumn,"[{""text"": ""Deadlines were piled up one after another."", ""theme"": ""workload"", ""sentiment"": ""neg""}, {""text"": ""The explanations were clear and well structured."", ""theme"": ""clarity"", ""sentiment"": ""pos""}, {""text"": ""Thanks to Dr. Malhotra."", ""theme"": ""none"", ""sentiment"": ""neu""}]",
R000201,ECE330,F05,2024-Autumn,"[{""text"": ""I could not understand most of the derivations."", ""theme"": ""clarity"", ""sentiment"": ""neg""}, {""text"": ""It was hard to stay interested during sessions."", ""theme"": ""engagement"", ""sentiment"": ""neg""}]",
R000202,ECE330,F05,2024-Autumn,"[{""text"": ""Lectures moved at a comfortable speed and we never felt rushed."", ""theme"": ""pace"", ""sentiment"": ""pos""}, {""text"": ""The teaching lacked clarity and examples."", ""theme"": ""clarity"", ""sentiment"": ""neg""}, {""text"": ""Overall a great course."", ""theme"": ""overall"", ""sentiment"": ""pos""}, {""text"": ""Thanks to Dr. Malhotra."", ""theme"": ""none"", ""sentiment"": ""neu""}]",
R000203,ECE330,F05,2024-Autumn,"[{""text"": ""Classes were interactive and interesting."", ""theme"": ""engagement"", ""sentiment"": ""pos""}, {""text"": ""Examples made difficult topics easy to understand."", ""theme"": ""clarity"", ""sentiment"": ""pos""}]",
R000204,ECE330,F05,2024-Autumn,"[{""text"": ""Too many assignments with very tight deadlines."", ""theme"": ""workload"", ""sentiment"": ""neg""}, {""text"": ""The sessions were engaging with lots of discussion."", ""theme"": ""engagement"", ""sentiment"": ""pos""}]",
R000205,ECE330,F05,2024-Autumn,"[{""text"": ""Quizzes helped us track our progress."", ""theme"": ""assessment"", ""sentiment"": ""pos""}]",
R000206,ECE330,F05,2024-Autumn,"[{""text"": ""Lectures felt rushed and it was hard to keep up."", ""theme"": ""pace"", ""sentiment"": ""neg""}]",
R000207,ECE330,F05,2024-Autumn,"[{""text"": ""The pace of the course was just right."", ""theme"": ""pace"", ""sentiment"": ""pos""}, {""text"": ""Grading felt unfair and marks were not explained."", ""theme"": ""assessment"", ""sentiment"": ""neg""}, {""text"": ""Clarity of explanation was average."", ""theme"": ""clarity"", ""sentiment"": ""neu""}]",
R000208,ECE330,F05,2024-Autumn,"[{""text"": ""Topics were covered in a well paced manner."", ""theme"": ""pace"", ""sentiment"": ""pos""}, {""text"": ""Lab systems were poor and resources insufficient."", ""theme"": ""resources"", ""sentiment"": ""neg""}]",
R000209,ECE330,F05,2024-Autumn,"[{""text"": ""A reasonable number of assignments and projects."", ""theme"": ""workload"", ""sentiment"": ""pos""}, {""text"": ""Resources were adequate."", ""theme"": ""resources"", ""sentiment"": ""neu""}, {""text"": ""Thanks to Dr. Malhotra."", ""theme"": ""none"", ""sentiment"": ""neu""}]",
R000210,ECE330,F05,2024-Autumn,"[{""text"": ""Exams were of moderate difficulty."", ""theme"": ""assessment"", ""sentiment"": ""neu""}, {""text"": ""Examples made difficult topics easy to understand."", ""theme"": ""clarity"", ""sentiment"": ""pos""}]",Gurpreet
R000211,MTH202,F06,2024-Autumn,"[{""text"": ""The teaching lacked clarity and examples."", ""theme"": ""clarity"", ""sentiment"": ""neg""}, {""text"": ""Emails were never answered."", ""theme"": ""support"", ""sentiment"": ""neg""}]",
R000212,MTH202,F06,2024-Autumn,"[{""text"": ""Classes were interactive and interesting."", ""theme"": ""engagement"", ""sentiment"": ""pos""}]",
R000213,MTH202,F06,2024-Autumn,"[{""text"": ""The assignment load was manageable."", ""theme"": ""workload"", ""sentiment"": ""pos""}, {""text"": ""Slides were not shared on time."", ""theme"": ""resources"", ""sentiment"": ""neg""}]",
R000214,MTH202,F06,2024-Autumn,"[{""text"": ""The assignment load was manageable."", ""theme"": ""workload"", ""sentiment"": ""pos""}]",
R000215,MTH202,F06,2024-Autumn,"[{""text"": ""The explanations were clear and well structured."", ""theme"": ""clarity"", ""sentiment"": ""pos""}, {""text"": ""Grading was transparent and feedback was timely."", ""theme"": ""assessment"", ""sentiment"": ""pos""}, {""text"": ""Thanks to Prof. Bedi."", ""theme"": ""none"", ""sentiment"": ""neu""}]",
R000216,MTH202,F06,2024-Autumn,"[{""text"": ""Support was available sometimes."", ""theme"": ""support"", ""sentiment"": ""neu""}, {""text"": ""Workload was balanced across the semester."", ""theme"": ""workload"", ""sentiment"": ""pos""}]",
R000217,MTH202,F06,2024-Autumn,"[{""text"": ""Examples made difficult topics easy to understand."", ""theme"": ""clarity"", ""sentiment"": ""pos""}, {""text"": ""Lectures moved at a comfortable speed and we never felt rushed."", ""theme"": ""pace"", ""sentiment"": ""pos""}]",
R000218,MTH202,F06,2024-Autumn,"[{""text"": ""Classes were interactive and interesting."", ""theme"": ""engagement"", ""sentiment"": ""pos""}, {""text"": ""Overall a great course."", ""theme"": ""overall"", ""sentiment"": ""pos""}]",
R000219,MTH202,F06,2024-Autumn,"[{""text"": ""Quizzes helped us track our progress."", ""theme"": ""assessment"", ""sentiment"": ""pos""}, {""text"": ""Engagement was average."", ""theme"": ""engagement"", ""sentiment"": ""neu""}, {""text"": ""Good reference material and lab resources were provided."", ""theme"": ""resources"", ""sentiment"": ""pos""}]",
R000220,MTH202,F06,2024-Autumn,"[{""text"": ""Examples made difficult topics easy to understand."", ""theme"": ""clarity"", ""sentiment"": ""pos""}, {""text"": ""Quick replies to our queries and helpful guidance."", ""theme"": ""support"", ""sentiment"": ""pos""}]",
R000221,MTH202,F06,2024-Autumn,"[{""text"": ""The pace was okay, neither fast nor slow."", ""theme"": ""pace"", ""sentiment"": ""neu""}, {""text"": ""The evaluation pattern was standard."", ""theme"": ""assessment"", ""sentiment"": ""neu""}]",
R000222,MTH202,F06,2024-Autumn,"[{""text"": ""Classes were interactive and interesting."", ""theme"": ""engagement"", ""sentiment"": ""pos""}, {""text"": ""Exams were fair and matched what was taught."", ""theme"": ""assessment"", ""sentiment"": ""pos""}, {""text"": ""Thanks to Prof. Bedi."", ""theme"": ""none"", ""sentiment"": ""neu""}]",Arjun
R000223,MTH202,F06,2024-Autumn,"[{""text"": ""Results were delayed and there was no feedback on answers."", ""theme"": ""assessment"", ""sentiment"": ""neg""}]",
R000224,MTH202,F06,2024-Autumn,"[{""text"": ""Very supportive and encouraging towards students."", ""theme"": ""support"", ""sentiment"": ""pos""}, {""text"": ""The sessions were engaging with lots of discussion."", ""theme"": ""engagement"", ""sentiment"": ""pos""}]",
R000225,MTH202,F06,2024-Autumn,"[{""text"": ""Always available for doubt clearing after class."", ""theme"": ""support"", ""sentiment"": ""pos""}, {""text"": ""Grading was transparent and feedback was timely."", ""theme"": ""assessment"", ""sentiment"": ""pos""}]",
R000226,MTH202,F06,2024-Autumn,"[{""text"": ""The pace of the course was just right."", ""theme"": ""pace"", ""sentiment"": ""pos""}, {""text"": ""I could not understand most of the derivations."", ""theme"": ""clarity"", ""sentiment"": ""neg""}]",
R000227,MTH202,F06,2024-Autumn,"[{""text"": ""Results were delayed and there was no feedback on answers."", ""theme"": ""assessment"", ""sentiment"": ""neg""}]",
R000228,MTH202,F06,2024-Autumn,"[{""text"": ""Real world examples kept the class lively."", ""theme"": ""engagement"", ""sentiment"": ""pos""}, {""text"": ""The faculty was not approachable when we had doubts."", ""theme"": ""support"", ""sentiment"": ""neg""}, {""text"": ""A reasonable number of assignments and projects."", ""theme"": ""workload"", ""sentiment"": ""pos""}]",
R000229,MTH202,F06,2024-Autumn,"[{""text"": ""Concepts were explained very clearly."", ""theme"": ""clarity"", ""sentiment"": ""pos""}]",
R000230,MTH202,F06,2024-Autumn,"[{""text"": ""The sessions were engaging with lots of discussion."", ""theme"": ""engagement"", ""sentiment"": ""pos""}, {""text"": ""Materials were okay."", ""theme"": ""resources"", ""sentiment"": ""neu""}]",
R000231,MTH202,F06,2024-Autumn,"[{""text"": ""The assignment load was manageable."", ""theme"": ""workload"", ""sentiment"": ""pos""}, {""text"": ""Topics were covered in a well paced manner."", ""theme"": ""pace"", ""sentiment"": ""pos""}, {""text"": ""Classes were interactive and interesting."", ""theme"": ""engagement"", ""sentiment"": ""pos""}]",
R000232,MTH202,F06,2024-Autumn,"[{""text"": ""Classes were interactive and interesting."", ""theme"": ""engagement"", ""sentiment"": ""pos""}, {""text"": ""The teaching lacked clarity and examples."", ""theme"": ""clarity"", ""sentiment"": ""neg""}]",
R000233,MTH202,F06,2024-Autumn,"[{""text"": ""Office hours existed but were rarely used."", ""theme"": ""support"", ""sentiment"": ""neu""}, {""text"": ""The explanations were clear and well structured."", ""theme"": ""clarity"", ""sentiment"": ""pos""}, {""text"": ""Slides were not shared on time."", ""theme"": ""resources"", ""sentiment"": ""neg""}, {""text"": ""Would not recommend it."", ""theme"": ""overall"", ""sentiment"": ""neg""}]",
R000234,MTH202,F06,2024-Autumn,"[{""text"": ""Exams were fair and matched what was taught."", ""theme"": ""assessment"", ""sentiment"": ""pos""}]",
R000235,MTH301,F06,2024-Autumn,"[{""text"": ""The explanations were clear and well structured."", ""theme"": ""clarity"", ""sentiment"": ""pos""}, {""text"": ""Quick replies to our queries and helpful guidance."", ""theme"": ""support"", ""sentiment"": ""pos""}, {""text"": ""This course needs a lot of improvement."", ""theme"": ""overall"", ""sentiment"": ""neg""}]",
R000236,MTH301,F06,2024-Autumn,"[{""text"": ""Always available for doubt clearing after class."", ""theme"": ""support"", ""sentiment"": ""pos""}, {""text"": ""The explanations were clear and well structured."", ""theme"": ""clarity"", ""sentiment"": ""pos""}, {""text"": ""Quizzes helped us track our progress."", ""theme"": ""assessment"", ""sentiment"": ""pos""}]",
R000237,MTH301,F06,2024-Autumn,"[{""text"": ""Grading was transparent and feedback was timely."", ""theme"": ""assessment"", ""sentiment"": ""pos""}]",
R000238,MTH301,F06,2024-Autumn,"[{""text"": ""Lectures were just slide reading with no interaction."", ""theme"": ""engagement"", ""sentiment"": ""neg""}]",Tanvi Gill|K22AB
R000239,MTH301,F06,2024-Autumn,"[{""text"": ""Slides were not shared on time."", ""theme"": ""resources"", ""sentiment"": ""neg""}]",Diya Khanna|12442624
R000240,MTH301,F06,2024-Autumn,"[{""text"": ""Recorded lectures and study material helped a lot."", ""theme"": ""resources"", ""sentiment"": ""pos""}, {""text"": ""Quizzes helped us track our progress."", ""theme"": ""assessment"", ""sentiment"": ""pos""}]",
R000241,MTH301,F06,2024-Autumn,"[{""text"": ""Doubts were often ignored or brushed aside."", ""theme"": ""support"", ""sentiment"": ""neg""}, {""text"": ""Every doubt got cleared through simple examples."", ""theme"": ""clarity"", ""sentiment"": ""pos""}, {""text"": ""We skipped through important topics in a hurry."", ""theme"": ""pace"", ""sentiment"": ""neg""}]",Simran
R000242,MTH301,F06,2024-Autumn,"[{""text"": ""Real world examples kept the class lively."", ""theme"": ""engagement"", ""sentiment"": ""pos""}, {""text"": ""The explanations were clear and well structured."", ""theme"": ""clarity"", ""sentiment"": ""pos""}]",
R000243,MTH301,F06,2024-Autumn,"[{""text"": ""Grading felt unfair and marks were not explained."", ""theme"": ""assessment"", ""sentiment"": ""neg""}, {""text"": ""Examples made difficult topics easy to understand."", ""theme"": ""clarity"", ""sentiment"": ""pos""}, {""text"": ""Overall a great course."", ""theme"": ""overall"", ""sentiment"": ""pos""}]",Kavya Khanna|K22AB
R000244,MTH301,F06,2024-Autumn,"[{""text"": ""Topics were covered in a well paced manner."", ""theme"": ""pace"", ""sentiment"": ""pos""}, {""text"": ""Classes were boring and monotonous."", ""theme"": ""engagement"", ""sentiment"": ""neg""}]",
R000245,MTH301,F06,2024-Autumn,"[{""text"": ""Lectures felt rushed and it was hard to keep up."", ""theme"": ""pace"", ""sentiment"": ""neg""}, {""text"": ""Very supportive and encouraging towards students."", ""theme"": ""support"", ""sentiment"": ""pos""}]",
R000246,MTH301,F06,2024-Autumn,"[{""text"": ""Study material was outdated."", ""theme"": ""resources"", ""sentiment"": ""neg""}, {""text"": ""The explanations were clear and well structured."", ""theme"": ""clarity"", ""sentiment"": ""pos""}]",
R000247,MTH301,F06,2024-Autumn,"[{""text"": ""The teaching lacked clarity and examples."", ""theme"": ""clarity"", ""sentiment"": ""neg""}, {""text"": ""Workload was average."", ""theme"": ""workload"", ""sentiment"": ""neu""}, {""text"": ""Really enjoyed this subject."", ""theme"": ""overall"", ""sentiment"": ""pos""}]",
R000248,MTH301,F06,2024-Autumn,"[{""text"": ""Exams were fair and matched what was taught."", ""theme"": ""assessment"", ""sentiment"": ""pos""}, {""text"": ""Thanks to Prof. Bedi."", ""theme"": ""none"", ""sentiment"": ""neu""}]",
R000249,MTH301,F06,2024-Autumn,"[{""text"": ""Many concepts were not explained properly."", ""theme"": ""clarity"", ""sentiment"": ""neg""}, {""text"": ""Always available for doubt clearing after class."", ""theme"": ""support"", ""sentiment"": ""pos""}]",
R000250,MTH301,F06,2024-Autumn,"[{""text"": ""Clarity of explanation was average."", ""theme"": ""clarity"", ""sentiment"": ""neu""}, {""text"": ""Good balance between depth and speed."", ""theme"": ""pace"", ""sentiment"": ""pos""}]",
R000251,MTH301,F06,2024-Autumn,"[{""text"": ""Notes and slides shared were very useful."", ""theme"": ""resources"", ""sentiment"": ""pos""}]",
R000252,MTH301,F06,2024-Autumn,"[{""text"": ""Workload was average."", ""theme"": ""workload"", ""sentiment"": ""neu""}, {""text"": ""The syllabus was covered way too fast."", ""theme"": ""pace"", ""sentiment"": ""neg""}]",
R000253,MTH301,F06,2024-Autumn,"[{""text"": ""Some topics were clear and some were not."", ""theme"": ""clarity"", ""sentiment"": ""neu""}, {""text"": ""Lectures moved at a comfortable speed and we never felt rushed."", ""theme"": ""pace"", ""sentiment"": ""pos""}, {""text"": ""Slides were not shared on time."", ""theme"": ""resources"", ""sentiment"": ""neg""}]",
R000254,MTH301,F06,2024-Autumn,"[{""text"": ""Emails were never answered."", ""theme"": ""support"", ""sentiment"": ""neg""}, {""text"": ""Lectures moved at a comfortable speed and we never felt rushed."", ""theme"": ""pace"", ""sentiment"": ""pos""}]",
R000255,MTH301,F06,2024-Autumn,"[{""text"": ""Real world examples kept the class lively."", ""theme"": ""engagement"", ""sentiment"": ""pos""}, {""text"": ""The explanations were clear and well structured."", ""theme"": ""clarity"", ""sentiment"": ""pos""}]",
R000256,MTH301,F06,2024-Autumn,"[{""text"": ""The teaching lacked clarity and examples."", ""theme"": ""clarity"", ""sentiment"": ""neg""}]",
R000257,MTH301,F06,2024-Autumn,"[{""text"": ""The sessions were engaging with lots of discussion."", ""theme"": ""engagement"", ""sentiment"": ""pos""}, {""text"": ""Thanks to Prof. Bedi."", ""theme"": ""none"", ""sentiment"": ""neu""}]",
R000258,MTH301,F06,2024-Autumn,"[{""text"": ""No proper reference books were suggested."", ""theme"": ""resources"", ""sentiment"": ""neg""}, {""text"": ""The assignment load was manageable."", ""theme"": ""workload"", ""sentiment"": ""pos""}]",
R000259,MTH301,F06,2024-Autumn,"[{""text"": ""Lab systems were poor and resources insufficient."", ""theme"": ""resources"", ""sentiment"": ""neg""}, {""text"": ""Grading felt unfair and marks were not explained."", ""theme"": ""assessment"", ""sentiment"": ""neg""}, {""text"": ""Lectures moved at a comfortable speed and we never felt rushed."", ""theme"": ""pace"", ""sentiment"": ""pos""}]",
R000260,MTH301,F06,2024-Autumn,"[{""text"": ""Deadlines were piled up one after another."", ""theme"": ""workload"", ""sentiment"": ""neg""}]",
R000261,MTH301,F06,2024-Autumn,"[{""text"": ""The assignment load was manageable."", ""theme"": ""workload"", ""sentiment"": ""pos""}, {""text"": ""Good reference material and lab resources were provided."", ""theme"": ""resources"", ""sentiment"": ""pos""}]",
R000262,MTH301,F06,2024-Autumn,"[{""text"": ""No proper reference books were suggested."", ""theme"": ""resources"", ""sentiment"": ""neg""}]",
R000263,MTH301,F06,2024-Autumn,"[{""text"": ""Real world examples kept the class lively."", ""theme"": ""engagement"", ""sentiment"": ""pos""}]",
R000264,MTH301,F06,2024-Autumn,"[{""text"": ""Every doubt got cleared through simple examples."", ""theme"": ""clarity"", ""sentiment"": ""pos""}, {""text"": ""The assignment load was manageable."", ""theme"": ""workload"", ""sentiment"": ""pos""}]",
R000265,MTH301,F06,2024-Autumn,"[{""text"": ""Grading was transparent and feedback was timely."", ""theme"": ""assessment"", ""sentiment"": ""pos""}, {""text"": ""Thanks to Prof. Bedi."", ""theme"": ""none"", ""sentiment"": ""neu""}]",
R000266,MTH301,F06,2024-Autumn,"[{""text"": ""Support was available sometimes."", ""theme"": ""support"", ""sentiment"": ""neu""}]",
R000267,MTH301,F06,2024-Autumn,"[{""text"": ""The explanations were clear and well structured."", ""theme"": ""clarity"", ""sentiment"": ""pos""}]",
R000268,MTH301,F06,2024-Autumn,"[{""text"": ""Concepts were explained very clearly."", ""theme"": ""clarity"", ""sentiment"": ""pos""}]",
R000269,MTH301,F06,2024-Autumn,"[{""text"": ""Evaluation criteria were never clear."", ""theme"": ""assessment"", ""sentiment"": ""neg""}, {""text"": ""Classes were interactive and interesting."", ""theme"": ""engagement"", ""sentiment"": ""pos""}]",
R000270,CSE201,F01,2025-Spring,"[{""text"": ""Clarity of explanation was average."", ""theme"": ""clarity"", ""sentiment"": ""neu""}]",
R000271,CSE201,F01,2025-Spring,"[{""text"": ""The faculty was very approachable and answered all our doubts."", ""theme"": ""support"", ""sentiment"": ""pos""}, {""text"": ""I could not understand most of the derivations."", ""theme"": ""clarity"", ""sentiment"": ""neg""}]",Tanvi Verma|K22AB
R000272,CSE201,F01,2025-Spring,"[{""text"": ""Some topics were clear and some were not."", ""theme"": ""clarity"", ""sentiment"": ""neu""}]",
R000273,CSE201,F01,2025-Spring,"[{""text"": ""Always available for doubt clearing after class."", ""theme"": ""support"", ""sentiment"": ""pos""}]",
R000274,CSE201,F01,2025-Spring,"[{""text"": ""The syllabus was covered way too fast."", ""theme"": ""pace"", ""sentiment"": ""neg""}, {""text"": ""Grading was transparent and feedback was timely."", ""theme"": ""assessment"", ""sentiment"": ""pos""}]",
R000275,CSE201,F01,2025-Spring,"[{""text"": ""Real world examples kept the class lively."", ""theme"": ""engagement"", ""sentiment"": ""pos""}, {""text"": ""Really enjoyed this subject."", ""theme"": ""overall"", ""sentiment"": ""pos""}]",
R000276,CSE201,F01,2025-Spring,"[{""text"": ""The sessions were engaging with lots of discussion."", ""theme"": ""engagement"", ""sentiment"": ""pos""}, {""text"": ""A reasonable number of assignments and projects."", ""theme"": ""workload"", ""sentiment"": ""pos""}]",
R000277,CSE201,F01,2025-Spring,"[{""text"": ""The pace of the course was just right."", ""theme"": ""pace"", ""sentiment"": ""pos""}, {""text"": ""The teaching lacked clarity and examples."", ""theme"": ""clarity"", ""sentiment"": ""neg""}, {""text"": ""Exams were fair and matched what was taught."", ""theme"": ""assessment"", ""sentiment"": ""pos""}, {""text"": ""Overall a great course."", ""theme"": ""overall"", ""sentiment"": ""pos""}]",
R000278,CSE201,F01,2025-Spring,"[{""text"": ""I could not understand most of the derivations."", ""theme"": ""clarity"", ""sentiment"": ""neg""}]",
R000279,CSE201,F01,2025-Spring,"[{""text"": ""Too many assignments with very tight deadlines."", ""theme"": ""workload"", ""sentiment"": ""neg""}, {""text"": ""Quizzes helped us track our progress."", ""theme"": ""assessment"", ""sentiment"": ""pos""}, {""text"": ""Thanks to Dr. Sharma."", ""theme"": ""none"", ""sentiment"": ""neu""}]",
R000280,CSE201,F01,2025-Spring,"[{""text"": ""I could not understand most of the derivations."", ""theme"": ""clarity"", ""sentiment"": ""neg""}, {""text"": ""The workload was overwhelming alongside other courses."", ""theme"": ""workload"", ""sentiment"": ""neg""}]",
R000281,CSE201,F01,2025-Spring,"[{""text"": ""Real world examples kept the class lively."", ""theme"": ""engagement"", ""sentiment"": ""pos""}, {""text"": ""Slides were not shared on time."", ""theme"": ""resources"", ""sentiment"": ""neg""}, {""text"": ""Always available for doubt clearing after class."", ""theme"": ""support"", ""sentiment"": ""pos""}]",
R000282,CSE201,F01,2025-Spring,"[{""text"": ""The sessions were engaging with lots of discussion."", ""theme"": ""engagement"", ""sentiment"": ""pos""}, {""text"": ""Many concepts were not explained properly."", ""theme"": ""clarity"", ""sentiment"": ""neg""}, {""text"": ""Recorded lectures and study material helped a lot."", ""theme"": ""resources"", ""sentiment"": ""pos""}]",
R000283,CSE201,F01,2025-Spring,"[{""text"": ""Topics were covered in a well paced manner."", ""theme"": ""pace"", ""sentiment"": ""pos""}, {""text"": ""The assignment load was manageable."", ""theme"": ""workload"", ""sentiment"": ""pos""}, {""text"": ""Thanks to Dr. Sharma."", ""theme"": ""none"", ""sentiment"": ""neu""}]",
R000284,CSE201,F01,2025-Spring,"[{""text"": ""Results were delayed and there was no feedback on answers."", ""theme"": ""assessment"", ""sentiment"": ""neg""}, {""text"": ""The teaching lacked clarity and examples."", ""theme"": ""clarity"", ""sentiment"": ""neg""}, {""text"": ""Topics were covered in a well paced manner."", ""theme"": ""pace"", ""sentiment"": ""pos""}]",
R000285,CSE201,F01,2025-Spring,"[{""text"": ""Lab systems were poor and resources insufficient."", ""theme"": ""resources"", ""sentiment"": ""neg""}]",
R000286,CSE201,F01,2025-Spring,"[{""text"": ""Workload was average."", ""theme"": ""workload"", ""sentiment"": ""neu""}, {""text"": ""The pace of the course was just right."", ""theme"": ""pace"", ""sentiment"": ""pos""}, {""text"": ""This course needs a lot of improvement."", ""theme"": ""overall"", ""sentiment"": ""neg""}]",
R000287,CSE201,F01,2025-Spring,"[{""text"": ""Always available for doubt clearing after class."", ""theme"": ""support"", ""sentiment"": ""pos""}]",
R000288,CSE201,F01,2025-Spring,"[{""text"": ""The explanations were clear and well structured."", ""theme"": ""clarity"", ""sentiment"": ""pos""}, {""text"": ""Thanks to Dr. Sharma."", ""theme"": ""none"", ""sentiment"": ""neu""}]",
R000289,CSE201,F01,2025-Spring,"[{""text"": ""No proper reference books were suggested."", ""theme"": ""resources"", ""sentiment"": ""neg""}, {""text"": ""Results were delayed and there was no feedback on answers."", ""theme"": ""assessment"", ""sentiment"": ""neg""}]",
R000290,CSE201,F01,2025-Spring,"[{""text"": ""Evaluation criteria were never clear."", ""theme"": ""assessment"", ""sentiment"": ""neg""}, {""text"": ""Lectures moved at a comfortable speed and we never felt rushed."", ""theme"": ""pace"", ""sentiment"": ""pos""}, {""text"": ""The explanations were clear and well structured."", ""theme"": ""clarity"", ""sentiment"": ""pos""}]",
R000291,CSE201,F01,2025-Spring,"[{""text"": ""Doubts were often ignored or brushed aside."", ""theme"": ""support"", ""sentiment"": ""neg""}, {""text"": ""I could not understand most of the derivations."", ""theme"": ""clarity"", ""sentiment"": ""neg""}]",
R000292,CSE201,F01,2025-Spring,"[{""text"": ""Recorded lectures and study material helped a lot."", ""theme"": ""resources"", ""sentiment"": ""pos""}, {""text"": ""Quick replies to our queries and helpful guidance."", ""theme"": ""support"", ""sentiment"": ""pos""}]",
R000293,CSE201,F01,2025-Spring,"[{""text"": ""Good balance between depth and speed."", ""theme"": ""pace"", ""sentiment"": ""pos""}, {""text"": ""Workload was balanced across the semester."", ""theme"": ""workload"", ""sentiment"": ""pos""}, {""text"": ""Concepts were explained very clearly."", ""theme"": ""clarity"", ""sentiment"": ""pos""}]",kavya.chopra97@gmail.com
R000294,CSE201,F01,2025-Spring,"[{""text"": ""Projects took up far too much time."", ""theme"": ""workload"", ""sentiment"": ""neg""}, {""text"": ""The teaching lacked clarity and examples."", ""theme"": ""clarity"", ""sentiment"": ""neg""}]",
R000295,CSE201,F01,2025-Spring,"[{""text"": ""Explanations were confusing and hard to follow."", ""theme"": ""clarity"", ""sentiment"": ""neg""}, {""text"": ""Very supportive and encouraging towards students."", ""theme"": ""support"", ""sentiment"": ""pos""}, {""text"": ""Overall a great course."", ""theme"": ""overall"", ""sentiment"": ""pos""}]",
R000296,CSE201,F01,2025-Spring,"[{""text"": ""Office hours existed but were rarely used."", ""theme"": ""support"", ""sentiment"": ""neu""}]",Arjun Mehra|12486235
R000297,CSE201,F01,2025-Spring,"[{""text"": ""There was no discussion or activity in class."", ""theme"": ""engagement"", ""sentiment"": ""neg""}]",
R000298,CSE201,F01,2025-Spring,"[{""text"": ""The evaluation pattern was standard."", ""theme"": ""assessment"", ""sentiment"": ""neu""}, {""text"": ""Concepts were explained very clearly."", ""theme"": ""clarity"", ""sentiment"": ""pos""}]",
R000299,CSE201,F01,2025-Spring,"[{""text"": ""Recorded lectures and study material helped a lot."", ""theme"": ""resources"", ""sentiment"": ""pos""}, {""text"": ""The sessions were engaging with lots of discussion."", ""theme"": ""engagement"", ""sentiment"": ""pos""}, {""text"": ""The faculty was very approachable and answered all our doubts."", ""theme"": ""support"", ""sentiment"": ""pos""}]",
R000300,CSE201,F01,2025-Spring,"[{""text"": ""There was no support for students who were struggling."", ""theme"": ""support"", ""sentiment"": ""neg""}, {""text"": ""Recorded lectures and study material helped a lot."", ""theme"": ""resources"", ""sentiment"": ""pos""}]",
R000301,CSE201,F01,2025-Spring,"[{""text"": ""Real world examples kept the class lively."", ""theme"": ""engagement"", ""sentiment"": ""pos""}, {""text"": ""Grading was transparent and feedback was timely."", ""theme"": ""assessment"", ""sentiment"": ""pos""}, {""text"": ""The teaching lacked clarity and examples."", ""theme"": ""clarity"", ""sentiment"": ""neg""}]",
R000302,CSE201,F01,2025-Spring,"[{""text"": ""Classes were interactive and interesting."", ""theme"": ""engagement"", ""sentiment"": ""pos""}, {""text"": ""Always available for doubt clearing after class."", ""theme"": ""support"", ""sentiment"": ""pos""}]",
R000303,CSE201,F01,2025-Spring,"[{""text"": ""Classes were interactive and interesting."", ""theme"": ""engagement"", ""sentiment"": ""pos""}, {""text"": ""Good balance between depth and speed."", ""theme"": ""pace"", ""sentiment"": ""pos""}]",
R000304,CSE201,F01,2025-Spring,"[{""text"": ""The syllabus was covered way too fast."", ""theme"": ""pace"", ""sentiment"": ""neg""}, {""text"": ""Recorded lectures and study material helped a lot."", ""theme"": ""resources"", ""sentiment"": ""pos""}, {""text"": ""Quick replies to our queries and helpful guidance."", ""theme"": ""support"", ""sentiment"": ""pos""}]",
R000305,CSE201,F01,2025-Spring,"[{""text"": ""The teaching lacked clarity and examples."", ""theme"": ""clarity"", ""sentiment"": ""neg""}, {""text"": ""Grading felt unfair and marks were not explained."", ""theme"": ""assessment"", ""sentiment"": ""neg""}, {""text"": ""Thanks to Dr. Sharma."", ""theme"": ""none"", ""sentiment"": ""neu""}]",
R000306,CSE201,F01,2025-Spring,"[{""text"": ""The syllabus was covered way too fast."", ""theme"": ""pace"", ""sentiment"": ""neg""}]",
R000307,CSE201,F01,2025-Spring,"[{""text"": ""Many concepts were not explained properly."", ""theme"": ""clarity"", ""sentiment"": ""neg""}, {""text"": ""Exams were of moderate difficulty."", ""theme"": ""assessment"", ""sentiment"": ""neu""}, {""text"": ""Good reference material and lab resources were provided."", ""theme"": ""resources"", ""sentiment"": ""pos""}, {""text"": ""Thanks to Dr. Sharma."", ""theme"": ""none"", ""sentiment"": ""neu""}]",
R000308,CSE201,F01,2025-Spring,"[{""text"": ""Explanations were confusing and hard to follow."", ""theme"": ""clarity"", ""sentiment"": ""neg""}, {""text"": ""Topics were covered in a well paced manner."", ""theme"": ""pace"", ""sentiment"": ""pos""}, {""text"": ""Thanks to Dr. Sharma."", ""theme"": ""none"", ""sentiment"": ""neu""}]",
R000309,CSE201,F01,2025-Spring,"[{""text"": ""Grading was transparent and feedback was timely."", ""theme"": ""assessment"", ""sentiment"": ""pos""}, {""text"": ""The pace of the course was just right."", ""theme"": ""pace"", ""sentiment"": ""pos""}, {""text"": ""Would not recommend it."", ""theme"": ""overall"", ""sentiment"": ""neg""}, {""text"": ""Thanks to Dr. Sharma."", ""theme"": ""none"", ""sentiment"": ""neu""}]",
R000310,CSE201,F01,2025-Spring,"[{""text"": ""Real world examples kept the class lively."", ""theme"": ""engagement"", ""sentiment"": ""pos""}, {""text"": ""The faculty was not approachable when we had doubts."", ""theme"": ""support"", ""sentiment"": ""neg""}, {""text"": ""Thanks to Dr. Sharma."", ""theme"": ""none"", ""sentiment"": ""neu""}]",
R000311,CSE201,F01,2025-Spring,"[{""text"": ""Support was available sometimes."", ""theme"": ""support"", ""sentiment"": ""neu""}, {""text"": ""Grading was transparent and feedback was timely."", ""theme"": ""assessment"", ""sentiment"": ""pos""}, {""text"": ""Would recommend this course to others."", ""theme"": ""overall"", ""sentiment"": ""pos""}]",
R000312,CSE201,F01,2025-Spring,"[{""text"": ""Lectures felt rushed and it was hard to keep up."", ""theme"": ""pace"", ""sentiment"": ""neg""}, {""text"": ""Exams were fair and matched what was taught."", ""theme"": ""assessment"", ""sentiment"": ""pos""}]",
R000313,CSE201,F01,2025-Spring,"[{""text"": ""The syllabus was covered way too fast."", ""theme"": ""pace"", ""sentiment"": ""neg""}]",
R000314,CSE201,F01,2025-Spring,"[{""text"": ""I could not understand most of the derivations."", ""theme"": ""clarity"", ""sentiment"": ""neg""}]",
R000315,CSE201,F01,2025-Spring,"[{""text"": ""Classes were boring and monotonous."", ""theme"": ""engagement"", ""sentiment"": ""neg""}, {""text"": ""Lectures moved at a comfortable speed and we never felt rushed."", ""theme"": ""pace"", ""sentiment"": ""pos""}, {""text"": ""Would recommend this course to others."", ""theme"": ""overall"", ""sentiment"": ""pos""}]",
R000316,CSE201,F01,2025-Spring,"[{""text"": ""The explanations were clear and well structured."", ""theme"": ""clarity"", ""sentiment"": ""pos""}, {""text"": ""This course needs a lot of improvement."", ""theme"": ""overall"", ""sentiment"": ""neg""}]",
R000317,CSE201,F01,2025-Spring,"[{""text"": ""Concepts were explained very clearly."", ""theme"": ""clarity"", ""sentiment"": ""pos""}, {""text"": ""Classes were interactive and interesting."", ""theme"": ""engagement"", ""sentiment"": ""pos""}]",
R000318,CSE201,F01,2025-Spring,"[{""text"": ""I could not understand most of the derivations."", ""theme"": ""clarity"", ""sentiment"": ""neg""}, {""text"": ""Exams were fair and matched what was taught."", ""theme"": ""assessment"", ""sentiment"": ""pos""}]",
R000319,CSE201,F01,2025-Spring,"[{""text"": ""Real world examples kept the class lively."", ""theme"": ""engagement"", ""sentiment"": ""pos""}, {""text"": ""Projects took up far too much time."", ""theme"": ""workload"", ""sentiment"": ""neg""}, {""text"": ""Overall a great course."", ""theme"": ""overall"", ""sentiment"": ""pos""}]",
R000320,CSE201,F01,2025-Spring,"[{""text"": ""Lectures moved at a comfortable speed and we never felt rushed."", ""theme"": ""pace"", ""sentiment"": ""pos""}]",
R000321,CSE201,F01,2025-Spring,"[{""text"": ""Exams were fair and matched what was taught."", ""theme"": ""assessment"", ""sentiment"": ""pos""}, {""text"": ""Thanks to Dr. Sharma."", ""theme"": ""none"", ""sentiment"": ""neu""}]",
R000322,CSE201,F01,2025-Spring,"[{""text"": ""Grading was transparent and feedback was timely."", ""theme"": ""assessment"", ""sentiment"": ""pos""}, {""text"": ""This course needs a lot of improvement."", ""theme"": ""overall"", ""sentiment"": ""neg""}]",
R000323,CSE201,F01,2025-Spring,"[{""text"": ""Very supportive and encouraging towards students."", ""theme"": ""support"", ""sentiment"": ""pos""}, {""text"": ""Lectures were just slide reading with no interaction."", ""theme"": ""engagement"", ""sentiment"": ""neg""}]",
R000324,CSE201,F01,2025-Spring,"[{""text"": ""Classes were interactive and interesting."", ""theme"": ""engagement"", ""sentiment"": ""pos""}, {""text"": ""Some topics were clear and some were not."", ""theme"": ""clarity"", ""sentiment"": ""neu""}]",
R000325,CSE305,F02,2025-Spring,"[{""text"": ""Classes were boring and monotonous."", ""theme"": ""engagement"", ""sentiment"": ""neg""}, {""text"": ""Topics were covered in a well paced manner."", ""theme"": ""pace"", ""sentiment"": ""pos""}, {""text"": ""Study material was outdated."", ""theme"": ""resources"", ""sentiment"": ""neg""}]",
R000326,CSE305,F02,2025-Spring,"[{""text"": ""Every doubt got cleared through simple examples."", ""theme"": ""clarity"", ""sentiment"": ""pos""}, {""text"": ""Classes were boring and monotonous."", ""theme"": ""engagement"", ""sentiment"": ""neg""}, {""text"": ""Emails were never answered."", ""theme"": ""support"", ""sentiment"": ""neg""}]",
R000327,CSE305,F02,2025-Spring,"[{""text"": ""Materials were okay."", ""theme"": ""resources"", ""sentiment"": ""neu""}, {""text"": ""The sessions were engaging with lots of discussion."", ""theme"": ""engagement"", ""sentiment"": ""pos""}, {""text"": ""Overall I am not satisfied with this course."", ""theme"": ""overall"", ""sentiment"": ""neg""}]",
R000328,CSE305,F02,2025-Spring,"[{""text"": ""Slides were not shared on time."", ""theme"": ""resources"", ""sentiment"": ""neg""}]",Kavya
R000329,CSE305,F02,2025-Spring,"[{""text"": ""Emails were never answered."", ""theme"": ""support"", ""sentiment"": ""neg""}, {""text"": ""The workload was overwhelming alongside other courses."", ""theme"": ""workload"", ""sentiment"": ""neg""}]",
R000330,CSE305,F02,2025-Spring,"[{""text"": ""Exams were fair and matched what was taught."", ""theme"": ""assessment"", ""sentiment"": ""pos""}, {""text"": ""Many concepts were not explained properly."", ""theme"": ""clarity"", ""sentiment"": ""neg""}, {""text"": ""The assignment load was manageable."", ""theme"": ""workload"", ""sentiment"": ""pos""}, {""text"": ""Overall a great course."", ""theme"": ""overall"", ""sentiment"": ""pos""}]",
R000331,CSE305,F02,2025-Spring,"[{""text"": ""Notes and slides shared were very useful."", ""theme"": ""resources"", ""sentiment"": ""pos""}, {""text"": ""Deadlines were piled up one after another."", ""theme"": ""workload"", ""sentiment"": ""neg""}]",
R000332,CSE305,F02,2025-Spring,"[{""text"": ""Too many assignments with very tight deadlines."", ""theme"": ""workload"", ""sentiment"": ""neg""}, {""text"": ""Explanations were confusing and hard to follow."", ""theme"": ""clarity"", ""sentiment"": ""neg""}, {""text"": ""Recorded lectures and study material helped a lot."", ""theme"": ""resources"", ""sentiment"": ""pos""}, {""text"": ""Really enjoyed this subject."", ""theme"": ""overall"", ""sentiment"": ""pos""}]",
R000333,CSE305,F02,2025-Spring,"[{""text"": ""Concepts were explained very clearly."", ""theme"": ""clarity"", ""sentiment"": ""pos""}, {""text"": ""Speed of teaching was average."", ""theme"": ""pace"", ""sentiment"": ""neu""}, {""text"": ""Workload was balanced across the semester."", ""theme"": ""workload"", ""sentiment"": ""pos""}]",
R000334,CSE305,F02,2025-Spring,"[{""text"": ""Concepts were explained very clearly."", ""theme"": ""clarity"", ""sentiment"": ""pos""}]",
R000335,CSE305,F02,2025-Spring,"[{""text"": ""Doubts were often ignored or brushed aside."", ""theme"": ""support"", ""sentiment"": ""neg""}, {""text"": ""The sessions were engaging with lots of discussion."", ""theme"": ""engagement"", ""sentiment"": ""pos""}]",9910660570|99106 60570
R000336,CSE305,F02,2025-Spring,"[{""text"": ""The faculty was not approachable when we had doubts."", ""theme"": ""support"", ""sentiment"": ""neg""}]",
R000337,CSE305,F02,2025-Spring,"[{""text"": ""No proper reference books were suggested."", ""theme"": ""resources"", ""sentiment"": ""neg""}, {""text"": ""Would not recommend it."", ""theme"": ""overall"", ""sentiment"": ""neg""}]",
R000338,CSE305,F02,2025-Spring,"[{""text"": ""Deadlines were piled up one after another."", ""theme"": ""workload"", ""sentiment"": ""neg""}, {""text"": ""Some sessions were interesting."", ""theme"": ""engagement"", ""sentiment"": ""neu""}]",
R000339,CSE305,F02,2025-Spring,"[{""text"": ""Every doubt got cleared through simple examples."", ""theme"": ""clarity"", ""sentiment"": ""pos""}]",
R000340,CSE305,F02,2025-Spring,"[{""text"": ""Projects took up far too much time."", ""theme"": ""workload"", ""sentiment"": ""neg""}, {""text"": ""It was hard to stay interested during sessions."", ""theme"": ""engagement"", ""sentiment"": ""neg""}, {""text"": ""Overall I am not satisfied with this course."", ""theme"": ""overall"", ""sentiment"": ""neg""}, {""text"": ""Thanks to Prof. Kulkarni."", ""theme"": ""none"", ""sentiment"": ""neu""}]",
R000341,CSE305,F02,2025-Spring,"[{""text"": ""Too many assignments with very tight deadlines."", ""theme"": ""workload"", ""sentiment"": ""neg""}]",
R000342,CSE305,F02,2025-Spring,"[{""text"": ""The faculty was very approachable and answered all our doubts."", ""theme"": ""support"", ""sentiment"": ""pos""}, {""text"": ""Quizzes helped us track our progress."", ""theme"": ""assessment"", ""sentiment"": ""pos""}, {""text"": ""Overall a great course."", ""theme"": ""overall"", ""sentiment"": ""pos""}]",
R000343,CSE305,F02,2025-Spring,"[{""text"": ""The faculty was very approachable and answered all our doubts."", ""theme"": ""support"", ""sentiment"": ""pos""}, {""text"": ""The teaching lacked clarity and examples."", ""theme"": ""clarity"", ""sentiment"": ""neg""}, {""text"": ""Overall a great course."", ""theme"": ""overall"", ""sentiment"": ""pos""}]",
R000344,CSE305,F02,2025-Spring,"[{""text"": ""Many concepts were not explained properly."", ""theme"": ""clarity"", ""sentiment"": ""neg""}, {""text"": ""Thanks to Prof. Kulkarni."", ""theme"": ""none"", ""sentiment"": ""neu""}]",
R000345,CSE305,F02,2025-Spring,"[{""text"": ""A reasonable number of assignments and projects."", ""theme"": ""workload"", ""sentiment"": ""pos""}, {""text"": ""No proper reference books were suggested."", ""theme"": ""resources"", ""sentiment"": ""neg""}, {""text"": ""Lectures felt rushed and it was hard to keep up."", ""theme"": ""pace"", ""sentiment"": ""neg""}]",
R000346,CSE305,F02,2025-Spring,"[{""text"": ""The pace was too slow and classes dragged on."", ""theme"": ""pace"", ""sentiment"": ""neg""}, {""text"": ""Thanks to Prof. Kulkarni."", ""theme"": ""none"", ""sentiment"": ""neu""}]",
R000347,CSE305,F02,2025-Spring,"[{""text"": ""Doubts were often ignored or brushed aside."", ""theme"": ""support"", ""sentiment"": ""neg""}, {""text"": ""Deadlines were piled up one after another."", ""theme"": ""workload"", ""sentiment"": ""neg""}, {""text"": ""Clarity of explanation was average."", ""theme"": ""clarity"", ""sentiment"": ""neu""}]",
R000348,CSE305,F02,2025-Spring,"[{""text"": ""The pace was okay, neither fast nor slow."", ""theme"": ""pace"", ""sentiment"": ""neu""}, {""text"": ""Slides were not shared on time."", ""theme"": ""resources"", ""sentiment"": ""neg""}]",
R000349,CSE305,F02,2025-Spring,"[{""text"": ""Deadlines were piled up one after another."", ""theme"": ""workload"", ""sentiment"": ""neg""}, {""text"": ""Every doubt got cleared through simple examples."", ""theme"": ""clarity"", ""sentiment"": ""pos""}]",
R000350,CSE305,F02,2025-Spring,"[{""text"": ""Projects took up far too much time."", ""theme"": ""workload"", ""sentiment"": ""neg""}, {""text"": ""The pace of the course was just right."", ""theme"": ""pace"", ""sentiment"": ""pos""}, {""text"": ""I could not understand most of the derivations."", ""theme"": ""clarity"", ""sentiment"": ""neg""}]",
R000351,CSE305,F02,2025-Spring,"[{""text"": ""The syllabus was covered way too fast."", ""theme"": ""pace"", ""sentiment"": ""neg""}, {""text"": ""Very supportive and encouraging towards students."", ""theme"": ""support"", ""sentiment"": ""pos""}, {""text"": ""Some sessions were interesting."", ""theme"": ""engagement"", ""sentiment"": ""neu""}]",
R000352,CSE305,F02,2025-Spring,"[{""text"": ""Projects took up far too much time."", ""theme"": ""workload"", ""sentiment"": ""neg""}, {""text"": ""There was no support for students who were struggling."", ""theme"": ""support"", ""sentiment"": ""neg""}, {""text"": ""Notes and slides shared were very useful."", ""theme"": ""resources"", ""sentiment"": ""pos""}]",
R000353,CSE305,F02,2025-Spring,"[{""text"": ""Notes and slides shared were very useful."", ""theme"": ""resources"", ""sentiment"": ""pos""}, {""text"": ""Very supportive and encouraging towards students."", ""theme"": ""support"", ""sentiment"": ""pos""}]",Simran Verma|12460412
R000354,CSE305,F02,2025-Spring,"[{""text"": ""Deadlines were piled up one after another."", ""theme"": ""workload"", ""sentiment"": ""neg""}, {""text"": ""Notes and slides shared were very useful."", ""theme"": ""resources"", ""sentiment"": ""pos""}]",
R000355,CSE305,F02,2025-Spring,"[{""text"": ""The faculty was not approachable when we had doubts."", ""theme"": ""support"", ""sentiment"": ""neg""}, {""text"": ""The workload was overwhelming alongside other courses."", ""theme"": ""workload"", ""sentiment"": ""neg""}, {""text"": ""Thanks to Prof. Kulkarni."", ""theme"": ""none"", ""sentiment"": ""neu""}]",
R000356,CSE305,F02,2025-Spring,"[{""text"": ""We skipped through important topics in a hurry."", ""theme"": ""pace"", ""sentiment"": ""neg""}]",
R000357,CSE305,F02,2025-Spring,"[{""text"": ""Emails were never answered."", ""theme"": ""support"", ""sentiment"": ""neg""}]",
R000358,CSE305,F02,2025-Spring,"[{""text"": ""Evaluation criteria were never clear."", ""theme"": ""assessment"", ""sentiment"": ""neg""}]",
R000359,CSE305,F02,2025-Spring,"[{""text"": ""Classes were boring and monotonous."", ""theme"": ""engagement"", ""sentiment"": ""neg""}, {""text"": ""Emails were never answered."", ""theme"": ""support"", ""sentiment"": ""neg""}]",
R000360,CSE305,F02,2025-Spring,"[{""text"": ""Materials were okay."", ""theme"": ""resources"", ""sentiment"": ""neu""}, {""text"": ""Always available for doubt clearing after class."", ""theme"": ""support"", ""sentiment"": ""pos""}, {""text"": ""Would not recommend it."", ""theme"": ""overall"", ""sentiment"": ""neg""}]",Vivaan Khanna|K22AB
R000361,CSE305,F02,2025-Spring,"[{""text"": ""Grading felt unfair and marks were not explained."", ""theme"": ""assessment"", ""sentiment"": ""neg""}, {""text"": ""Real world examples kept the class lively."", ""theme"": ""engagement"", ""sentiment"": ""pos""}, {""text"": ""The faculty was not approachable when we had doubts."", ""theme"": ""support"", ""sentiment"": ""neg""}]",
R000362,CSE305,F02,2025-Spring,"[{""text"": ""Lectures were just slide reading with no interaction."", ""theme"": ""engagement"", ""sentiment"": ""neg""}, {""text"": ""Examples made difficult topics easy to understand."", ""theme"": ""clarity"", ""sentiment"": ""pos""}]",
R000363,CSE305,F02,2025-Spring,"[{""text"": ""Grading felt unfair and marks were not explained."", ""theme"": ""assessment"", ""sentiment"": ""neg""}, {""text"": ""Lab systems were poor and resources insufficient."", ""theme"": ""resources"", ""sentiment"": ""neg""}, {""text"": ""Thanks to Prof. Kulkarni."", ""theme"": ""none"", ""sentiment"": ""neu""}]",
R000364,CSE305,F02,2025-Spring,"[{""text"": ""There was no support for students who were struggling."", ""theme"": ""support"", ""sentiment"": ""neg""}]",tanvi.arora97@gmail.com
R000365,CSE305,F02,2025-Spring,"[{""text"": ""Engagement was average."", ""theme"": ""engagement"", ""sentiment"": ""neu""}]",
R000366,CSE305,F02,2025-Spring,"[{""text"": ""Support was available sometimes."", ""theme"": ""support"", ""sentiment"": ""neu""}]",
R000367,CSE305,F02,2025-Spring,"[{""text"": ""Lectures felt rushed and it was hard to keep up."", ""theme"": ""pace"", ""sentiment"": ""neg""}, {""text"": ""Exams were fair and matched what was taught."", ""theme"": ""assessment"", ""sentiment"": ""pos""}]",
R000368,CSE340,F03,2025-Spring,"[{""text"": ""The pace was too slow and classes dragged on."", ""theme"": ""pace"", ""sentiment"": ""neg""}, {""text"": ""Lectures were just slide reading with no interaction."", ""theme"": ""engagement"", ""sentiment"": ""neg""}]",
R000369,CSE340,F03,2025-Spring,"[{""text"": ""Grading was transparent and feedback was timely."", ""theme"": ""assessment"", ""sentiment"": ""pos""}, {""text"": ""Speed of teaching was average."", ""theme"": ""pace"", ""sentiment"": ""neu""}]",
R000370,CSE340,F03,2025-Spring,"[{""text"": ""Good reference material and lab resources were provided."", ""theme"": ""resources"", ""sentiment"": ""pos""}, {""text"": ""Grading was transparent and feedback was timely."", ""theme"": ""assessment"", ""sentiment"": ""pos""}, {""text"": ""There was no discussion or activity in class."", ""theme"": ""engagement"", ""sentiment"": ""neg""}]",
R000371,CSE340,F03,2025-Spring,"[{""text"": ""Many concepts were not explained properly."", ""theme"": ""clarity"", ""sentiment"": ""neg""}]",
R000372,CSE340,F03,2025-Spring,"[{""text"": ""Recorded lectures and study material helped a lot."", ""theme"": ""resources"", ""sentiment"": ""pos""}, {""text"": ""Workload was average."", ""theme"": ""workload"", ""sentiment"": ""neu""}, {""text"": ""Emails were never answered."", ""theme"": ""support"", ""sentiment"": ""neg""}, {""text"": ""Overall a great course."", ""theme"": ""overall"", ""sentiment"": ""pos""}]",
R000373,CSE340,F03,2025-Spring,"[{""text"": ""Notes and slides shared were very useful."", ""theme"": ""resources"", ""sentiment"": ""pos""}, {""text"": ""The workload was overwhelming alongside other courses."", ""theme"": ""workload"", ""sentiment"": ""neg""}, {""text"": ""Would recommend this course to others."", ""theme"": ""overall"", ""sentiment"": ""pos""}]",
R000374,CSE340,F03,2025-Spring,"[{""text"": ""The faculty was not approachable when we had doubts."", ""theme"": ""support"", ""sentiment"": ""neg""}, {""text"": ""The pace was okay, neither fast nor slow."", ""theme"": ""pace"", ""sentiment"": ""neu""}]",
R000375,CSE340,F03,2025-Spring,"[{""text"": ""Deadlines were piled up one after another."", ""theme"": ""workload"", ""sentiment"": ""neg""}]",
R000376,CSE340,F03,2025-Spring,"[{""text"": ""Classes were boring and monotonous."", ""theme"": ""engagement"", ""sentiment"": ""neg""}, {""text"": ""Good balance between depth and speed."", ""theme"": ""pace"", ""sentiment"": ""pos""}, {""text"": ""The explanations were clear and well structured."", ""theme"": ""clarity"", ""sentiment"": ""pos""}]",
R000377,CSE340,F03,2025-Spring,"[{""text"": ""Grading was transparent and feedback was timely."", ""theme"": ""assessment"", ""sentiment"": ""pos""}, {""text"": ""The pace was too slow and classes dragged on."", ""theme"": ""pace"", ""sentiment"": ""neg""}]",
R000378,CSE340,F03,2025-Spring,"[{""text"": ""Doubts were often ignored or brushed aside."", ""theme"": ""support"", ""sentiment"": ""neg""}]",
R000379,CSE340,F03,2025-Spring,"[{""text"": ""Too many assignments with very tight deadlines."", ""theme"": ""workload"", ""sentiment"": ""neg""}]",
R000380,CSE340,F03,2025-Spring,"[{""text"": ""The pace of the course was just right."", ""theme"": ""pace"", ""sentiment"": ""pos""}]",
R000381,CSE340,F03,2025-Spring,"[{""text"": ""There was no discussion or activity in class."", ""theme"": ""engagement"", ""sentiment"": ""neg""}, {""text"": ""Lectures moved at a comfortable speed and we never felt rushed."", ""theme"": ""pace"", ""sentiment"": ""pos""}, {""text"": ""Thanks to Dr. Iyer."", ""theme"": ""none"", ""sentiment"": ""neu""}]",
R000382,CSE340,F03,2025-Spring,"[{""text"": ""Concepts were explained very clearly."", ""theme"": ""clarity"", ""sentiment"": ""pos""}, {""text"": ""The pace of the course was just right."", ""theme"": ""pace"", ""sentiment"": ""pos""}, {""text"": ""Notes and slides shared were very useful."", ""theme"": ""resources"", ""sentiment"": ""pos""}, {""text"": ""Would not recommend it."", ""theme"": ""overall"", ""sentiment"": ""neg""}]",
R000383,CSE340,F03,2025-Spring,"[{""text"": ""Study material was outdated."", ""theme"": ""resources"", ""sentiment"": ""neg""}, {""text"": ""Exams were fair and matched what was taught."", ""theme"": ""assessment"", ""sentiment"": ""pos""}]",
R000384,CSE340,F03,2025-Spring,"[{""text"": ""The sessions were engaging with lots of discussion."", ""theme"": ""engagement"", ""sentiment"": ""pos""}, {""text"": ""Overall a great course."", ""theme"": ""overall"", ""sentiment"": ""pos""}]",
R000385,CSE340,F03,2025-Spring,"[{""text"": ""Speed of teaching was average."", ""theme"": ""pace"", ""sentiment"": ""neu""}, {""text"": ""Results were delayed and there was no feedback on answers."", ""theme"": ""assessment"", ""sentiment"": ""neg""}, {""text"": ""The sessions were engaging with lots of discussion."", ""theme"": ""engagement"", ""sentiment"": ""pos""}]",
R000386,CSE340,F03,2025-Spring,"[{""text"": ""Good reference material and lab resources were provided."", ""theme"": ""resources"", ""sentiment"": ""pos""}, {""text"": ""Really enjoyed this subject."", ""theme"": ""overall"", ""sentiment"": ""pos""}]",
R000387,CSE340,F03,2025-Spring,"[{""text"": ""Clarity of explanation was average."", ""theme"": ""clarity"", ""sentiment"": ""neu""}]",
R000388,CSE340,F03,2025-Spring,"[{""text"": ""Classes were boring and monotonous."", ""theme"": ""engagement"", ""sentiment"": ""neg""}, {""text"": ""Grading felt unfair and marks were not explained."", ""theme"": ""assessment"", ""sentiment"": ""neg""}]",
R000389,CSE340,F03,2025-Spring,"[{""text"": ""Recorded lectures and study material helped a lot."", ""theme"": ""resources"", ""sentiment"": ""pos""}, {""text"": ""The faculty was very approachable and answered all our doubts."", ""theme"": ""support"", ""sentiment"": ""pos""}]",
R000390,CSE340,F03,2025-Spring,"[{""text"": ""Explanations were confusing and hard to follow."", ""theme"": ""clarity"", ""sentiment"": ""neg""}, {""text"": ""The evaluation pattern was standard."", ""theme"": ""assessment"", ""sentiment"": ""neu""}, {""text"": ""Too many assignments with very tight deadlines."", ""theme"": ""workload"", ""sentiment"": ""neg""}]",
R000391,CSE340,F03,2025-Spring,"[{""text"": ""Topics were covered in a well paced manner."", ""theme"": ""pace"", ""sentiment"": ""pos""}]",
R000392,CSE340,F03,2025-Spring,"[{""text"": ""There was no support for students who were struggling."", ""theme"": ""support"", ""sentiment"": ""neg""}, {""text"": ""Lectures were just slide reading with no interaction."", ""theme"": ""engagement"", ""sentiment"": ""neg""}, {""text"": ""The explanations were clear and well structured."", ""theme"": ""clarity"", ""sentiment"": ""pos""}]",
R000393,CSE340,F03,2025-Spring,"[{""text"": ""Study material was outdated."", ""theme"": ""resources"", ""sentiment"": ""neg""}, {""text"": ""The assignment load was manageable."", ""theme"": ""workload"", ""sentiment"": ""pos""}]",
R000394,CSE340,F03,2025-Spring,"[{""text"": ""The pace was too slow and classes dragged on."", ""theme"": ""pace"", ""sentiment"": ""neg""}, {""text"": ""Quizzes helped us track our progress."", ""theme"": ""assessment"", ""sentiment"": ""pos""}, {""text"": ""It was hard to stay interested during sessions."", ""theme"": ""engagement"", ""sentiment"": ""neg""}]",
R000395,CSE340,F03,2025-Spring,"[{""text"": ""Good reference material and lab resources were provided."", ""theme"": ""resources"", ""sentiment"": ""pos""}, {""text"": ""Evaluation criteria were never clear."", ""theme"": ""assessment"", ""sentiment"": ""neg""}]",
R000396,CSE340,F03,2025-Spring,"[{""text"": ""Explanations were confusing and hard to follow."", ""theme"": ""clarity"", ""sentiment"": ""neg""}, {""text"": ""Very supportive and encouraging towards students."", ""theme"": ""support"", ""sentiment"": ""pos""}]",
R000397,CSE340,F03,2025-Spring,"[{""text"": ""Grading was transparent and feedback was timely."", ""theme"": ""assessment"", ""sentiment"": ""pos""}, {""text"": ""Thanks to Dr. Iyer."", ""theme"": ""none"", ""sentiment"": ""neu""}]",
R000398,CSE340,F03,2025-Spring,"[{""text"": ""Many concepts were not explained properly."", ""theme"": ""clarity"", ""sentiment"": ""neg""}, {""text"": ""Grading felt unfair and marks were not explained."", ""theme"": ""assessment"", ""sentiment"": ""neg""}, {""text"": ""Real world examples kept the class lively."", ""theme"": ""engagement"", ""sentiment"": ""pos""}]",
R000399,CSE340,F03,2025-Spring,"[{""text"": ""Deadlines were piled up one after another."", ""theme"": ""workload"", ""sentiment"": ""neg""}, {""text"": ""Emails were never answered."", ""theme"": ""support"", ""sentiment"": ""neg""}, {""text"": ""Grading was transparent and feedback was timely."", ""theme"": ""assessment"", ""sentiment"": ""pos""}]",
R000400,CSE340,F03,2025-Spring,"[{""text"": ""Exams were fair and matched what was taught."", ""theme"": ""assessment"", ""sentiment"": ""pos""}, {""text"": ""A normal amount of assignments."", ""theme"": ""workload"", ""sentiment"": ""neu""}]",
R000401,CSE340,F03,2025-Spring,"[{""text"": ""The explanations were clear and well structured."", ""theme"": ""clarity"", ""sentiment"": ""pos""}]",
R000402,CSE340,F03,2025-Spring,"[{""text"": ""It was hard to stay interested during sessions."", ""theme"": ""engagement"", ""sentiment"": ""neg""}]",
R000403,CSE340,F03,2025-Spring,"[{""text"": ""Real world examples kept the class lively."", ""theme"": ""engagement"", ""sentiment"": ""pos""}, {""text"": ""Quizzes helped us track our progress."", ""theme"": ""assessment"", ""sentiment"": ""pos""}]",
R000404,CSE340,F03,2025-Spring,"[{""text"": ""Quizzes helped us track our progress."", ""theme"": ""assessment"", ""sentiment"": ""pos""}, {""text"": ""Real world examples kept the class lively."", ""theme"": ""engagement"", ""sentiment"": ""pos""}, {""text"": ""Too many assignments with very tight deadlines."", ""theme"": ""workload"", ""sentiment"": ""neg""}]",
R000405,CSE310,F01,2025-Spring,"[{""text"": ""Examples made difficult topics easy to understand."", ""theme"": ""clarity"", ""sentiment"": ""pos""}, {""text"": ""Recorded lectures and study material helped a lot."", ""theme"": ""resources"", ""sentiment"": ""pos""}, {""text"": ""The pace of the course was just right."", ""theme"": ""pace"", ""sentiment"": ""pos""}]",
R000406,CSE310,F01,2025-Spring,"[{""text"": ""Classes were interactive and interesting."", ""theme"": ""engagement"", ""sentiment"": ""pos""}, {""text"": ""Many concepts were not explained properly."", ""theme"": ""clarity"", ""sentiment"": ""neg""}]",
R000407,CSE310,F01,2025-Spring,"[{""text"": ""Engagement was average."", ""theme"": ""engagement"", ""sentiment"": ""neu""}]",
R000408,CSE310,F01,2025-Spring,"[{""text"": ""Too many assignments with very tight deadlines."", ""theme"": ""workload"", ""sentiment"": ""neg""}, {""text"": ""Good balance between depth and speed."", ""theme"": ""pace"", ""sentiment"": ""pos""}]",
R000409,CSE310,F01,2025-Spring,"[{""text"": ""Results were delayed and there was no feedback on answers."", ""theme"": ""assessment"", ""sentiment"": ""neg""}, {""text"": ""Good reference material and lab resources were provided."", ""theme"": ""resources"", ""sentiment"": ""pos""}, {""text"": ""Clarity of explanation was average."", ""theme"": ""clarity"", ""sentiment"": ""neu""}, {""text"": ""This course needs a lot of improvement."", ""theme"": ""overall"", ""sentiment"": ""neg""}]",
R000410,CSE310,F01,2025-Spring,"[{""text"": ""Classes were boring and monotonous."", ""theme"": ""engagement"", ""sentiment"": ""neg""}]",
R000411,CSE310,F01,2025-Spring,"[{""text"": ""The sessions were engaging with lots of discussion."", ""theme"": ""engagement"", ""sentiment"": ""pos""}, {""text"": ""Resources were adequate."", ""theme"": ""resources"", ""sentiment"": ""neu""}, {""text"": ""Would not recommend it."", ""theme"": ""overall"", ""sentiment"": ""neg""}]",
R000412,CSE310,F01,2025-Spring,"[{""text"": ""The workload was overwhelming alongside other courses."", ""theme"": ""workload"", ""sentiment"": ""neg""}, {""text"": ""Overall it was an average course."", ""theme"": ""overall"", ""sentiment"": ""neu""}]",
R000413,CSE310,F01,2025-Spring,"[{""text"": ""Quizzes helped us track our progress."", ""theme"": ""assessment"", ""sentiment"": ""pos""}, {""text"": ""The explanations were clear and well structured."", ""theme"": ""clarity"", ""sentiment"": ""pos""}]",
R000414,CSE310,F01,2025-Spring,"[{""text"": ""Grading was transparent and feedback was timely."", ""theme"": ""assessment"", ""sentiment"": ""pos""}, {""text"": ""Classes were boring and monotonous."", ""theme"": ""engagement"", ""sentiment"": ""neg""}]",
R000415,CSE310,F01,2025-Spring,"[{""text"": ""Grading was transparent and feedback was timely."", ""theme"": ""assessment"", ""sentiment"": ""pos""}]",
R000416,CSE310,F01,2025-Spring,"[{""text"": ""Notes and slides shared were very useful."", ""theme"": ""resources"", ""sentiment"": ""pos""}, {""text"": ""Explanations were confusing and hard to follow."", ""theme"": ""clarity"", ""sentiment"": ""neg""}, {""text"": ""The pace was too slow and classes dragged on."", ""theme"": ""pace"", ""sentiment"": ""neg""}]",
R000417,CSE310,F01,2025-Spring,"[{""text"": ""Exam questions were out of syllabus."", ""theme"": ""assessment"", ""sentiment"": ""neg""}, {""text"": ""Classes were interactive and interesting."", ""theme"": ""engagement"", ""sentiment"": ""pos""}]",
R000418,CSE310,F01,2025-Spring,"[{""text"": ""Good balance between depth and speed."", ""theme"": ""pace"", ""sentiment"": ""pos""}]",
R000419,CSE310,F01,2025-Spring,"[{""text"": ""The faculty was very approachable and answered all our doubts."", ""theme"": ""support"", ""sentiment"": ""pos""}, {""text"": ""Grading was transparent and feedback was timely."", ""theme"": ""assessment"", ""sentiment"": ""pos""}]",
R000420,CSE310,F01,2025-Spring,"[{""text"": ""Always available for doubt clearing after class."", ""theme"": ""support"", ""sentiment"": ""pos""}, {""text"": ""Exam questions were out of syllabus."", ""theme"": ""assessment"", ""sentiment"": ""neg""}, {""text"": ""Really enjoyed this subject."", ""theme"": ""overall"", ""sentiment"": ""pos""}]",
R000421,CSE310,F01,2025-Spring,"[{""text"": ""The syllabus was covered way too fast."", ""theme"": ""pace"", ""sentiment"": ""neg""}, {""text"": ""A reasonable number of assignments and projects."", ""theme"": ""workload"", ""sentiment"": ""pos""}]",
R000422,CSE310,F01,2025-Spring,"[{""text"": ""The sessions were engaging with lots of discussion."", ""theme"": ""engagement"", ""sentiment"": ""pos""}, {""text"": ""The workload was overwhelming alongside other courses."", ""theme"": ""workload"", ""sentiment"": ""neg""}, {""text"": ""Overall I am not satisfied with this course."", ""theme"": ""overall"", ""sentiment"": ""neg""}]",
R000423,CSE310,F01,2025-Spring,"[{""text"": ""Classes were interactive and interesting."", ""theme"": ""engagement"", ""sentiment"": ""pos""}, {""text"": ""The faculty was very approachable and answered all our doubts."", ""theme"": ""support"", ""sentiment"": ""pos""}]",
R000424,CSE310,F01,2025-Spring,"[{""text"": ""Many concepts were not explained properly."", ""theme"": ""clarity"", ""sentiment"": ""neg""}]",
R000425,CSE310,F01,2025-Spring,"[{""text"": ""Always available for doubt clearing after class."", ""theme"": ""support"", ""sentiment"": ""pos""}, {""text"": ""Classes were interactive and interesting."", ""theme"": ""engagement"", ""sentiment"": ""pos""}]",
R000426,CSE310,F01,2025-Spring,"[{""text"": ""I could not understand most of the derivations."", ""theme"": ""clarity"", ""sentiment"": ""neg""}, {""text"": ""Workload was average."", ""theme"": ""workload"", ""sentiment"": ""neu""}, {""text"": ""Exams were of moderate difficulty."", ""theme"": ""assessment"", ""sentiment"": ""neu""}]",
R000427,CSE310,F01,2025-Spring,"[{""text"": ""Too many assignments with very tight deadlines."", ""theme"": ""workload"", ""sentiment"": ""neg""}, {""text"": ""Grading was transparent and feedback was timely."", ""theme"": ""assessment"", ""sentiment"": ""pos""}]",
R000428,CSE310,F01,2025-Spring,"[{""text"": ""Support was available sometimes."", ""theme"": ""support"", ""sentiment"": ""neu""}]",
R000429,CSE310,F01,2025-Spring,"[{""text"": ""Classes were interactive and interesting."", ""theme"": ""engagement"", ""sentiment"": ""pos""}, {""text"": ""Would recommend this course to others."", ""theme"": ""overall"", ""sentiment"": ""pos""}]",
R000430,CSE310,F01,2025-Spring,"[{""text"": ""The teaching lacked clarity and examples."", ""theme"": ""clarity"", ""sentiment"": ""neg""}, {""text"": ""The pace was too slow and classes dragged on."", ""theme"": ""pace"", ""sentiment"": ""neg""}]",
R000431,CSE310,F01,2025-Spring,"[{""text"": ""Very supportive and encouraging towards students."", ""theme"": ""support"", ""sentiment"": ""pos""}]",
R000432,CSE310,F01,2025-Spring,"[{""text"": ""The teaching lacked clarity and examples."", ""theme"": ""clarity"", ""sentiment"": ""neg""}, {""text"": ""There was no discussion or activity in class."", ""theme"": ""engagement"", ""sentiment"": ""neg""}]",
R000433,CSE310,F01,2025-Spring,"[{""text"": ""I could not understand most of the derivations."", ""theme"": ""clarity"", ""sentiment"": ""neg""}, {""text"": ""There was no discussion or activity in class."", ""theme"": ""engagement"", ""sentiment"": ""neg""}, {""text"": ""Thanks to Dr. Sharma."", ""theme"": ""none"", ""sentiment"": ""neu""}]",
R000434,ECE210,F04,2025-Spring,"[{""text"": ""Lab systems were poor and resources insufficient."", ""theme"": ""resources"", ""sentiment"": ""neg""}, {""text"": ""Really enjoyed this subject."", ""theme"": ""overall"", ""sentiment"": ""pos""}]",
R000435,ECE210,F04,2025-Spring,"[{""text"": ""I could not understand most of the derivations."", ""theme"": ""clarity"", ""sentiment"": ""neg""}, {""text"": ""Overall I am not satisfied with this course."", ""theme"": ""overall"", ""sentiment"": ""neg""}]",
R000436,ECE210,F04,2025-Spring,"[{""text"": ""There was no discussion or activity in class."", ""theme"": ""engagement"", ""sentiment"": ""neg""}]",
R000437,ECE210,F04,2025-Spring,"[{""text"": ""Very supportive and encouraging towards students."", ""theme"": ""support"", ""sentiment"": ""pos""}, {""text"": ""Engagement was average."", ""theme"": ""engagement"", ""sentiment"": ""neu""}, {""text"": ""A reasonable number of assignments and projects."", ""theme"": ""workload"", ""sentiment"": ""pos""}, {""text"": ""Really enjoyed this subject."", ""theme"": ""overall"", ""sentiment"": ""pos""}]",
R000438,ECE210,F04,2025-Spring,"[{""text"": ""No proper reference books were suggested."", ""theme"": ""resources"", ""sentiment"": ""neg""}]",Ishita
R000439,ECE210,F04,2025-Spring,"[{""text"": ""Exams were of moderate difficulty."", ""theme"": ""assessment"", ""sentiment"": ""neu""}, {""text"": ""Some topics were clear and some were not."", ""theme"": ""clarity"", ""sentiment"": ""neu""}, {""text"": ""Projects took up far too much time."", ""theme"": ""workload"", ""sentiment"": ""neg""}]",
R000440,ECE210,F04,2025-Spring,"[{""text"": ""Quizzes helped us track our progress."", ""theme"": ""assessment"", ""sentiment"": ""pos""}]",
R000441,ECE210,F04,2025-Spring,"[{""text"": ""The sessions were engaging with lots of discussion."", ""theme"": ""engagement"", ""sentiment"": ""pos""}, {""text"": ""Every doubt got cleared through simple examples."", ""theme"": ""clarity"", ""sentiment"": ""pos""}, {""text"": ""The pace of the course was just right."", ""theme"": ""pace"", ""sentiment"": ""pos""}]",
R000442,ECE210,F04,2025-Spring,"[{""text"": ""Classes were boring and monotonous."", ""theme"": ""engagement"", ""sentiment"": ""neg""}, {""text"": ""The faculty was not approachable when we had doubts."", ""theme"": ""support"", ""sentiment"": ""neg""}]",
R000443,ECE210,F04,2025-Spring,"[{""text"": ""The faculty was very approachable and answered all our doubts."", ""theme"": ""support"", ""sentiment"": ""pos""}, {""text"": ""Many concepts were not explained properly."", ""theme"": ""clarity"", ""sentiment"": ""neg""}, {""text"": ""Exam questions were out of syllabus."", ""theme"": ""assessment"", ""sentiment"": ""neg""}]",
R000444,ECE210,F04,2025-Spring,"[{""text"": ""Every doubt got cleared through simple examples."", ""theme"": ""clarity"", ""sentiment"": ""pos""}, {""text"": ""Always available for doubt clearing after class."", ""theme"": ""support"", ""sentiment"": ""pos""}, {""text"": ""This course needs a lot of improvement."", ""theme"": ""overall"", ""sentiment"": ""neg""}]",
R000445,ECE210,F04,2025-Spring,"[{""text"": ""Notes and slides shared were very useful."", ""theme"": ""resources"", ""sentiment"": ""pos""}, {""text"": ""There was no discussion or activity in class."", ""theme"": ""engagement"", ""sentiment"": ""neg""}]",
R000446,ECE210,F04,2025-Spring,"[{""text"": ""The assignment load was manageable."", ""theme"": ""workload"", ""sentiment"": ""pos""}, {""text"": ""The faculty was not approachable when we had doubts."", ""theme"": ""support"", ""sentiment"": ""neg""}]",
R000447,ECE210,F04,2025-Spring,"[{""text"": ""Clarity of explanation was average."", ""theme"": ""clarity"", ""sentiment"": ""neu""}, {""text"": ""The pace was too slow and classes dragged on."", ""theme"": ""pace"", ""sentiment"": ""neg""}, {""text"": ""Overall a great course."", ""theme"": ""overall"", ""sentiment"": ""pos""}]",
R000448,ECE210,F04,2025-Spring,"[{""text"": ""Grading felt unfair and marks were not explained."", ""theme"": ""assessment"", ""sentiment"": ""neg""}, {""text"": ""Explanations were confusing and hard to follow."", ""theme"": ""clarity"", ""sentiment"": ""neg""}, {""text"": ""The sessions were engaging with lots of discussion."", ""theme"": ""engagement"", ""sentiment"": ""pos""}, {""text"": ""Really enjoyed this subject."", ""theme"": ""overall"", ""sentiment"": ""pos""}]",
R000449,ECE210,F04,2025-Spring,"[{""text"": ""Always available for doubt clearing after class."", ""theme"": ""support"", ""sentiment"": ""pos""}, {""text"": ""The assignment load was manageable."", ""theme"": ""workload"", ""sentiment"": ""pos""}]",
R000450,ECE210,F04,2025-Spring,"[{""text"": ""Workload was balanced across the semester."", ""theme"": ""workload"", ""sentiment"": ""pos""}, {""text"": ""Emails were never answered."", ""theme"": ""support"", ""sentiment"": ""neg""}, {""text"": ""Overall a great course."", ""theme"": ""overall"", ""sentiment"": ""pos""}]",
R000451,ECE210,F04,2025-Spring,"[{""text"": ""Workload was balanced across the semester."", ""theme"": ""workload"", ""sentiment"": ""pos""}, {""text"": ""Lectures moved at a comfortable speed and we never felt rushed."", ""theme"": ""pace"", ""sentiment"": ""pos""}, {""text"": ""This course needs a lot of improvement."", ""theme"": ""overall"", ""sentiment"": ""neg""}]",
R000452,ECE210,F04,2025-Spring,"[{""text"": ""Lectures moved at a comfortable speed and we never felt rushed."", ""theme"": ""pace"", ""sentiment"": ""pos""}, {""text"": ""Good reference material and lab resources were provided."", ""theme"": ""resources"", ""sentiment"": ""pos""}]",
R000453,ECE210,F04,2025-Spring,"[{""text"": ""Doubts were often ignored or brushed aside."", ""theme"": ""support"", ""sentiment"": ""neg""}, {""text"": ""Thanks to Mr. Sandhu."", ""theme"": ""none"", ""sentiment"": ""neu""}]",
R000454,ECE210,F04,2025-Spring,"[{""text"": ""Many concepts were not explained properly."", ""theme"": ""clarity"", ""sentiment"": ""neg""}, {""text"": ""This course needs a lot of improvement."", ""theme"": ""overall"", ""sentiment"": ""neg""}]",
R000455,ECE210,F04,2025-Spring,"[{""text"": ""Emails were never answered."", ""theme"": ""support"", ""sentiment"": ""neg""}]",
R000456,ECE210,F04,2025-Spring,"[{""text"": ""Notes and slides shared were very useful."", ""theme"": ""resources"", ""sentiment"": ""pos""}, {""text"": ""The faculty was not approachable when we had doubts."", ""theme"": ""support"", ""sentiment"": ""neg""}, {""text"": ""Would not recommend it."", ""theme"": ""overall"", ""sentiment"": ""neg""}]",
R000457,ECE210,F04,2025-Spring,"[{""text"": ""Slides were not shared on time."", ""theme"": ""resources"", ""sentiment"": ""neg""}, {""text"": ""Thanks to Mr. Sandhu."", ""theme"": ""none"", ""sentiment"": ""neu""}]",
R000458,ECE210,F04,2025-Spring,"[{""text"": ""Explanations were confusing and hard to follow."", ""theme"": ""clarity"", ""sentiment"": ""neg""}, {""text"": ""Very supportive and encouraging towards students."", ""theme"": ""support"", ""sentiment"": ""pos""}, {""text"": ""Too many assignments with very tight deadlines."", ""theme"": ""workload"", ""sentiment"": ""neg""}]",
R000459,ECE210,F04,2025-Spring,"[{""text"": ""Support was available sometimes."", ""theme"": ""support"", ""sentiment"": ""neu""}, {""text"": ""Engagement was average."", ""theme"": ""engagement"", ""sentiment"": ""neu""}, {""text"": ""Thanks to Mr. Sandhu."", ""theme"": ""none"", ""sentiment"": ""neu""}]",
R000460,ECE210,F04,2025-Spring,"[{""text"": ""Lectures were just slide reading with no interaction."", ""theme"": ""engagement"", ""sentiment"": ""neg""}, {""text"": ""Every doubt got cleared through simple examples."", ""theme"": ""clarity"", ""sentiment"": ""pos""}]",
R000461,ECE210,F04,2025-Spring,"[{""text"": ""Exam questions were out of syllabus."", ""theme"": ""assessment"", ""sentiment"": ""neg""}, {""text"": ""Every doubt got cleared through simple examples."", ""theme"": ""clarity"", ""sentiment"": ""pos""}]",
R000462,ECE210,F04,2025-Spring,"[{""text"": ""A reasonable number of assignments and projects."", ""theme"": ""workload"", ""sentiment"": ""pos""}]",
R000463,ECE210,F04,2025-Spring,"[{""text"": ""Some topics were clear and some were not."", ""theme"": ""clarity"", ""sentiment"": ""neu""}, {""text"": ""Overall it was an average course."", ""theme"": ""overall"", ""sentiment"": ""neu""}]",
R000464,ECE210,F04,2025-Spring,"[{""text"": ""Lab systems were poor and resources insufficient."", ""theme"": ""resources"", ""sentiment"": ""neg""}, {""text"": ""Exam questions were out of syllabus."", ""theme"": ""assessment"", ""sentiment"": ""neg""}]",
R000465,ECE330,F05,2025-Spring,"[{""text"": ""Lectures moved at a comfortable speed and we never felt rushed."", ""theme"": ""pace"", ""sentiment"": ""pos""}, {""text"": ""No proper reference books were suggested."", ""theme"": ""resources"", ""sentiment"": ""neg""}, {""text"": ""Grading was transparent and feedback was timely."", ""theme"": ""assessment"", ""sentiment"": ""pos""}]",
R000466,ECE330,F05,2025-Spring,"[{""text"": ""The sessions were engaging with lots of discussion."", ""theme"": ""engagement"", ""sentiment"": ""pos""}, {""text"": ""Good reference material and lab resources were provided."", ""theme"": ""resources"", ""sentiment"": ""pos""}]",
R000467,ECE330,F05,2025-Spring,"[{""text"": ""The faculty was very approachable and answered all our doubts."", ""theme"": ""support"", ""sentiment"": ""pos""}, {""text"": ""The pace was too slow and classes dragged on."", ""theme"": ""pace"", ""sentiment"": ""neg""}, {""text"": ""Classes were interactive and interesting."", ""theme"": ""engagement"", ""sentiment"": ""pos""}]",
R000468,ECE330,F05,2025-Spring,"[{""text"": ""Resources were adequate."", ""theme"": ""resources"", ""sentiment"": ""neu""}, {""text"": ""Many concepts were not explained properly."", ""theme"": ""clarity"", ""sentiment"": ""neg""}, {""text"": ""Thanks to Dr. Malhotra."", ""theme"": ""none"", ""sentiment"": ""neu""}]",
R000469,ECE330,F05,2025-Spring,"[{""text"": ""The explanations were clear and well structured."", ""theme"": ""clarity"", ""sentiment"": ""pos""}, {""text"": ""Lectures felt rushed and it was hard to keep up."", ""theme"": ""pace"", ""sentiment"": ""neg""}]",
R000470,ECE330,F05,2025-Spring,"[{""text"": ""Lectures felt rushed and it was hard to keep up."", ""theme"": ""pace"", ""sentiment"": ""neg""}, {""text"": ""A reasonable number of assignments and projects."", ""theme"": ""workload"", ""sentiment"": ""pos""}]",
R000471,ECE330,F05,2025-Spring,"[{""text"": ""Lectures moved at a comfortable speed and we never felt rushed."", ""theme"": ""pace"", ""sentiment"": ""pos""}]",
R000472,ECE330,F05,2025-Spring,"[{""text"": ""Exam questions were out of syllabus."", ""theme"": ""assessment"", ""sentiment"": ""neg""}, {""text"": ""Real world examples kept the class lively."", ""theme"": ""engagement"", ""sentiment"": ""pos""}, {""text"": ""Explanations were confusing and hard to follow."", ""theme"": ""clarity"", ""sentiment"": ""neg""}]",
R000473,ECE330,F05,2025-Spring,"[{""text"": ""Workload was balanced across the semester."", ""theme"": ""workload"", ""sentiment"": ""pos""}, {""text"": ""Very supportive and encouraging towards students."", ""theme"": ""support"", ""sentiment"": ""pos""}, {""text"": ""No proper reference books were suggested."", ""theme"": ""resources"", ""sentiment"": ""neg""}, {""text"": ""Would recommend this course to others."", ""theme"": ""overall"", ""sentiment"": ""pos""}]",
R000474,ECE330,F05,2025-Spring,"[{""text"": ""Notes and slides shared were very useful."", ""theme"": ""resources"", ""sentiment"": ""pos""}, {""text"": ""Deadlines were piled up one after another."", ""theme"": ""workload"", ""sentiment"": ""neg""}, {""text"": ""The explanations were clear and well structured."", ""theme"": ""clarity"", ""sentiment"": ""pos""}]",
R000475,ECE330,F05,2025-Spring,"[{""text"": ""Quizzes helped us track our progress."", ""theme"": ""assessment"", ""sentiment"": ""pos""}]",
R000476,ECE330,F05,2025-Spring,"[{""text"": ""The assignment load was manageable."", ""theme"": ""workload"", ""sentiment"": ""pos""}]",
R000477,ECE330,F05,2025-Spring,"[{""text"": ""Clarity of explanation was average."", ""theme"": ""clarity"", ""sentiment"": ""neu""}, {""text"": ""The pace was okay, neither fast nor slow."", ""theme"": ""pace"", ""sentiment"": ""neu""}, {""text"": ""Very supportive and encouraging towards students."", ""theme"": ""support"", ""sentiment"": ""pos""}]",
R000478,ECE330,F05,2025-Spring,"[{""text"": ""Real world examples kept the class lively."", ""theme"": ""engagement"", ""sentiment"": ""pos""}]",
R000479,ECE330,F05,2025-Spring,"[{""text"": ""Results were delayed and there was no feedback on answers."", ""theme"": ""assessment"", ""sentiment"": ""neg""}, {""text"": ""Topics were covered in a well paced manner."", ""theme"": ""pace"", ""sentiment"": ""pos""}]",
R000480,ECE330,F05,2025-Spring,"[{""text"": ""The sessions were engaging with lots of discussion."", ""theme"": ""engagement"", ""sentiment"": ""pos""}, {""text"": ""Explanations were confusing and hard to follow."", ""theme"": ""clarity"", ""sentiment"": ""neg""}, {""text"": ""Notes and slides shared were very useful."", ""theme"": ""resources"", ""sentiment"": ""pos""}]",
R000481,ECE330,F05,2025-Spring,"[{""text"": ""Real world examples kept the class lively."", ""theme"": ""engagement"", ""sentiment"": ""pos""}, {""text"": ""Workload was average."", ""theme"": ""workload"", ""sentiment"": ""neu""}]",
R000482,ECE330,F05,2025-Spring,"[{""text"": ""Real world examples kept the class lively."", ""theme"": ""engagement"", ""sentiment"": ""pos""}, {""text"": ""Workload was average."", ""theme"": ""workload"", ""sentiment"": ""neu""}, {""text"": ""Notes and slides shared were very useful."", ""theme"": ""resources"", ""sentiment"": ""pos""}]",
R000483,ECE330,F05,2025-Spring,"[{""text"": ""Classes were interactive and interesting."", ""theme"": ""engagement"", ""sentiment"": ""pos""}, {""text"": ""I could not understand most of the derivations."", ""theme"": ""clarity"", ""sentiment"": ""neg""}, {""text"": ""Workload was balanced across the semester."", ""theme"": ""workload"", ""sentiment"": ""pos""}]",Aarav Mehra|K22AB
R000484,ECE330,F05,2025-Spring,"[{""text"": ""Lectures moved at a comfortable speed and we never felt rushed."", ""theme"": ""pace"", ""sentiment"": ""pos""}, {""text"": ""Quick replies to our queries and helpful guidance."", ""theme"": ""support"", ""sentiment"": ""pos""}, {""text"": ""Would not recommend it."", ""theme"": ""overall"", ""sentiment"": ""neg""}]",
R000485,ECE330,F05,2025-Spring,"[{""text"": ""The faculty was not approachable when we had doubts."", ""theme"": ""support"", ""sentiment"": ""neg""}, {""text"": ""Lectures moved at a comfortable speed and we never felt rushed."", ""theme"": ""pace"", ""sentiment"": ""pos""}, {""text"": ""Overall a great course."", ""theme"": ""overall"", ""sentiment"": ""pos""}]",
R000486,ECE330,F05,2025-Spring,"[{""text"": ""The sessions were engaging with lots of discussion."", ""theme"": ""engagement"", ""sentiment"": ""pos""}, {""text"": ""Quizzes helped us track our progress."", ""theme"": ""assessment"", ""sentiment"": ""pos""}]",
R000487,ECE330,F05,2025-Spring,"[{""text"": ""Real world examples kept the class lively."", ""theme"": ""engagement"", ""sentiment"": ""pos""}]",
R000488,ECE330,F05,2025-Spring,"[{""text"": ""The sessions were engaging with lots of discussion."", ""theme"": ""engagement"", ""sentiment"": ""pos""}, {""text"": ""Recorded lectures and study material helped a lot."", ""theme"": ""resources"", ""sentiment"": ""pos""}]",
R000489,ECE330,F05,2025-Spring,"[{""text"": ""Topics were covered in a well paced manner."", ""theme"": ""pace"", ""sentiment"": ""pos""}]",9363344063|93633 44063
R000490,ECE330,F05,2025-Spring,"[{""text"": ""Topics were covered in a well paced manner."", ""theme"": ""pace"", ""sentiment"": ""pos""}]",
R000491,ECE330,F05,2025-Spring,"[{""text"": ""Topics were covered in a well paced manner."", ""theme"": ""pace"", ""sentiment"": ""pos""}, {""text"": ""Concepts were explained very clearly."", ""theme"": ""clarity"", ""sentiment"": ""pos""}, {""text"": ""Slides were not shared on time."", ""theme"": ""resources"", ""sentiment"": ""neg""}]",
R000492,ECE330,F05,2025-Spring,"[{""text"": ""Workload was average."", ""theme"": ""workload"", ""sentiment"": ""neu""}, {""text"": ""Good balance between depth and speed."", ""theme"": ""pace"", ""sentiment"": ""pos""}, {""text"": ""Thanks to Dr. Malhotra."", ""theme"": ""none"", ""sentiment"": ""neu""}]",
R000493,ECE330,F05,2025-Spring,"[{""text"": ""Topics were covered in a well paced manner."", ""theme"": ""pace"", ""sentiment"": ""pos""}, {""text"": ""Clarity of explanation was average."", ""theme"": ""clarity"", ""sentiment"": ""neu""}]",
R000494,ECE330,F05,2025-Spring,"[{""text"": ""Quizzes helped us track our progress."", ""theme"": ""assessment"", ""sentiment"": ""pos""}, {""text"": ""Lectures moved at a comfortable speed and we never felt rushed."", ""theme"": ""pace"", ""sentiment"": ""pos""}]",
R000495,ECE330,F05,2025-Spring,"[{""text"": ""The faculty was very approachable and answered all our doubts."", ""theme"": ""support"", ""sentiment"": ""pos""}, {""text"": ""The assignment load was manageable."", ""theme"": ""workload"", ""sentiment"": ""pos""}, {""text"": ""Thanks to Dr. Malhotra."", ""theme"": ""none"", ""sentiment"": ""neu""}]",
R000496,ECE330,F05,2025-Spring,"[{""text"": ""Lectures moved at a comfortable speed and we never felt rushed."", ""theme"": ""pace"", ""sentiment"": ""pos""}]",
R000497,ECE330,F05,2025-Spring,"[{""text"": ""Lab systems were poor and resources insufficient."", ""theme"": ""resources"", ""sentiment"": ""neg""}, {""text"": ""The explanations were clear and well structured."", ""theme"": ""clarity"", ""sentiment"": ""pos""}, {""text"": ""We skipped through important topics in a hurry."", ""theme"": ""pace"", ""sentiment"": ""neg""}]",
R000498,ECE330,F05,2025-Spring,"[{""text"": ""There was no discussion or activity in class."", ""theme"": ""engagement"", ""sentiment"": ""neg""}, {""text"": ""Speed of teaching was average."", ""theme"": ""pace"", ""sentiment"": ""neu""}]",
R000499,ECE330,F05,2025-Spring,"[{""text"": ""The sessions were engaging with lots of discussion."", ""theme"": ""engagement"", ""sentiment"": ""pos""}, {""text"": ""Examples made difficult topics easy to understand."", ""theme"": ""clarity"", ""sentiment"": ""pos""}, {""text"": ""Exams were fair and matched what was taught."", ""theme"": ""assessment"", ""sentiment"": ""pos""}]",
R000500,ECE330,F05,2025-Spring,"[{""text"": ""Always available for doubt clearing after class."", ""theme"": ""support"", ""sentiment"": ""pos""}, {""text"": ""Exam questions were out of syllabus."", ""theme"": ""assessment"", ""sentiment"": ""neg""}]",9982401769|99824 01769
R000501,ECE330,F05,2025-Spring,"[{""text"": ""Real world examples kept the class lively."", ""theme"": ""engagement"", ""sentiment"": ""pos""}, {""text"": ""Really enjoyed this subject."", ""theme"": ""overall"", ""sentiment"": ""pos""}]",
R000502,ECE330,F05,2025-Spring,"[{""text"": ""The pace of the course was just right."", ""theme"": ""pace"", ""sentiment"": ""pos""}]",
R000503,ECE330,F05,2025-Spring,"[{""text"": ""Real world examples kept the class lively."", ""theme"": ""engagement"", ""sentiment"": ""pos""}]",
R000504,ECE330,F05,2025-Spring,"[{""text"": ""Recorded lectures and study material helped a lot."", ""theme"": ""resources"", ""sentiment"": ""pos""}, {""text"": ""Classes were interactive and interesting."", ""theme"": ""engagement"", ""sentiment"": ""pos""}, {""text"": ""The workload was overwhelming alongside other courses."", ""theme"": ""workload"", ""sentiment"": ""neg""}]",
R000505,ECE330,F05,2025-Spring,"[{""text"": ""Quizzes helped us track our progress."", ""theme"": ""assessment"", ""sentiment"": ""pos""}, {""text"": ""Lectures moved at a comfortable speed and we never felt rushed."", ""theme"": ""pace"", ""sentiment"": ""pos""}, {""text"": ""Recorded lectures and study material helped a lot."", ""theme"": ""resources"", ""sentiment"": ""pos""}]",
R000506,ECE330,F05,2025-Spring,"[{""text"": ""Quick replies to our queries and helpful guidance."", ""theme"": ""support"", ""sentiment"": ""pos""}, {""text"": ""A reasonable number of assignments and projects."", ""theme"": ""workload"", ""sentiment"": ""pos""}]",
R000507,ECE330,F05,2025-Spring,"[{""text"": ""The sessions were engaging with lots of discussion."", ""theme"": ""engagement"", ""sentiment"": ""pos""}, {""text"": ""Always available for doubt clearing after class."", ""theme"": ""support"", ""sentiment"": ""pos""}]",
R000508,ECE330,F05,2025-Spring,"[{""text"": ""Engagement was average."", ""theme"": ""engagement"", ""sentiment"": ""neu""}, {""text"": ""The assignment load was manageable."", ""theme"": ""workload"", ""sentiment"": ""pos""}, {""text"": ""Really enjoyed this subject."", ""theme"": ""overall"", ""sentiment"": ""pos""}]",
R000509,ECE330,F05,2025-Spring,"[{""text"": ""The syllabus was covered way too fast."", ""theme"": ""pace"", ""sentiment"": ""neg""}, {""text"": ""Classes were interactive and interesting."", ""theme"": ""engagement"", ""sentiment"": ""pos""}, {""text"": ""Really enjoyed this subject."", ""theme"": ""overall"", ""sentiment"": ""pos""}]",
R000510,ECE330,F05,2025-Spring,"[{""text"": ""Exams were fair and matched what was taught."", ""theme"": ""assessment"", ""sentiment"": ""pos""}, {""text"": ""The pace was okay, neither fast nor slow."", ""theme"": ""pace"", ""sentiment"": ""neu""}]",
R000511,ECE330,F05,2025-Spring,"[{""text"": ""Examples made difficult topics easy to understand."", ""theme"": ""clarity"", ""sentiment"": ""pos""}, {""text"": ""The assignment load was manageable."", ""theme"": ""workload"", ""sentiment"": ""pos""}, {""text"": ""Thanks to Dr. Malhotra."", ""theme"": ""none"", ""sentiment"": ""neu""}]",
R000512,ECE330,F05,2025-Spring,"[{""text"": ""Good balance between depth and speed."", ""theme"": ""pace"", ""sentiment"": ""pos""}, {""text"": ""Grading felt unfair and marks were not explained."", ""theme"": ""assessment"", ""sentiment"": ""neg""}, {""text"": ""Would recommend this course to others."", ""theme"": ""overall"", ""sentiment"": ""pos""}]",rohan.chopra9@gmail.com
R000513,ECE330,F05,2025-Spring,"[{""text"": ""Classes were interactive and interesting."", ""theme"": ""engagement"", ""sentiment"": ""pos""}, {""text"": ""Thanks to Dr. Malhotra."", ""theme"": ""none"", ""sentiment"": ""neu""}]",
R000514,MTH202,F06,2025-Spring,"[{""text"": ""The faculty was not approachable when we had doubts."", ""theme"": ""support"", ""sentiment"": ""neg""}, {""text"": ""Engagement was average."", ""theme"": ""engagement"", ""sentiment"": ""neu""}, {""text"": ""Concepts were explained very clearly."", ""theme"": ""clarity"", ""sentiment"": ""pos""}, {""text"": ""This course needs a lot of improvement."", ""theme"": ""overall"", ""sentiment"": ""neg""}]",
R000515,MTH202,F06,2025-Spring,"[{""text"": ""The assignment load was manageable."", ""theme"": ""workload"", ""sentiment"": ""pos""}]",
R000516,MTH202,F06,2025-Spring,"[{""text"": ""Always available for doubt clearing after class."", ""theme"": ""support"", ""sentiment"": ""pos""}, {""text"": ""The explanations were clear and well structured."", ""theme"": ""clarity"", ""sentiment"": ""pos""}]",
R000517,MTH202,F06,2025-Spring,"[{""text"": ""Classes were boring and monotonous."", ""theme"": ""engagement"", ""sentiment"": ""neg""}]",
R000518,MTH202,F06,2025-Spring,"[{""text"": ""The assignment load was manageable."", ""theme"": ""workload"", ""sentiment"": ""pos""}, {""text"": ""There was no discussion or activity in class."", ""theme"": ""engagement"", ""sentiment"": ""neg""}]",
R000519,MTH202,F06,2025-Spring,"[{""text"": ""Good balance between depth and speed."", ""theme"": ""pace"", ""sentiment"": ""pos""}, {""text"": ""Really enjoyed this subject."", ""theme"": ""overall"", ""sentiment"": ""pos""}, {""text"": ""Thanks to Prof. Bedi."", ""theme"": ""none"", ""sentiment"": ""neu""}]",
R000520,MTH202,F06,2025-Spring,"[{""text"": ""Study material was outdated."", ""theme"": ""resources"", ""sentiment"": ""neg""}, {""text"": ""Grading was transparent and feedback was timely."", ""theme"": ""assessment"", ""sentiment"": ""pos""}, {""text"": ""The explanations were clear and well structured."", ""theme"": ""clarity"", ""sentiment"": ""pos""}]",Tanvi Khanna|K22AB
R000521,MTH202,F06,2025-Spring,"[{""text"": ""Always available for doubt clearing after class."", ""theme"": ""support"", ""sentiment"": ""pos""}]",
R000522,MTH202,F06,2025-Spring,"[{""text"": ""The teaching lacked clarity and examples."", ""theme"": ""clarity"", ""sentiment"": ""neg""}, {""text"": ""Grading was transparent and feedback was timely."", ""theme"": ""assessment"", ""sentiment"": ""pos""}]",
R000523,MTH202,F06,2025-Spring,"[{""text"": ""Grading felt unfair and marks were not explained."", ""theme"": ""assessment"", ""sentiment"": ""neg""}, {""text"": ""A reasonable number of assignments and projects."", ""theme"": ""workload"", ""sentiment"": ""pos""}, {""text"": ""We skipped through important topics in a hurry."", ""theme"": ""pace"", ""sentiment"": ""neg""}]",
R000524,MTH202,F06,2025-Spring,"[{""text"": ""No proper reference books were suggested."", ""theme"": ""resources"", ""sentiment"": ""neg""}, {""text"": ""Very supportive and encouraging towards students."", ""theme"": ""support"", ""sentiment"": ""pos""}, {""text"": ""Would recommend this course to others."", ""theme"": ""overall"", ""sentiment"": ""pos""}]",
R000525,MTH202,F06,2025-Spring,"[{""text"": ""Exams were of moderate difficulty."", ""theme"": ""assessment"", ""sentiment"": ""neu""}, {""text"": ""Materials were okay."", ""theme"": ""resources"", ""sentiment"": ""neu""}, {""text"": ""Would recommend this course to others."", ""theme"": ""overall"", ""sentiment"": ""pos""}]",
R000526,MTH202,F06,2025-Spring,"[{""text"": ""Every doubt got cleared through simple examples."", ""theme"": ""clarity"", ""sentiment"": ""pos""}, {""text"": ""Engagement was average."", ""theme"": ""engagement"", ""sentiment"": ""neu""}, {""text"": ""A normal amount of assignments."", ""theme"": ""workload"", ""sentiment"": ""neu""}]",
R000527,MTH202,F06,2025-Spring,"[{""text"": ""Every doubt got cleared through simple examples."", ""theme"": ""clarity"", ""sentiment"": ""pos""}, {""text"": ""Classes were interactive and interesting."", ""theme"": ""engagement"", ""sentiment"": ""pos""}, {""text"": ""Very supportive and encouraging towards students."", ""theme"": ""support"", ""sentiment"": ""pos""}]",
R000528,MTH202,F06,2025-Spring,"[{""text"": ""Office hours existed but were rarely used."", ""theme"": ""support"", ""sentiment"": ""neu""}, {""text"": ""Good balance between depth and speed."", ""theme"": ""pace"", ""sentiment"": ""pos""}]",
R000529,MTH202,F06,2025-Spring,"[{""text"": ""A reasonable number of assignments and projects."", ""theme"": ""workload"", ""sentiment"": ""pos""}]",Aarav
R000530,MTH202,F06,2025-Spring,"[{""text"": ""Real world examples kept the class lively."", ""theme"": ""engagement"", ""sentiment"": ""pos""}, {""text"": ""Many concepts were not explained properly."", ""theme"": ""clarity"", ""sentiment"": ""neg""}]",
R000531,MTH202,F06,2025-Spring,"[{""text"": ""The pace of the course was just right."", ""theme"": ""pace"", ""sentiment"": ""pos""}]",
R000532,MTH202,F06,2025-Spring,"[{""text"": ""Quick replies to our queries and helpful guidance."", ""theme"": ""support"", ""sentiment"": ""pos""}, {""text"": ""There was no discussion or activity in class."", ""theme"": ""engagement"", ""sentiment"": ""neg""}, {""text"": ""Overall it was an average course."", ""theme"": ""overall"", ""sentiment"": ""neu""}]",
R000533,MTH202,F06,2025-Spring,"[{""text"": ""Grading was transparent and feedback was timely."", ""theme"": ""assessment"", ""sentiment"": ""pos""}, {""text"": ""Real world examples kept the class lively."", ""theme"": ""engagement"", ""sentiment"": ""pos""}, {""text"": ""The syllabus was covered way too fast."", ""theme"": ""pace"", ""sentiment"": ""neg""}]",
R000534,MTH202,F06,2025-Spring,"[{""text"": ""The evaluation pattern was standard."", ""theme"": ""assessment"", ""sentiment"": ""neu""}]",
R000535,MTH202,F06,2025-Spring,"[{""text"": ""Very supportive and encouraging towards students."", ""theme"": ""support"", ""sentiment"": ""pos""}, {""text"": ""Some topics were clear and some were not."", ""theme"": ""clarity"", ""sentiment"": ""neu""}]",
R000536,MTH202,F06,2025-Spring,"[{""text"": ""Results were delayed and there was no feedback on answers."", ""theme"": ""assessment"", ""sentiment"": ""neg""}, {""text"": ""Workload was average."", ""theme"": ""workload"", ""sentiment"": ""neu""}, {""text"": ""The faculty was very approachable and answered all our doubts."", ""theme"": ""support"", ""sentiment"": ""pos""}]",
R000537,MTH202,F06,2025-Spring,"[{""text"": ""Lectures moved at a comfortable speed and we never felt rushed."", ""theme"": ""pace"", ""sentiment"": ""pos""}, {""text"": ""Classes were interactive and interesting."", ""theme"": ""engagement"", ""sentiment"": ""pos""}]",
R000538,MTH202,F06,2025-Spring,"[{""text"": ""Examples made difficult topics easy to understand."", ""theme"": ""clarity"", ""sentiment"": ""pos""}, {""text"": ""Really enjoyed this subject."", ""theme"": ""overall"", ""sentiment"": ""pos""}]",
R000539,MTH202,F06,2025-Spring,"[{""text"": ""The sessions were engaging with lots of discussion."", ""theme"": ""engagement"", ""sentiment"": ""pos""}, {""text"": ""The explanations were clear and well structured."", ""theme"": ""clarity"", ""sentiment"": ""pos""}]",
R000540,MTH202,F06,2025-Spring,"[{""text"": ""Some topics were clear and some were not."", ""theme"": ""clarity"", ""sentiment"": ""neu""}, {""text"": ""Classes were interactive and interesting."", ""theme"": ""engagement"", ""sentiment"": ""pos""}, {""text"": ""The faculty was very approachable and answered all our doubts."", ""theme"": ""support"", ""sentiment"": ""pos""}]",
R000541,MTH202,F06,2025-Spring,"[{""text"": ""The faculty was very approachable and answered all our doubts."", ""theme"": ""support"", ""sentiment"": ""pos""}, {""text"": ""Exam questions were out of syllabus."", ""theme"": ""assessment"", ""sentiment"": ""neg""}, {""text"": ""Overall a great course."", ""theme"": ""overall"", ""sentiment"": ""pos""}]",
R000542,MTH202,F06,2025-Spring,"[{""text"": ""Some sessions were interesting."", ""theme"": ""engagement"", ""sentiment"": ""neu""}, {""text"": ""Every doubt got cleared through simple examples."", ""theme"": ""clarity"", ""sentiment"": ""pos""}, {""text"": ""Lectures moved at a comfortable speed and we never felt rushed."", ""theme"": ""pace"", ""sentiment"": ""pos""}]",
R000543,MTH301,F06,2025-Spring,"[{""text"": ""The syllabus was covered way too fast."", ""theme"": ""pace"", ""sentiment"": ""neg""}, {""text"": ""The faculty was very approachable and answered all our doubts."", ""theme"": ""support"", ""sentiment"": ""pos""}]",
R000544,MTH301,F06,2025-Spring,"[{""text"": ""Concepts were explained very clearly."", ""theme"": ""clarity"", ""sentiment"": ""pos""}, {""text"": ""Workload was balanced across the semester."", ""theme"": ""workload"", ""sentiment"": ""pos""}, {""text"": ""Really enjoyed this subject."", ""theme"": ""overall"", ""sentiment"": ""pos""}]",
R000545,MTH301,F06,2025-Spring,"[{""text"": ""The pace of the course was just right."", ""theme"": ""pace"", ""sentiment"": ""pos""}, {""text"": ""Concepts were explained very clearly."", ""theme"": ""clarity"", ""sentiment"": ""pos""}]",
R000546,MTH301,F06,2025-Spring,"[{""text"": ""Quizzes helped us track our progress."", ""theme"": ""assessment"", ""sentiment"": ""pos""}, {""text"": ""A reasonable number of assignments and projects."", ""theme"": ""workload"", ""sentiment"": ""pos""}, {""text"": ""Concepts were explained very clearly."", ""theme"": ""clarity"", ""sentiment"": ""pos""}, {""text"": ""Really enjoyed this subject."", ""theme"": ""overall"", ""sentiment"": ""pos""}]",
R000547,MTH301,F06,2025-Spring,"[{""text"": ""Concepts were explained very clearly."", ""theme"": ""clarity"", ""sentiment"": ""pos""}]",
R000548,MTH301,F06,2025-Spring,"[{""text"": ""The assignment load was manageable."", ""theme"": ""workload"", ""sentiment"": ""pos""}, {""text"": ""The explanations were clear and well structured."", ""theme"": ""clarity"", ""sentiment"": ""pos""}]",
R000549,MTH301,F06,2025-Spring,"[{""text"": ""The sessions were engaging with lots of discussion."", ""theme"": ""engagement"", ""sentiment"": ""pos""}, {""text"": ""Good reference material and lab resources were provided."", ""theme"": ""resources"", ""sentiment"": ""pos""}, {""text"": ""Really enjoyed this subject."", ""theme"": ""overall"", ""sentiment"": ""pos""}]",
R000550,MTH301,F06,2025-Spring,"[{""text"": ""Examples made difficult topics easy to understand."", ""theme"": ""clarity"", ""sentiment"": ""pos""}, {""text"": ""The faculty was very approachable and answered all our doubts."", ""theme"": ""support"", ""sentiment"": ""pos""}]",
R000551,MTH301,F06,2025-Spring,"[{""text"": ""Every doubt got cleared through simple examples."", ""theme"": ""clarity"", ""sentiment"": ""pos""}]",
R000552,MTH301,F06,2025-Spring,"[{""text"": ""Too many assignments with very tight deadlines."", ""theme"": ""workload"", ""sentiment"": ""neg""}]",
R000553,MTH301,F06,2025-Spring,"[{""text"": ""Grading was transparent and feedback was timely."", ""theme"": ""assessment"", ""sentiment"": ""pos""}]",Aarav
R000554,MTH301,F06,2025-Spring,"[{""text"": ""The sessions were engaging with lots of discussion."", ""theme"": ""engagement"", ""sentiment"": ""pos""}, {""text"": ""Lectures felt rushed and it was hard to keep up."", ""theme"": ""pace"", ""sentiment"": ""neg""}]",
R000555,MTH301,F06,2025-Spring,"[{""text"": ""Concepts were explained very clearly."", ""theme"": ""clarity"", ""sentiment"": ""pos""}, {""text"": ""The evaluation pattern was standard."", ""theme"": ""assessment"", ""sentiment"": ""neu""}, {""text"": ""Doubts were often ignored or brushed aside."", ""theme"": ""support"", ""sentiment"": ""neg""}]",
R000556,MTH301,F06,2025-Spring,"[{""text"": ""A reasonable number of assignments and projects."", ""theme"": ""workload"", ""sentiment"": ""pos""}]",
R000557,MTH301,F06,2025-Spring,"[{""text"": ""Emails were never answered."", ""theme"": ""support"", ""sentiment"": ""neg""}, {""text"": ""Lectures moved at a comfortable speed and we never felt rushed."", ""theme"": ""pace"", ""sentiment"": ""pos""}]",
R000558,MTH301,F06,2025-Spring,"[{""text"": ""We skipped through important topics in a hurry."", ""theme"": ""pace"", ""sentiment"": ""neg""}, {""text"": ""Classes were boring and monotonous."", ""theme"": ""engagement"", ""sentiment"": ""neg""}, {""text"": ""This course needs a lot of improvement."", ""theme"": ""overall"", ""sentiment"": ""neg""}]",
R000559,MTH301,F06,2025-Spring,"[{""text"": ""Exams were fair and matched what was taught."", ""theme"": ""assessment"", ""sentiment"": ""pos""}, {""text"": ""Real world examples kept the class lively."", ""theme"": ""engagement"", ""sentiment"": ""pos""}]",
R000560,MTH301,F06,2025-Spring,"[{""text"": ""Quizzes helped us track our progress."", ""theme"": ""assessment"", ""sentiment"": ""pos""}, {""text"": ""The syllabus was covered way too fast."", ""theme"": ""pace"", ""sentiment"": ""neg""}]",
R000561,MTH301,F06,2025-Spring,"[{""text"": ""Classes were boring and monotonous."", ""theme"": ""engagement"", ""sentiment"": ""neg""}, {""text"": ""A reasonable number of assignments and projects."", ""theme"": ""workload"", ""sentiment"": ""pos""}, {""text"": ""Exams were fair and matched what was taught."", ""theme"": ""assessment"", ""sentiment"": ""pos""}]",
R000562,MTH301,F06,2025-Spring,"[{""text"": ""Quick replies to our queries and helpful guidance."", ""theme"": ""support"", ""sentiment"": ""pos""}, {""text"": ""Grading felt unfair and marks were not explained."", ""theme"": ""assessment"", ""sentiment"": ""neg""}, {""text"": ""Really enjoyed this subject."", ""theme"": ""overall"", ""sentiment"": ""pos""}]",
R000563,MTH301,F06,2025-Spring,"[{""text"": ""The evaluation pattern was standard."", ""theme"": ""assessment"", ""sentiment"": ""neu""}, {""text"": ""Examples made difficult topics easy to understand."", ""theme"": ""clarity"", ""sentiment"": ""pos""}]",
R000564,MTH301,F06,2025-Spring,"[{""text"": ""Every doubt got cleared through simple examples."", ""theme"": ""clarity"", ""sentiment"": ""pos""}, {""text"": ""Real world examples kept the class lively."", ""theme"": ""engagement"", ""sentiment"": ""pos""}]",
R000565,MTH301,F06,2025-Spring,"[{""text"": ""Results were delayed and there was no feedback on answers."", ""theme"": ""assessment"", ""sentiment"": ""neg""}]",
R000566,MTH301,F06,2025-Spring,"[{""text"": ""Many concepts were not explained properly."", ""theme"": ""clarity"", ""sentiment"": ""neg""}, {""text"": ""Overall it was an average course."", ""theme"": ""overall"", ""sentiment"": ""neu""}]",
R000567,MTH301,F06,2025-Spring,"[{""text"": ""Always available for doubt clearing after class."", ""theme"": ""support"", ""sentiment"": ""pos""}, {""text"": ""Quizzes helped us track our progress."", ""theme"": ""assessment"", ""sentiment"": ""pos""}]",
R000568,MTH301,F06,2025-Spring,"[{""text"": ""The assignment load was manageable."", ""theme"": ""workload"", ""sentiment"": ""pos""}, {""text"": ""Classes were boring and monotonous."", ""theme"": ""engagement"", ""sentiment"": ""neg""}]",
R000569,MTH301,F06,2025-Spring,"[{""text"": ""Slides were not shared on time."", ""theme"": ""resources"", ""sentiment"": ""neg""}, {""text"": ""Evaluation criteria were never clear."", ""theme"": ""assessment"", ""sentiment"": ""neg""}]",
R000570,MTH301,F06,2025-Spring,"[{""text"": ""Workload was balanced across the semester."", ""theme"": ""workload"", ""sentiment"": ""pos""}]",
R000571,MTH301,F06,2025-Spring,"[{""text"": ""The pace was okay, neither fast nor slow."", ""theme"": ""pace"", ""sentiment"": ""neu""}, {""text"": ""Classes were interactive and interesting."", ""theme"": ""engagement"", ""sentiment"": ""pos""}]",
R000572,MTH301,F06,2025-Spring,"[{""text"": ""The faculty was very approachable and answered all our doubts."", ""theme"": ""support"", ""sentiment"": ""pos""}, {""text"": ""Really enjoyed this subject."", ""theme"": ""overall"", ""sentiment"": ""pos""}]",
R000573,MTH301,F06,2025-Spring,"[{""text"": ""Engagement was average."", ""theme"": ""engagement"", ""sentiment"": ""neu""}, {""text"": ""The syllabus was covered way too fast."", ""theme"": ""pace"", ""sentiment"": ""neg""}]",
R000574,MTH301,F06,2025-Spring,"[{""text"": ""Some sessions were interesting."", ""theme"": ""engagement"", ""sentiment"": ""neu""}, {""text"": ""Many concepts were not explained properly."", ""theme"": ""clarity"", ""sentiment"": ""neg""}]",Tanvi Chopra|12456324
R000575,MTH301,F06,2025-Spring,"[{""text"": ""The pace was too slow and classes dragged on."", ""theme"": ""pace"", ""sentiment"": ""neg""}]",9093110041|90931 10041
R000576,MTH301,F06,2025-Spring,"[{""text"": ""A normal amount of assignments."", ""theme"": ""workload"", ""sentiment"": ""neu""}, {""text"": ""Really enjoyed this subject."", ""theme"": ""overall"", ""sentiment"": ""pos""}]",
R000577,MTH301,F06,2025-Spring,"[{""text"": ""Lab systems were poor and resources insufficient."", ""theme"": ""resources"", ""sentiment"": ""neg""}, {""text"": ""The teaching lacked clarity and examples."", ""theme"": ""clarity"", ""sentiment"": ""neg""}]",
R000578,MTH301,F06,2025-Spring,"[{""text"": ""Examples made difficult topics easy to understand."", ""theme"": ""clarity"", ""sentiment"": ""pos""}]",Kavya Mehra|12485184
R000579,MTH301,F06,2025-Spring,"[{""text"": ""The pace of the course was just right."", ""theme"": ""pace"", ""sentiment"": ""pos""}, {""text"": ""Every doubt got cleared through simple examples."", ""theme"": ""clarity"", ""sentiment"": ""pos""}]",
R000580,MTH301,F06,2025-Spring,"[{""text"": ""There was no support for students who were struggling."", ""theme"": ""support"", ""sentiment"": ""neg""}, {""text"": ""Speed of teaching was average."", ""theme"": ""pace"", ""sentiment"": ""neu""}]",
R000581,MTH301,F06,2025-Spring,"[{""text"": ""The sessions were engaging with lots of discussion."", ""theme"": ""engagement"", ""sentiment"": ""pos""}, {""text"": ""Speed of teaching was average."", ""theme"": ""pace"", ""sentiment"": ""neu""}]",
R000582,MTH301,F06,2025-Spring,"[{""text"": ""The pace was too slow and classes dragged on."", ""theme"": ""pace"", ""sentiment"": ""neg""}, {""text"": ""Really enjoyed this subject."", ""theme"": ""overall"", ""sentiment"": ""pos""}]",
R000583,MTH301,F06,2025-Spring,"[{""text"": ""The pace was too slow and classes dragged on."", ""theme"": ""pace"", ""sentiment"": ""neg""}, {""text"": ""I could not understand most of the derivations."", ""theme"": ""clarity"", ""sentiment"": ""neg""}]",
R000584,MTH301,F06,2025-Spring,"[{""text"": ""Workload was balanced across the semester."", ""theme"": ""workload"", ""sentiment"": ""pos""}, {""text"": ""No proper reference books were suggested."", ""theme"": ""resources"", ""sentiment"": ""neg""}, {""text"": ""Always available for doubt clearing after class."", ""theme"": ""support"", ""sentiment"": ""pos""}, {""text"": ""Overall I am not satisfied with this course."", ""theme"": ""overall"", ""sentiment"": ""neg""}]",
R000585,MTH301,F06,2025-Spring,"[{""text"": ""Study material was outdated."", ""theme"": ""resources"", ""sentiment"": ""neg""}, {""text"": ""The pace was too slow and classes dragged on."", ""theme"": ""pace"", ""sentiment"": ""neg""}, {""text"": ""Real world examples kept the class lively."", ""theme"": ""engagement"", ""sentiment"": ""pos""}]",
R000586,MTH301,F06,2025-Spring,"[{""text"": ""The sessions were engaging with lots of discussion."", ""theme"": ""engagement"", ""sentiment"": ""pos""}]",
R000587,MTH301,F06,2025-Spring,"[{""text"": ""Projects took up far too much time."", ""theme"": ""workload"", ""sentiment"": ""neg""}]",
R000588,MTH301,F06,2025-Spring,"[{""text"": ""Too many assignments with very tight deadlines."", ""theme"": ""workload"", ""sentiment"": ""neg""}, {""text"": ""Emails were never answered."", ""theme"": ""support"", ""sentiment"": ""neg""}]",
R000589,MTH301,F06,2025-Spring,"[{""text"": ""Real world examples kept the class lively."", ""theme"": ""engagement"", ""sentiment"": ""pos""}, {""text"": ""Speed of teaching was average."", ""theme"": ""pace"", ""sentiment"": ""neu""}]",
R000590,CSE201,F01,2025-Autumn,"[{""text"": ""Engagement was average."", ""theme"": ""engagement"", ""sentiment"": ""neu""}]",
R000591,CSE201,F01,2025-Autumn,"[{""text"": ""Topics were covered in a well paced manner."", ""theme"": ""pace"", ""sentiment"": ""pos""}, {""text"": ""The evaluation pattern was standard."", ""theme"": ""assessment"", ""sentiment"": ""neu""}]",
R000592,CSE201,F01,2025-Autumn,"[{""text"": ""We skipped through important topics in a hurry."", ""theme"": ""pace"", ""sentiment"": ""neg""}]",
R000593,CSE201,F01,2025-Autumn,"[{""text"": ""A normal amount of assignments."", ""theme"": ""workload"", ""sentiment"": ""neu""}]",
R000594,CSE201,F01,2025-Autumn,"[{""text"": ""Good balance between depth and speed."", ""theme"": ""pace"", ""sentiment"": ""pos""}]",
R000595,CSE201,F01,2025-Autumn,"[{""text"": ""Lectures moved at a comfortable speed and we never felt rushed."", ""theme"": ""pace"", ""sentiment"": ""pos""}, {""text"": ""Overall it was an average course."", ""theme"": ""overall"", ""sentiment"": ""neu""}, {""text"": ""Thanks to Dr. Sharma."", ""theme"": ""none"", ""sentiment"": ""neu""}]",
R000596,CSE201,F01,2025-Autumn,"[{""text"": ""I could not understand most of the derivations."", ""theme"": ""clarity"", ""sentiment"": ""neg""}, {""text"": ""Speed of teaching was average."", ""theme"": ""pace"", ""sentiment"": ""neu""}, {""text"": ""Exams were fair and matched what was taught."", ""theme"": ""assessment"", ""sentiment"": ""pos""}]",
R000597,CSE201,F01,2025-Autumn,"[{""text"": ""A reasonable number of assignments and projects."", ""theme"": ""workload"", ""sentiment"": ""pos""}]",Vivaan
R000598,CSE201,F01,2025-Autumn,"[{""text"": ""Many concepts were not explained properly."", ""theme"": ""clarity"", ""sentiment"": ""neg""}, {""text"": ""Projects took up far too much time."", ""theme"": ""workload"", ""sentiment"": ""neg""}]",
R000599,CSE201,F01,2025-Autumn,"[{""text"": ""Classes were interactive and interesting."", ""theme"": ""engagement"", ""sentiment"": ""pos""}, {""text"": ""Topics were covered in a well paced manner."", ""theme"": ""pace"", ""sentiment"": ""pos""}, {""text"": ""The workload was overwhelming alongside other courses."", ""theme"": ""workload"", ""sentiment"": ""neg""}]",
R000600,CSE201,F01,2025-Autumn,"[{""text"": ""Very supportive and encouraging towards students."", ""theme"": ""support"", ""sentiment"": ""pos""}, {""text"": ""Good balance between depth and speed."", ""theme"": ""pace"", ""sentiment"": ""pos""}]",
R000601,CSE201,F01,2025-Autumn,"[{""text"": ""There was no discussion or activity in class."", ""theme"": ""engagement"", ""sentiment"": ""neg""}, {""text"": ""Always available for doubt clearing after class."", ""theme"": ""support"", ""sentiment"": ""pos""}, {""text"": ""Overall a great course."", ""theme"": ""overall"", ""sentiment"": ""pos""}]",
R000602,CSE201,F01,2025-Autumn,"[{""text"": ""The teaching lacked clarity and examples."", ""theme"": ""clarity"", ""sentiment"": ""neg""}, {""text"": ""Exams were fair and matched what was taught."", ""theme"": ""assessment"", ""sentiment"": ""pos""}, {""text"": ""Always available for doubt clearing after class."", ""theme"": ""support"", ""sentiment"": ""pos""}]",
R000603,CSE201,F01,2025-Autumn,"[{""text"": ""The syllabus was covered way too fast."", ""theme"": ""pace"", ""sentiment"": ""neg""}, {""text"": ""Grading felt unfair and marks were not explained."", ""theme"": ""assessment"", ""sentiment"": ""neg""}, {""text"": ""Notes and slides shared were very useful."", ""theme"": ""resources"", ""sentiment"": ""pos""}]",
R000604,CSE201,F01,2025-Autumn,"[{""text"": ""The pace was okay, neither fast nor slow."", ""theme"": ""pace"", ""sentiment"": ""neu""}]",
R000605,CSE201,F01,2025-Autumn,"[{""text"": ""Results were delayed and there was no feedback on answers."", ""theme"": ""assessment"", ""sentiment"": ""neg""}, {""text"": ""Explanations were confusing and hard to follow."", ""theme"": ""clarity"", ""sentiment"": ""neg""}, {""text"": ""This course needs a lot of improvement."", ""theme"": ""overall"", ""sentiment"": ""neg""}]",
R000606,CSE201,F01,2025-Autumn,"[{""text"": ""The explanations were clear and well structured."", ""theme"": ""clarity"", ""sentiment"": ""pos""}, {""text"": ""Too many assignments with very tight deadlines."", ""theme"": ""workload"", ""sentiment"": ""neg""}]",
R000607,CSE201,F01,2025-Autumn,"[{""text"": ""Deadlines were piled up one after another."", ""theme"": ""workload"", ""sentiment"": ""neg""}, {""text"": ""Some topics were clear and some were not."", ""theme"": ""clarity"", ""sentiment"": ""neu""}, {""text"": ""The pace of the course was just right."", ""theme"": ""pace"", ""sentiment"": ""pos""}]",
R000608,CSE201,F01,2025-Autumn,"[{""text"": ""Classes were interactive and interesting."", ""theme"": ""engagement"", ""sentiment"": ""pos""}, {""text"": ""Would recommend this course to others."", ""theme"": ""overall"", ""sentiment"": ""pos""}]",
R000609,CSE201,F01,2025-Autumn,"[{""text"": ""The pace was too slow and classes dragged on."", ""theme"": ""pace"", ""sentiment"": ""neg""}, {""text"": ""Evaluation criteria were never clear."", ""theme"": ""assessment"", ""sentiment"": ""neg""}, {""text"": ""Projects took up far too much time."", ""theme"": ""workload"", ""sentiment"": ""neg""}]",
R000610,CSE201,F01,2025-Autumn,"[{""text"": ""Concepts were explained very clearly."", ""theme"": ""clarity"", ""sentiment"": ""pos""}]",
R000611,CSE201,F01,2025-Autumn,"[{""text"": ""Classes were interactive and interesting."", ""theme"": ""engagement"", ""sentiment"": ""pos""}]",
R000612,CSE201,F01,2025-Autumn,"[{""text"": ""A reasonable number of assignments and projects."", ""theme"": ""workload"", ""sentiment"": ""pos""}]",
R000613,CSE201,F01,2025-Autumn,"[{""text"": ""Good reference material and lab resources were provided."", ""theme"": ""resources"", ""sentiment"": ""pos""}, {""text"": ""Many concepts were not explained properly."", ""theme"": ""clarity"", ""sentiment"": ""neg""}, {""text"": ""Exams were fair and matched what was taught."", ""theme"": ""assessment"", ""sentiment"": ""pos""}]",
R000614,CSE201,F01,2025-Autumn,"[{""text"": ""No proper reference books were suggested."", ""theme"": ""resources"", ""sentiment"": ""neg""}, {""text"": ""The teaching lacked clarity and examples."", ""theme"": ""clarity"", ""sentiment"": ""neg""}]",
R000615,CSE201,F01,2025-Autumn,"[{""text"": ""Concepts were explained very clearly."", ""theme"": ""clarity"", ""sentiment"": ""pos""}, {""text"": ""This course needs a lot of improvement."", ""theme"": ""overall"", ""sentiment"": ""neg""}]",
R000616,CSE201,F01,2025-Autumn,"[{""text"": ""Some sessions were interesting."", ""theme"": ""engagement"", ""sentiment"": ""neu""}]",
R000617,CSE201,F01,2025-Autumn,"[{""text"": ""Every doubt got cleared through simple examples."", ""theme"": ""clarity"", ""sentiment"": ""pos""}, {""text"": ""Deadlines were piled up one after another."", ""theme"": ""workload"", ""sentiment"": ""neg""}]",
R000618,CSE201,F01,2025-Autumn,"[{""text"": ""Very supportive and encouraging towards students."", ""theme"": ""support"", ""sentiment"": ""pos""}]",
R000619,CSE201,F01,2025-Autumn,"[{""text"": ""Exams were of moderate difficulty."", ""theme"": ""assessment"", ""sentiment"": ""neu""}, {""text"": ""Classes were interactive and interesting."", ""theme"": ""engagement"", ""sentiment"": ""pos""}]",
R000620,CSE201,F01,2025-Autumn,"[{""text"": ""Too many assignments with very tight deadlines."", ""theme"": ""workload"", ""sentiment"": ""neg""}, {""text"": ""Speed of teaching was average."", ""theme"": ""pace"", ""sentiment"": ""neu""}, {""text"": ""Explanations were confusing and hard to follow."", ""theme"": ""clarity"", ""sentiment"": ""neg""}]",
R000621,CSE201,F01,2025-Autumn,"[{""text"": ""Real world examples kept the class lively."", ""theme"": ""engagement"", ""sentiment"": ""pos""}, {""text"": ""Lectures moved at a comfortable speed and we never felt rushed."", ""theme"": ""pace"", ""sentiment"": ""pos""}]",
R000622,CSE201,F01,2025-Autumn,"[{""text"": ""The pace was too slow and classes dragged on."", ""theme"": ""pace"", ""sentiment"": ""neg""}, {""text"": ""Some sessions were interesting."", ""theme"": ""engagement"", ""sentiment"": ""neu""}]",
R000623,CSE201,F01,2025-Autumn,"[{""text"": ""Many concepts were not explained properly."", ""theme"": ""clarity"", ""sentiment"": ""neg""}, {""text"": ""Thanks to Dr. Sharma."", ""theme"": ""none"", ""sentiment"": ""neu""}]",
R000624,CSE201,F01,2025-Autumn,"[{""text"": ""The faculty was very approachable and answered all our doubts."", ""theme"": ""support"", ""sentiment"": ""pos""}]",
R000625,CSE305,F02,2025-Autumn,"[{""text"": ""Good balance between depth and speed."", ""theme"": ""pace"", ""sentiment"": ""pos""}, {""text"": ""Doubts were often ignored or brushed aside."", ""theme"": ""support"", ""sentiment"": ""neg""}, {""text"": ""Would not recommend it."", ""theme"": ""overall"", ""sentiment"": ""neg""}]",
R000626,CSE305,F02,2025-Autumn,"[{""text"": ""Classes were boring and monotonous."", ""theme"": ""engagement"", ""sentiment"": ""neg""}, {""text"": ""The pace was okay, neither fast nor slow."", ""theme"": ""pace"", ""sentiment"": ""neu""}, {""text"": ""I could not understand most of the derivations."", ""theme"": ""clarity"", ""sentiment"": ""neg""}]",
R000627,CSE305,F02,2025-Autumn,"[{""text"": ""Very supportive and encouraging towards students."", ""theme"": ""support"", ""sentiment"": ""pos""}, {""text"": ""Grading was transparent and feedback was timely."", ""theme"": ""assessment"", ""sentiment"": ""pos""}]",
R000628,CSE305,F02,2025-Autumn,"[{""text"": ""Exams were fair and matched what was taught."", ""theme"": ""assessment"", ""sentiment"": ""pos""}, {""text"": ""Workload was average."", ""theme"": ""workload"", ""sentiment"": ""neu""}]",
R000629,CSE305,F02,2025-Autumn,"[{""text"": ""Workload was average."", ""theme"": ""workload"", ""sentiment"": ""neu""}]",Vivaan Arora|K22AB
R000630,CSE305,F02,2025-Autumn,"[{""text"": ""Classes were boring and monotonous."", ""theme"": ""engagement"", ""sentiment"": ""neg""}]",
R000631,CSE305,F02,2025-Autumn,"[{""text"": ""Doubts were often ignored or brushed aside."", ""theme"": ""support"", ""sentiment"": ""neg""}, {""text"": ""A normal amount of assignments."", ""theme"": ""workload"", ""sentiment"": ""neu""}]",
R000632,CSE305,F02,2025-Autumn,"[{""text"": ""It was hard to stay interested during sessions."", ""theme"": ""engagement"", ""sentiment"": ""neg""}, {""text"": ""Quizzes helped us track our progress."", ""theme"": ""assessment"", ""sentiment"": ""pos""}, {""text"": ""Thanks to Prof. Kulkarni."", ""theme"": ""none"", ""sentiment"": ""neu""}]",
R000633,CSE305,F02,2025-Autumn,"[{""text"": ""Quick replies to our queries and helpful guidance."", ""theme"": ""support"", ""sentiment"": ""pos""}, {""text"": ""Lectures moved at a comfortable speed and we never felt rushed."", ""theme"": ""pace"", ""sentiment"": ""pos""}, {""text"": ""Thanks to Prof. Kulkarni."", ""theme"": ""none"", ""sentiment"": ""neu""}]",
R000634,CSE305,F02,2025-Autumn,"[{""text"": ""The faculty was not approachable when we had doubts."", ""theme"": ""support"", ""sentiment"": ""neg""}, {""text"": ""Thanks to Prof. Kulkarni."", ""theme"": ""none"", ""sentiment"": ""neu""}]",
R000635,CSE305,F02,2025-Autumn,"[{""text"": ""Deadlines were piled up one after another."", ""theme"": ""workload"", ""sentiment"": ""neg""}, {""text"": ""This course needs a lot of improvement."", ""theme"": ""overall"", ""sentiment"": ""neg""}]",
R000636,CSE305,F02,2025-Autumn,"[{""text"": ""Projects took up far too much time."", ""theme"": ""workload"", ""sentiment"": ""neg""}, {""text"": ""Always available for doubt clearing after class."", ""theme"": ""support"", ""sentiment"": ""pos""}]",
R000637,CSE305,F02,2025-Autumn,"[{""text"": ""There was no discussion or activity in class."", ""theme"": ""engagement"", ""sentiment"": ""neg""}]",Naman Khanna|12433072
R000638,CSE305,F02,2025-Autumn,"[{""text"": ""Every doubt got cleared through simple examples."", ""theme"": ""clarity"", ""sentiment"": ""pos""}]",
R000639,CSE305,F02,2025-Autumn,"[{""text"": ""The teaching lacked clarity and examples."", ""theme"": ""clarity"", ""sentiment"": ""neg""}]",
R000640,CSE305,F02,2025-Autumn,"[{""text"": ""The syllabus was covered way too fast."", ""theme"": ""pace"", ""sentiment"": ""neg""}]",
R000641,CSE305,F02,2025-Autumn,"[{""text"": ""I could not understand most of the derivations."", ""theme"": ""clarity"", ""sentiment"": ""neg""}, {""text"": ""Exams were of moderate difficulty."", ""theme"": ""assessment"", ""sentiment"": ""neu""}, {""text"": ""It was hard to stay interested during sessions."", ""theme"": ""engagement"", ""sentiment"": ""neg""}]",
R000642,CSE305,F02,2025-Autumn,"[{""text"": ""Workload was balanced across the semester."", ""theme"": ""workload"", ""sentiment"": ""pos""}]",
R000643,CSE305,F02,2025-Autumn,"[{""text"": ""Quizzes helped us track our progress."", ""theme"": ""assessment"", ""sentiment"": ""pos""}, {""text"": ""The pace of the course was just right."", ""theme"": ""pace"", ""sentiment"": ""pos""}]",
R000644,CSE305,F02,2025-Autumn,"[{""text"": ""Doubts were often ignored or brushed aside."", ""theme"": ""support"", ""sentiment"": ""neg""}]",
R000645,CSE305,F02,2025-Autumn,"[{""text"": ""Slides were not shared on time."", ""theme"": ""resources"", ""sentiment"": ""neg""}, {""text"": ""Results were delayed and there was no feedback on answers."", ""theme"": ""assessment"", ""sentiment"": ""neg""}, {""text"": ""Workload was balanced across the semester."", ""theme"": ""workload"", ""sentiment"": ""pos""}]",
R000646,CSE305,F02,2025-Autumn,"[{""text"": ""No proper reference books were suggested."", ""theme"": ""resources"", ""sentiment"": ""neg""}, {""text"": ""The faculty was not approachable when we had doubts."", ""theme"": ""support"", ""sentiment"": ""neg""}, {""text"": ""Overall a great course."", ""theme"": ""overall"", ""sentiment"": ""pos""}]",
R000647,CSE305,F02,2025-Autumn,"[{""text"": ""There was no support for students who were struggling."", ""theme"": ""support"", ""sentiment"": ""neg""}, {""text"": ""Results were delayed and there was no feedback on answers."", ""theme"": ""assessment"", ""sentiment"": ""neg""}]",
R000648,CSE305,F02,2025-Autumn,"[{""text"": ""Workload was balanced across the semester."", ""theme"": ""workload"", ""sentiment"": ""pos""}]",
R000649,CSE305,F02,2025-Autumn,"[{""text"": ""Explanations were confusing and hard to follow."", ""theme"": ""clarity"", ""sentiment"": ""neg""}]",
R000650,CSE305,F02,2025-Autumn,"[{""text"": ""Lectures were just slide reading with no interaction."", ""theme"": ""engagement"", ""sentiment"": ""neg""}, {""text"": ""Grading felt unfair and marks were not explained."", ""theme"": ""assessment"", ""sentiment"": ""neg""}]",
R000651,CSE305,F02,2025-Autumn,"[{""text"": ""We skipped through important topics in a hurry."", ""theme"": ""pace"", ""sentiment"": ""neg""}]",
R000652,CSE305,F02,2025-Autumn,"[{""text"": ""Concepts were explained very clearly."", ""theme"": ""clarity"", ""sentiment"": ""pos""}, {""text"": ""Deadlines were piled up one after another."", ""theme"": ""workload"", ""sentiment"": ""neg""}, {""text"": ""No proper reference books were suggested."", ""theme"": ""resources"", ""sentiment"": ""neg""}, {""text"": ""Thanks to Prof. Kulkarni."", ""theme"": ""none"", ""sentiment"": ""neu""}]",
R000653,CSE340,F03,2025-Autumn,"[{""text"": ""Emails were never answered."", ""theme"": ""support"", ""sentiment"": ""neg""}]",
R000654,CSE340,F03,2025-Autumn,"[{""text"": ""Lectures were just slide reading with no interaction."", ""theme"": ""engagement"", ""sentiment"": ""neg""}, {""text"": ""Clarity of explanation was average."", ""theme"": ""clarity"", ""sentiment"": ""neu""}]",
R000655,CSE340,F03,2025-Autumn,"[{""text"": ""Real world examples kept the class lively."", ""theme"": ""engagement"", ""sentiment"": ""pos""}]",
R000656,CSE340,F03,2025-Autumn,"[{""text"": ""Notes and slides shared were very useful."", ""theme"": ""resources"", ""sentiment"": ""pos""}, {""text"": ""Support was available sometimes."", ""theme"": ""support"", ""sentiment"": ""neu""}]",
R000657,CSE340,F03,2025-Autumn,"[{""text"": ""Notes and slides shared were very useful."", ""theme"": ""resources"", ""sentiment"": ""pos""}]",
R000658,CSE340,F03,2025-Autumn,"[{""text"": ""Notes and slides shared were very useful."", ""theme"": ""resources"", ""sentiment"": ""pos""}, {""text"": ""Classes were boring and monotonous."", ""theme"": ""engagement"", ""sentiment"": ""neg""}, {""text"": ""Too many assignments with very tight deadlines."", ""theme"": ""workload"", ""sentiment"": ""neg""}]",
R000659,CSE340,F03,2025-Autumn,"[{""text"": ""Many concepts were not explained properly."", ""theme"": ""clarity"", ""sentiment"": ""neg""}, {""text"": ""Real world examples kept the class lively."", ""theme"": ""engagement"", ""sentiment"": ""pos""}, {""text"": ""Thanks to Dr. Iyer."", ""theme"": ""none"", ""sentiment"": ""neu""}]",
R000660,CSE340,F03,2025-Autumn,"[{""text"": ""I could not understand most of the derivations."", ""theme"": ""clarity"", ""sentiment"": ""neg""}]",
R000661,CSE340,F03,2025-Autumn,"[{""text"": ""Many concepts were not explained properly."", ""theme"": ""clarity"", ""sentiment"": ""neg""}]",
R000662,CSE340,F03,2025-Autumn,"[{""text"": ""There was no discussion or activity in class."", ""theme"": ""engagement"", ""sentiment"": ""neg""}, {""text"": ""Good reference material and lab resources were provided."", ""theme"": ""resources"", ""sentiment"": ""pos""}]",
R000663,CSE340,F03,2025-Autumn,"[{""text"": ""The assignment load was manageable."", ""theme"": ""workload"", ""sentiment"": ""pos""}, {""text"": ""Grading was transparent and feedback was timely."", ""theme"": ""assessment"", ""sentiment"": ""pos""}]",
R000664,CSE340,F03,2025-Autumn,"[{""text"": ""Classes were interactive and interesting."", ""theme"": ""engagement"", ""sentiment"": ""pos""}, {""text"": ""The explanations were clear and well structured."", ""theme"": ""clarity"", ""sentiment"": ""pos""}]",
R000665,CSE340,F03,2025-Autumn,"[{""text"": ""Lectures were just slide reading with no interaction."", ""theme"": ""engagement"", ""sentiment"": ""neg""}]",
R000666,CSE340,F03,2025-Autumn,"[{""text"": ""It was hard to stay interested during sessions."", ""theme"": ""engagement"", ""sentiment"": ""neg""}, {""text"": ""Emails were never answered."", ""theme"": ""support"", ""sentiment"": ""neg""}, {""text"": ""I could not understand most of the derivations."", ""theme"": ""clarity"", ""sentiment"": ""neg""}, {""text"": ""Overall it was an average course."", ""theme"": ""overall"", ""sentiment"": ""neu""}]",
R000667,CSE340,F03,2025-Autumn,"[{""text"": ""The explanations were clear and well structured."", ""theme"": ""clarity"", ""sentiment"": ""pos""}, {""text"": ""Grading was transparent and feedback was timely."", ""theme"": ""assessment"", ""sentiment"": ""pos""}]",
R000668,CSE340,F03,2025-Autumn,"[{""text"": ""Deadlines were piled up one after another."", ""theme"": ""workload"", ""sentiment"": ""neg""}]",
R000669,CSE340,F03,2025-Autumn,"[{""text"": ""Grading was transparent and feedback was timely."", ""theme"": ""assessment"", ""sentiment"": ""pos""}, {""text"": ""The pace was okay, neither fast nor slow."", ""theme"": ""pace"", ""sentiment"": ""neu""}, {""text"": ""The faculty was not approachable when we had doubts."", ""theme"": ""support"", ""sentiment"": ""neg""}]",
R000670,CSE340,F03,2025-Autumn,"[{""text"": ""It was hard to stay interested during sessions."", ""theme"": ""engagement"", ""sentiment"": ""neg""}, {""text"": ""Many concepts were not explained properly."", ""theme"": ""clarity"", ""sentiment"": ""neg""}, {""text"": ""Thanks to Dr. Iyer."", ""theme"": ""none"", ""sentiment"": ""neu""}]",
R000671,CSE340,F03,2025-Autumn,"[{""text"": ""The teaching lacked clarity and examples."", ""theme"": ""clarity"", ""sentiment"": ""neg""}, {""text"": ""A reasonable number of assignments and projects."", ""theme"": ""workload"", ""sentiment"": ""pos""}, {""text"": ""Support was available sometimes."", ""theme"": ""support"", ""sentiment"": ""neu""}, {""text"": ""Would not recommend it."", ""theme"": ""overall"", ""sentiment"": ""neg""}]",
R000672,CSE340,F03,2025-Autumn,"[{""text"": ""Classes were boring and monotonous."", ""theme"": ""engagement"", ""sentiment"": ""neg""}, {""text"": ""Too many assignments with very tight deadlines."", ""theme"": ""workload"", ""sentiment"": ""neg""}]",
R000673,CSE340,F03,2025-Autumn,"[{""text"": ""The teaching lacked clarity and examples."", ""theme"": ""clarity"", ""sentiment"": ""neg""}, {""text"": ""Lectures moved at a comfortable speed and we never felt rushed."", ""theme"": ""pace"", ""sentiment"": ""pos""}, {""text"": ""Thanks to Dr. Iyer."", ""theme"": ""none"", ""sentiment"": ""neu""}]",
R000674,CSE340,F03,2025-Autumn,"[{""text"": ""Classes were interactive and interesting."", ""theme"": ""engagement"", ""sentiment"": ""pos""}]",
R000675,CSE340,F03,2025-Autumn,"[{""text"": ""Some sessions were interesting."", ""theme"": ""engagement"", ""sentiment"": ""neu""}]",
R000676,CSE340,F03,2025-Autumn,"[{""text"": ""Examples made difficult topics easy to understand."", ""theme"": ""clarity"", ""sentiment"": ""pos""}]",
R000677,CSE310,F02,2025-Autumn,"[{""text"": ""Slides were not shared on time."", ""theme"": ""resources"", ""sentiment"": ""neg""}, {""text"": ""Lectures felt rushed and it was hard to keep up."", ""theme"": ""pace"", ""sentiment"": ""neg""}]",
R000678,CSE310,F02,2025-Autumn,"[{""text"": ""Always available for doubt clearing after class."", ""theme"": ""support"", ""sentiment"": ""pos""}, {""text"": ""Concepts were explained very clearly."", ""theme"": ""clarity"", ""sentiment"": ""pos""}, {""text"": ""Too many assignments with very tight deadlines."", ""theme"": ""workload"", ""sentiment"": ""neg""}]",
R000679,CSE310,F02,2025-Autumn,"[{""text"": ""Good balance between depth and speed."", ""theme"": ""pace"", ""sentiment"": ""pos""}, {""text"": ""Lectures were just slide reading with no interaction."", ""theme"": ""engagement"", ""sentiment"": ""neg""}, {""text"": ""Notes and slides shared were very useful."", ""theme"": ""resources"", ""sentiment"": ""pos""}]",
R000680,CSE310,F02,2025-Autumn,"[{""text"": ""Support was available sometimes."", ""theme"": ""support"", ""sentiment"": ""neu""}, {""text"": ""A reasonable number of assignments and projects."", ""theme"": ""workload"", ""sentiment"": ""pos""}]",
R000681,CSE310,F02,2025-Autumn,"[{""text"": ""Some topics were clear and some were not."", ""theme"": ""clarity"", ""sentiment"": ""neu""}]",
R000682,CSE310,F02,2025-Autumn,"[{""text"": ""Projects took up far too much time."", ""theme"": ""workload"", ""sentiment"": ""neg""}, {""text"": ""Grading felt unfair and marks were not explained."", ""theme"": ""assessment"", ""sentiment"": ""neg""}]",
R000683,CSE310,F02,2025-Autumn,"[{""text"": ""Examples made difficult topics easy to understand."", ""theme"": ""clarity"", ""sentiment"": ""pos""}]",
R000684,CSE310,F02,2025-Autumn,"[{""text"": ""Explanations were confusing and hard to follow."", ""theme"": ""clarity"", ""sentiment"": ""neg""}, {""text"": ""Results were delayed and there was no feedback on answers."", ""theme"": ""assessment"", ""sentiment"": ""neg""}]",
R000685,CSE310,F02,2025-Autumn,"[{""text"": ""Very supportive and encouraging towards students."", ""theme"": ""support"", ""sentiment"": ""pos""}, {""text"": ""Too many assignments with very tight deadlines."", ""theme"": ""workload"", ""sentiment"": ""neg""}]",
R000686,CSE310,F02,2025-Autumn,"[{""text"": ""Lectures moved at a comfortable speed and we never felt rushed."", ""theme"": ""pace"", ""sentiment"": ""pos""}, {""text"": ""Real world examples kept the class lively."", ""theme"": ""engagement"", ""sentiment"": ""pos""}, {""text"": ""The assignment load was manageable."", ""theme"": ""workload"", ""sentiment"": ""pos""}]",
R000687,CSE310,F02,2025-Autumn,"[{""text"": ""Workload was average."", ""theme"": ""workload"", ""sentiment"": ""neu""}, {""text"": ""Exams were fair and matched what was taught."", ""theme"": ""assessment"", ""sentiment"": ""pos""}]",
R000688,CSE310,F02,2025-Autumn,"[{""text"": ""Speed of teaching was average."", ""theme"": ""pace"", ""sentiment"": ""neu""}]",
R000689,CSE310,F02,2025-Autumn,"[{""text"": ""Grading felt unfair and marks were not explained."", ""theme"": ""assessment"", ""sentiment"": ""neg""}]",
R000690,CSE310,F02,2025-Autumn,"[{""text"": ""Grading was transparent and feedback was timely."", ""theme"": ""assessment"", ""sentiment"": ""pos""}, {""text"": ""Very supportive and encouraging towards students."", ""theme"": ""support"", ""sentiment"": ""pos""}, {""text"": ""This course needs a lot of improvement."", ""theme"": ""overall"", ""sentiment"": ""neg""}]",
R000691,CSE310,F02,2025-Autumn,"[{""text"": ""Quick replies to our queries and helpful guidance."", ""theme"": ""support"", ""sentiment"": ""pos""}]",
R000692,CSE310,F02,2025-Autumn,"[{""text"": ""Recorded lectures and study material helped a lot."", ""theme"": ""resources"", ""sentiment"": ""pos""}, {""text"": ""Lectures felt rushed and it was hard to keep up."", ""theme"": ""pace"", ""sentiment"": ""neg""}, {""text"": ""There was no discussion or activity in class."", ""theme"": ""engagement"", ""sentiment"": ""neg""}]",
R000693,CSE310,F02,2025-Autumn,"[{""text"": ""Lab systems were poor and resources insufficient."", ""theme"": ""resources"", ""sentiment"": ""neg""}, {""text"": ""There was no support for students who were struggling."", ""theme"": ""support"", ""sentiment"": ""neg""}, {""text"": ""The evaluation pattern was standard."", ""theme"": ""assessment"", ""sentiment"": ""neu""}]",
R000694,CSE310,F02,2025-Autumn,"[{""text"": ""We skipped through important topics in a hurry."", ""theme"": ""pace"", ""sentiment"": ""neg""}, {""text"": ""There was no discussion or activity in class."", ""theme"": ""engagement"", ""sentiment"": ""neg""}, {""text"": ""Really enjoyed this subject."", ""theme"": ""overall"", ""sentiment"": ""pos""}]",
R000695,CSE310,F02,2025-Autumn,"[{""text"": ""There was no discussion or activity in class."", ""theme"": ""engagement"", ""sentiment"": ""neg""}, {""text"": ""The syllabus was covered way too fast."", ""theme"": ""pace"", ""sentiment"": ""neg""}, {""text"": ""The evaluation pattern was standard."", ""theme"": ""assessment"", ""sentiment"": ""neu""}, {""text"": ""Thanks to Prof. Kulkarni."", ""theme"": ""none"", ""sentiment"": ""neu""}]",
R000696,CSE310,F02,2025-Autumn,"[{""text"": ""Some topics were clear and some were not."", ""theme"": ""clarity"", ""sentiment"": ""neu""}, {""text"": ""Classes were boring and monotonous."", ""theme"": ""engagement"", ""sentiment"": ""neg""}, {""text"": ""There was no support for students who were struggling."", ""theme"": ""support"", ""sentiment"": ""neg""}]",
R000697,CSE310,F02,2025-Autumn,"[{""text"": ""Lectures were just slide reading with no interaction."", ""theme"": ""engagement"", ""sentiment"": ""neg""}, {""text"": ""There was no support for students who were struggling."", ""theme"": ""support"", ""sentiment"": ""neg""}, {""text"": ""Quizzes helped us track our progress."", ""theme"": ""assessment"", ""sentiment"": ""pos""}, {""text"": ""This course needs a lot of improvement."", ""theme"": ""overall"", ""sentiment"": ""neg""}]",
R000698,CSE310,F02,2025-Autumn,"[{""text"": ""The pace was too slow and classes dragged on."", ""theme"": ""pace"", ""sentiment"": ""neg""}]",
R000699,CSE310,F02,2025-Autumn,"[{""text"": ""I could not understand most of the derivations."", ""theme"": ""clarity"", ""sentiment"": ""neg""}, {""text"": ""The sessions were engaging with lots of discussion."", ""theme"": ""engagement"", ""sentiment"": ""pos""}, {""text"": ""Overall it was an average course."", ""theme"": ""overall"", ""sentiment"": ""neu""}]",
R000700,CSE310,F02,2025-Autumn,"[{""text"": ""Exams were fair and matched what was taught."", ""theme"": ""assessment"", ""sentiment"": ""pos""}]",
R000701,CSE310,F02,2025-Autumn,"[{""text"": ""The assignment load was manageable."", ""theme"": ""workload"", ""sentiment"": ""pos""}, {""text"": ""No proper reference books were suggested."", ""theme"": ""resources"", ""sentiment"": ""neg""}]",
R000702,CSE310,F02,2025-Autumn,"[{""text"": ""Lectures moved at a comfortable speed and we never felt rushed."", ""theme"": ""pace"", ""sentiment"": ""pos""}, {""text"": ""Grading felt unfair and marks were not explained."", ""theme"": ""assessment"", ""sentiment"": ""neg""}, {""text"": ""Overall it was an average course."", ""theme"": ""overall"", ""sentiment"": ""neu""}]",
R000703,CSE310,F02,2025-Autumn,"[{""text"": ""Deadlines were piled up one after another."", ""theme"": ""workload"", ""sentiment"": ""neg""}, {""text"": ""Lectures moved at a comfortable speed and we never felt rushed."", ""theme"": ""pace"", ""sentiment"": ""pos""}, {""text"": ""Grading was transparent and feedback was timely."", ""theme"": ""assessment"", ""sentiment"": ""pos""}, {""text"": ""Thanks to Prof. Kulkarni."", ""theme"": ""none"", ""sentiment"": ""neu""}]",Arjun Arora|K22AB
R000704,CSE310,F02,2025-Autumn,"[{""text"": ""Exams were of moderate difficulty."", ""theme"": ""assessment"", ""sentiment"": ""neu""}, {""text"": ""Lab systems were poor and resources insufficient."", ""theme"": ""resources"", ""sentiment"": ""neg""}]",
R000705,CSE310,F02,2025-Autumn,"[{""text"": ""Quizzes helped us track our progress."", ""theme"": ""assessment"", ""sentiment"": ""pos""}, {""text"": ""Very supportive and encouraging towards students."", ""theme"": ""support"", ""sentiment"": ""pos""}]",
R000706,CSE310,F02,2025-Autumn,"[{""text"": ""Exams were fair and matched what was taught."", ""theme"": ""assessment"", ""sentiment"": ""pos""}, {""text"": ""Thanks to Prof. Kulkarni."", ""theme"": ""none"", ""sentiment"": ""neu""}]",
R000707,CSE310,F02,2025-Autumn,"[{""text"": ""Lectures were just slide reading with no interaction."", ""theme"": ""engagement"", ""sentiment"": ""neg""}, {""text"": ""The teaching lacked clarity and examples."", ""theme"": ""clarity"", ""sentiment"": ""neg""}]",
R000708,CSE310,F02,2025-Autumn,"[{""text"": ""Exams were of moderate difficulty."", ""theme"": ""assessment"", ""sentiment"": ""neu""}, {""text"": ""Thanks to Prof. Kulkarni."", ""theme"": ""none"", ""sentiment"": ""neu""}]",
R000709,CSE310,F02,2025-Autumn,"[{""text"": ""We skipped through important topics in a hurry."", ""theme"": ""pace"", ""sentiment"": ""neg""}, {""text"": ""Examples made difficult topics easy to understand."", ""theme"": ""clarity"", ""sentiment"": ""pos""}, {""text"": ""Thanks to Prof. Kulkarni."", ""theme"": ""none"", ""sentiment"": ""neu""}]",
R000710,CSE310,F02,2025-Autumn,"[{""text"": ""Support was available sometimes."", ""theme"": ""support"", ""sentiment"": ""neu""}, {""text"": ""Results were delayed and there was no feedback on answers."", ""theme"": ""assessment"", ""sentiment"": ""neg""}, {""text"": ""Materials were okay."", ""theme"": ""resources"", ""sentiment"": ""neu""}]",
R000711,CSE310,F02,2025-Autumn,"[{""text"": ""Study material was outdated."", ""theme"": ""resources"", ""sentiment"": ""neg""}, {""text"": ""Too many assignments with very tight deadlines."", ""theme"": ""workload"", ""sentiment"": ""neg""}, {""text"": ""There was no support for students who were struggling."", ""theme"": ""support"", ""sentiment"": ""neg""}, {""text"": ""Overall it was an average course."", ""theme"": ""overall"", ""sentiment"": ""neu""}]",
R000712,CSE310,F02,2025-Autumn,"[{""text"": ""Good balance between depth and speed."", ""theme"": ""pace"", ""sentiment"": ""pos""}, {""text"": ""The workload was overwhelming alongside other courses."", ""theme"": ""workload"", ""sentiment"": ""neg""}, {""text"": ""Exams were fair and matched what was taught."", ""theme"": ""assessment"", ""sentiment"": ""pos""}]",
R000713,ECE210,F04,2025-Autumn,"[{""text"": ""The teaching lacked clarity and examples."", ""theme"": ""clarity"", ""sentiment"": ""neg""}]",Ishita Bansal|K22AB
R000714,ECE210,F04,2025-Autumn,"[{""text"": ""Results were delayed and there was no feedback on answers."", ""theme"": ""assessment"", ""sentiment"": ""neg""}, {""text"": ""Explanations were confusing and hard to follow."", ""theme"": ""clarity"", ""sentiment"": ""neg""}, {""text"": ""There was no discussion or activity in class."", ""theme"": ""engagement"", ""sentiment"": ""neg""}]",Arjun Thakur|12405478
R000715,ECE210,F04,2025-Autumn,"[{""text"": ""The syllabus was covered way too fast."", ""theme"": ""pace"", ""sentiment"": ""neg""}, {""text"": ""The explanations were clear and well structured."", ""theme"": ""clarity"", ""sentiment"": ""pos""}]",
R000716,ECE210,F04,2025-Autumn,"[{""text"": ""Lectures were just slide reading with no interaction."", ""theme"": ""engagement"", ""sentiment"": ""neg""}, {""text"": ""Study material was outdated."", ""theme"": ""resources"", ""sentiment"": ""neg""}, {""text"": ""The assignment load was manageable."", ""theme"": ""workload"", ""sentiment"": ""pos""}, {""text"": ""Would recommend this course to others."", ""theme"": ""overall"", ""sentiment"": ""pos""}]",
R000717,ECE210,F04,2025-Autumn,"[{""text"": ""Lectures felt rushed and it was hard to keep up."", ""theme"": ""pace"", ""sentiment"": ""neg""}, {""text"": ""Lab systems were poor and resources insufficient."", ""theme"": ""resources"", ""sentiment"": ""neg""}, {""text"": ""Overall a great course."", ""theme"": ""overall"", ""sentiment"": ""pos""}]",
R000718,ECE210,F04,2025-Autumn,"[{""text"": ""Every doubt got cleared through simple examples."", ""theme"": ""clarity"", ""sentiment"": ""pos""}, {""text"": ""Overall I am not satisfied with this course."", ""theme"": ""overall"", ""sentiment"": ""neg""}]",
R000719,ECE210,F04,2025-Autumn,"[{""text"": ""The pace was too slow and classes dragged on."", ""theme"": ""pace"", ""sentiment"": ""neg""}, {""text"": ""Exams were fair and matched what was taught."", ""theme"": ""assessment"", ""sentiment"": ""pos""}]",
R000720,ECE210,F04,2025-Autumn,"[{""text"": ""Good balance between depth and speed."", ""theme"": ""pace"", ""sentiment"": ""pos""}, {""text"": ""There was no discussion or activity in class."", ""theme"": ""engagement"", ""sentiment"": ""neg""}]",
R000721,ECE210,F04,2025-Autumn,"[{""text"": ""Doubts were often ignored or brushed aside."", ""theme"": ""support"", ""sentiment"": ""neg""}, {""text"": ""Clarity of explanation was average."", ""theme"": ""clarity"", ""sentiment"": ""neu""}]",
R000722,ECE210,F04,2025-Autumn,"[{""text"": ""There was no support for students who were struggling."", ""theme"": ""support"", ""sentiment"": ""neg""}]",
R000723,ECE210,F04,2025-Autumn,"[{""text"": ""Quizzes helped us track our progress."", ""theme"": ""assessment"", ""sentiment"": ""pos""}]",
R000724,ECE210,F04,2025-Autumn,"[{""text"": ""Always available for doubt clearing after class."", ""theme"": ""support"", ""sentiment"": ""pos""}, {""text"": ""Evaluation criteria were never clear."", ""theme"": ""assessment"", ""sentiment"": ""neg""}]",
R000725,ECE210,F04,2025-Autumn,"[{""text"": ""A reasonable number of assignments and projects."", ""theme"": ""workload"", ""sentiment"": ""pos""}, {""text"": ""Examples made difficult topics easy to understand."", ""theme"": ""clarity"", ""sentiment"": ""pos""}]",
R000726,ECE210,F04,2025-Autumn,"[{""text"": ""The pace was okay, neither fast nor slow."", ""theme"": ""pace"", ""sentiment"": ""neu""}, {""text"": ""Study material was outdated."", ""theme"": ""resources"", ""sentiment"": ""neg""}, {""text"": ""Concepts were explained very clearly."", ""theme"": ""clarity"", ""sentiment"": ""pos""}]",
R000727,ECE210,F04,2025-Autumn,"[{""text"": ""Emails were never answered."", ""theme"": ""support"", ""sentiment"": ""neg""}, {""text"": ""Notes and slides shared were very useful."", ""theme"": ""resources"", ""sentiment"": ""pos""}, {""text"": ""The assignment load was manageable."", ""theme"": ""workload"", ""sentiment"": ""pos""}]",
R000728,ECE210,F04,2025-Autumn,"[{""text"": ""Good reference material and lab resources were provided."", ""theme"": ""resources"", ""sentiment"": ""pos""}, {""text"": ""Exams were fair and matched what was taught."", ""theme"": ""assessment"", ""sentiment"": ""pos""}, {""text"": ""Would recommend this course to others."", ""theme"": ""overall"", ""sentiment"": ""pos""}]",
R000729,ECE210,F04,2025-Autumn,"[{""text"": ""There was no support for students who were struggling."", ""theme"": ""support"", ""sentiment"": ""neg""}, {""text"": ""The pace was okay, neither fast nor slow."", ""theme"": ""pace"", ""sentiment"": ""neu""}, {""text"": ""Thanks to Mr. Sandhu."", ""theme"": ""none"", ""sentiment"": ""neu""}]",
R000730,ECE210,F04,2025-Autumn,"[{""text"": ""Every doubt got cleared through simple examples."", ""theme"": ""clarity"", ""sentiment"": ""pos""}, {""text"": ""Quizzes helped us track our progress."", ""theme"": ""assessment"", ""sentiment"": ""pos""}, {""text"": ""Notes and slides shared were very useful."", ""theme"": ""resources"", ""sentiment"": ""pos""}]",9502334486|95023 34486
R000731,ECE210,F04,2025-Autumn,"[{""text"": ""Clarity of explanation was average."", ""theme"": ""clarity"", ""sentiment"": ""neu""}]",Naman Verma|12439676
R000732,ECE210,F04,2025-Autumn,"[{""text"": ""Every doubt got cleared through simple examples."", ""theme"": ""clarity"", ""sentiment"": ""pos""}, {""text"": ""There was no support for students who were struggling."", ""theme"": ""support"", ""sentiment"": ""neg""}, {""text"": ""Would recommend this course to others."", ""theme"": ""overall"", ""sentiment"": ""pos""}]",
R000733,ECE210,F04,2025-Autumn,"[{""text"": ""Classes were interactive and interesting."", ""theme"": ""engagement"", ""sentiment"": ""pos""}, {""text"": ""Lectures moved at a comfortable speed and we never felt rushed."", ""theme"": ""pace"", ""sentiment"": ""pos""}, {""text"": ""Explanations were confusing and hard to follow."", ""theme"": ""clarity"", ""sentiment"": ""neg""}, {""text"": ""Would recommend this course to others."", ""theme"": ""overall"", ""sentiment"": ""pos""}]",
R000734,ECE210,F04,2025-Autumn,"[{""text"": ""Concepts were explained very clearly."", ""theme"": ""clarity"", ""sentiment"": ""pos""}, {""text"": ""Classes were boring and monotonous."", ""theme"": ""engagement"", ""sentiment"": ""neg""}, {""text"": ""Overall I am not satisfied with this course."", ""theme"": ""overall"", ""sentiment"": ""neg""}]",
R000735,ECE210,F04,2025-Autumn,"[{""text"": ""Explanations were confusing and hard to follow."", ""theme"": ""clarity"", ""sentiment"": ""neg""}, {""text"": ""Exam questions were out of syllabus."", ""theme"": ""assessment"", ""sentiment"": ""neg""}, {""text"": ""Overall it was an average course."", ""theme"": ""overall"", ""sentiment"": ""neu""}]",
R000736,ECE210,F04,2025-Autumn,"[{""text"": ""The teaching lacked clarity and examples."", ""theme"": ""clarity"", ""sentiment"": ""neg""}, {""text"": ""Grading was transparent and feedback was timely."", ""theme"": ""assessment"", ""sentiment"": ""pos""}, {""text"": ""The workload was overwhelming alongside other courses."", ""theme"": ""workload"", ""sentiment"": ""neg""}]",
R000737,ECE210,F04,2025-Autumn,"[{""text"": ""There was no discussion or activity in class."", ""theme"": ""engagement"", ""sentiment"": ""neg""}, {""text"": ""The pace of the course was just right."", ""theme"": ""pace"", ""sentiment"": ""pos""}]",
R000738,ECE210,F04,2025-Autumn,"[{""text"": ""Doubts were often ignored or brushed aside."", ""theme"": ""support"", ""sentiment"": ""neg""}, {""text"": ""Examples made difficult topics easy to understand."", ""theme"": ""clarity"", ""sentiment"": ""pos""}, {""text"": ""Workload was balanced across the semester."", ""theme"": ""workload"", ""sentiment"": ""pos""}]",
R000739,ECE210,F04,2025-Autumn,"[{""text"": ""Classes were boring and monotonous."", ""theme"": ""engagement"", ""sentiment"": ""neg""}]",
R000740,ECE210,F04,2025-Autumn,"[{""text"": ""Examples made difficult topics easy to understand."", ""theme"": ""clarity"", ""sentiment"": ""pos""}, {""text"": ""Lectures moved at a comfortable speed and we never felt rushed."", ""theme"": ""pace"", ""sentiment"": ""pos""}, {""text"": ""Would recommend this course to others."", ""theme"": ""overall"", ""sentiment"": ""pos""}]",
R000741,ECE210,F04,2025-Autumn,"[{""text"": ""It was hard to stay interested during sessions."", ""theme"": ""engagement"", ""sentiment"": ""neg""}, {""text"": ""Workload was average."", ""theme"": ""workload"", ""sentiment"": ""neu""}]",
R000742,ECE210,F04,2025-Autumn,"[{""text"": ""Evaluation criteria were never clear."", ""theme"": ""assessment"", ""sentiment"": ""neg""}]",
R000743,ECE210,F04,2025-Autumn,"[{""text"": ""The assignment load was manageable."", ""theme"": ""workload"", ""sentiment"": ""pos""}, {""text"": ""Topics were covered in a well paced manner."", ""theme"": ""pace"", ""sentiment"": ""pos""}]",
R000744,ECE210,F04,2025-Autumn,"[{""text"": ""Lectures moved at a comfortable speed and we never felt rushed."", ""theme"": ""pace"", ""sentiment"": ""pos""}]",
R000745,ECE210,F04,2025-Autumn,"[{""text"": ""There was no support for students who were struggling."", ""theme"": ""support"", ""sentiment"": ""neg""}, {""text"": ""Every doubt got cleared through simple examples."", ""theme"": ""clarity"", ""sentiment"": ""pos""}, {""text"": ""Projects took up far too much time."", ""theme"": ""workload"", ""sentiment"": ""neg""}]",
R000746,ECE210,F04,2025-Autumn,"[{""text"": ""Workload was average."", ""theme"": ""workload"", ""sentiment"": ""neu""}, {""text"": ""Classes were boring and monotonous."", ""theme"": ""engagement"", ""sentiment"": ""neg""}, {""text"": ""Grading felt unfair and marks were not explained."", ""theme"": ""assessment"", ""sentiment"": ""neg""}]",
R000747,ECE210,F04,2025-Autumn,"[{""text"": ""Every doubt got cleared through simple examples."", ""theme"": ""clarity"", ""sentiment"": ""pos""}, {""text"": ""Overall I am not satisfied with this course."", ""theme"": ""overall"", ""sentiment"": ""neg""}]",
R000748,ECE210,F04,2025-Autumn,"[{""text"": ""The assignment load was manageable."", ""theme"": ""workload"", ""sentiment"": ""pos""}, {""text"": ""This course needs a lot of improvement."", ""theme"": ""overall"", ""sentiment"": ""neg""}]",
R000749,ECE210,F04,2025-Autumn,"[{""text"": ""Classes were boring and monotonous."", ""theme"": ""engagement"", ""sentiment"": ""neg""}, {""text"": ""Exams were of moderate difficulty."", ""theme"": ""assessment"", ""sentiment"": ""neu""}]",
R000750,ECE330,F05,2025-Autumn,"[{""text"": ""Lectures moved at a comfortable speed and we never felt rushed."", ""theme"": ""pace"", ""sentiment"": ""pos""}, {""text"": ""Explanations were confusing and hard to follow."", ""theme"": ""clarity"", ""sentiment"": ""neg""}, {""text"": ""Thanks to Dr. Malhotra."", ""theme"": ""none"", ""sentiment"": ""neu""}]",
R000751,ECE330,F05,2025-Autumn,"[{""text"": ""Examples made difficult topics easy to understand."", ""theme"": ""clarity"", ""sentiment"": ""pos""}, {""text"": ""Projects took up far too much time."", ""theme"": ""workload"", ""sentiment"": ""neg""}]",
R000752,ECE330,F05,2025-Autumn,"[{""text"": ""It was hard to stay interested during sessions."", ""theme"": ""engagement"", ""sentiment"": ""neg""}]",Diya Bansal|K22AB
R000753,ECE330,F05,2025-Autumn,"[{""text"": ""The pace was too slow and classes dragged on."", ""theme"": ""pace"", ""sentiment"": ""neg""}]",
R000754,ECE330,F05,2025-Autumn,"[{""text"": ""Slides were not shared on time."", ""theme"": ""resources"", ""sentiment"": ""neg""}, {""text"": ""Overall a great course."", ""theme"": ""overall"", ""sentiment"": ""pos""}]",
R000755,ECE330,F05,2025-Autumn,"[{""text"": ""Examples made difficult topics easy to understand."", ""theme"": ""clarity"", ""sentiment"": ""pos""}, {""text"": ""Speed of teaching was average."", ""theme"": ""pace"", ""sentiment"": ""neu""}, {""text"": ""Overall a great course."", ""theme"": ""overall"", ""sentiment"": ""pos""}]",
R000756,ECE330,F05,2025-Autumn,"[{""text"": ""Engagement was average."", ""theme"": ""engagement"", ""sentiment"": ""neu""}, {""text"": ""Exams were fair and matched what was taught."", ""theme"": ""assessment"", ""sentiment"": ""pos""}, {""text"": ""Lectures moved at a comfortable speed and we never felt rushed."", ""theme"": ""pace"", ""sentiment"": ""pos""}]",
R000757,ECE330,F05,2025-Autumn,"[{""text"": ""Grading was transparent and feedback was timely."", ""theme"": ""assessment"", ""sentiment"": ""pos""}]",
R000758,ECE330,F05,2025-Autumn,"[{""text"": ""Some topics were clear and some were not."", ""theme"": ""clarity"", ""sentiment"": ""neu""}, {""text"": ""Grading was transparent and feedback was timely."", ""theme"": ""assessment"", ""sentiment"": ""pos""}]",
R000759,ECE330,F05,2025-Autumn,"[{""text"": ""Exams were fair and matched what was taught."", ""theme"": ""assessment"", ""sentiment"": ""pos""}, {""text"": ""The sessions were engaging with lots of discussion."", ""theme"": ""engagement"", ""sentiment"": ""pos""}]",
R000760,ECE330,F05,2025-Autumn,"[{""text"": ""Doubts were often ignored or brushed aside."", ""theme"": ""support"", ""sentiment"": ""neg""}, {""text"": ""No proper reference books were suggested."", ""theme"": ""resources"", ""sentiment"": ""neg""}]",
R000761,ECE330,F05,2025-Autumn,"[{""text"": ""Real world examples kept the class lively."", ""theme"": ""engagement"", ""sentiment"": ""pos""}, {""text"": ""Some topics were clear and some were not."", ""theme"": ""clarity"", ""sentiment"": ""neu""}]",
R000762,ECE330,F05,2025-Autumn,"[{""text"": ""The faculty was very approachable and answered all our doubts."", ""theme"": ""support"", ""sentiment"": ""pos""}]",
R000763,ECE330,F05,2025-Autumn,"[{""text"": ""Projects took up far too much time."", ""theme"": ""workload"", ""sentiment"": ""neg""}, {""text"": ""Every doubt got cleared through simple examples."", ""theme"": ""clarity"", ""sentiment"": ""pos""}]",
R000764,ECE330,F05,2025-Autumn,"[{""text"": ""The syllabus was covered way too fast."", ""theme"": ""pace"", ""sentiment"": ""neg""}]",
R000765,ECE330,F05,2025-Autumn,"[{""text"": ""Good reference material and lab resources were provided."", ""theme"": ""resources"", ""sentiment"": ""pos""}, {""text"": ""Examples made difficult topics easy to understand."", ""theme"": ""clarity"", ""sentiment"": ""pos""}]",
R000766,ECE330,F05,2025-Autumn,"[{""text"": ""Quick replies to our queries and helpful guidance."", ""theme"": ""support"", ""sentiment"": ""pos""}]",
R000767,ECE330,F05,2025-Autumn,"[{""text"": ""The sessions were engaging with lots of discussion."", ""theme"": ""engagement"", ""sentiment"": ""pos""}, {""text"": ""Office hours existed but were rarely used."", ""theme"": ""support"", ""sentiment"": ""neu""}]",
R000768,ECE330,F05,2025-Autumn,"[{""text"": ""Support was available sometimes."", ""theme"": ""support"", ""sentiment"": ""neu""}, {""text"": ""Real world examples kept the class lively."", ""theme"": ""engagement"", ""sentiment"": ""pos""}, {""text"": ""I could not understand most of the derivations."", ""theme"": ""clarity"", ""sentiment"": ""neg""}]",
R000769,ECE330,F05,2025-Autumn,"[{""text"": ""The faculty was very approachable and answered all our doubts."", ""theme"": ""support"", ""sentiment"": ""pos""}, {""text"": ""Exams were fair and matched what was taught."", ""theme"": ""assessment"", ""sentiment"": ""pos""}]",
R000770,ECE330,F05,2025-Autumn,"[{""text"": ""Workload was balanced across the semester."", ""theme"": ""workload"", ""sentiment"": ""pos""}]",
R000771,ECE330,F05,2025-Autumn,"[{""text"": ""Some topics were clear and some were not."", ""theme"": ""clarity"", ""sentiment"": ""neu""}, {""text"": ""Always available for doubt clearing after class."", ""theme"": ""support"", ""sentiment"": ""pos""}, {""text"": ""Exam questions were out of syllabus."", ""theme"": ""assessment"", ""sentiment"": ""neg""}]",
R000772,ECE330,F05,2025-Autumn,"[{""text"": ""Very supportive and encouraging towards students."", ""theme"": ""support"", ""sentiment"": ""pos""}, {""text"": ""Lectures moved at a comfortable speed and we never felt rushed."", ""theme"": ""pace"", ""sentiment"": ""pos""}]",
R000773,ECE330,F05,2025-Autumn,"[{""text"": ""Doubts were often ignored or brushed aside."", ""theme"": ""support"", ""sentiment"": ""neg""}, {""text"": ""Explanations were confusing and hard to follow."", ""theme"": ""clarity"", ""sentiment"": ""neg""}, {""text"": ""Lectures moved at a comfortable speed and we never felt rushed."", ""theme"": ""pace"", ""sentiment"": ""pos""}]",Gurpreet
R000774,ECE330,F05,2025-Autumn,"[{""text"": ""Classes were interactive and interesting."", ""theme"": ""engagement"", ""sentiment"": ""pos""}, {""text"": ""Concepts were explained very clearly."", ""theme"": ""clarity"", ""sentiment"": ""pos""}, {""text"": ""Always available for doubt clearing after class."", ""theme"": ""support"", ""sentiment"": ""pos""}]",
R000775,ECE330,F05,2025-Autumn,"[{""text"": ""Office hours existed but were rarely used."", ""theme"": ""support"", ""sentiment"": ""neu""}, {""text"": ""Grading was transparent and feedback was timely."", ""theme"": ""assessment"", ""sentiment"": ""pos""}, {""text"": ""Would recommend this course to others."", ""theme"": ""overall"", ""sentiment"": ""pos""}, {""text"": ""Thanks to Dr. Malhotra."", ""theme"": ""none"", ""sentiment"": ""neu""}]",
R000776,ECE330,F05,2025-Autumn,"[{""text"": ""Lectures were just slide reading with no interaction."", ""theme"": ""engagement"", ""sentiment"": ""neg""}, {""text"": ""Quizzes helped us track our progress."", ""theme"": ""assessment"", ""sentiment"": ""pos""}]",
R000777,ECE330,F05,2025-Autumn,"[{""text"": ""Office hours existed but were rarely used."", ""theme"": ""support"", ""sentiment"": ""neu""}, {""text"": ""It was hard to stay interested during sessions."", ""theme"": ""engagement"", ""sentiment"": ""neg""}]",
R000778,ECE330,F05,2025-Autumn,"[{""text"": ""Real world examples kept the class lively."", ""theme"": ""engagement"", ""sentiment"": ""pos""}, {""text"": ""Topics were covered in a well paced manner."", ""theme"": ""pace"", ""sentiment"": ""pos""}]",
R000779,ECE330,F05,2025-Autumn,"[{""text"": ""Notes and slides shared were very useful."", ""theme"": ""resources"", ""sentiment"": ""pos""}]",
R000780,ECE330,F05,2025-Autumn,"[{""text"": ""It was hard to stay interested during sessions."", ""theme"": ""engagement"", ""sentiment"": ""neg""}, {""text"": ""Topics were covered in a well paced manner."", ""theme"": ""pace"", ""sentiment"": ""pos""}]",
R000781,ECE330,F05,2025-Autumn,"[{""text"": ""Projects took up far too much time."", ""theme"": ""workload"", ""sentiment"": ""neg""}]",
R000782,ECE330,F05,2025-Autumn,"[{""text"": ""I could not understand most of the derivations."", ""theme"": ""clarity"", ""sentiment"": ""neg""}, {""text"": ""Notes and slides shared were very useful."", ""theme"": ""resources"", ""sentiment"": ""pos""}]",
R000783,ECE330,F05,2025-Autumn,"[{""text"": ""No proper reference books were suggested."", ""theme"": ""resources"", ""sentiment"": ""neg""}]",
R000784,ECE330,F05,2025-Autumn,"[{""text"": ""The assignment load was manageable."", ""theme"": ""workload"", ""sentiment"": ""pos""}]",Simran Arora|12437249
R000785,ECE330,F05,2025-Autumn,"[{""text"": ""Projects took up far too much time."", ""theme"": ""workload"", ""sentiment"": ""neg""}]",
R000786,ECE330,F05,2025-Autumn,"[{""text"": ""Good balance between depth and speed."", ""theme"": ""pace"", ""sentiment"": ""pos""}, {""text"": ""Classes were interactive and interesting."", ""theme"": ""engagement"", ""sentiment"": ""pos""}, {""text"": ""Slides were not shared on time."", ""theme"": ""resources"", ""sentiment"": ""neg""}]",
R000787,ECE330,F05,2025-Autumn,"[{""text"": ""Every doubt got cleared through simple examples."", ""theme"": ""clarity"", ""sentiment"": ""pos""}, {""text"": ""Good balance between depth and speed."", ""theme"": ""pace"", ""sentiment"": ""pos""}]",
R000788,ECE330,F05,2025-Autumn,"[{""text"": ""Workload was balanced across the semester."", ""theme"": ""workload"", ""sentiment"": ""pos""}]",
R000789,ECE330,F05,2025-Autumn,"[{""text"": ""Very supportive and encouraging towards students."", ""theme"": ""support"", ""sentiment"": ""pos""}]",
R000790,ECE330,F05,2025-Autumn,"[{""text"": ""The assignment load was manageable."", ""theme"": ""workload"", ""sentiment"": ""pos""}]",
R000791,ECE330,F05,2025-Autumn,"[{""text"": ""Many concepts were not explained properly."", ""theme"": ""clarity"", ""sentiment"": ""neg""}, {""text"": ""There was no discussion or activity in class."", ""theme"": ""engagement"", ""sentiment"": ""neg""}]",
R000792,ECE330,F05,2025-Autumn,"[{""text"": ""Lectures moved at a comfortable speed and we never felt rushed."", ""theme"": ""pace"", ""sentiment"": ""pos""}]",Diya
R000793,ECE330,F05,2025-Autumn,"[{""text"": ""Concepts were explained very clearly."", ""theme"": ""clarity"", ""sentiment"": ""pos""}, {""text"": ""Classes were interactive and interesting."", ""theme"": ""engagement"", ""sentiment"": ""pos""}, {""text"": ""Evaluation criteria were never clear."", ""theme"": ""assessment"", ""sentiment"": ""neg""}]",
R000794,ECE330,F05,2025-Autumn,"[{""text"": ""Topics were covered in a well paced manner."", ""theme"": ""pace"", ""sentiment"": ""pos""}, {""text"": ""The teaching lacked clarity and examples."", ""theme"": ""clarity"", ""sentiment"": ""neg""}]",Tanvi Chopra|K22AB
R000795,ECE330,F05,2025-Autumn,"[{""text"": ""Evaluation criteria were never clear."", ""theme"": ""assessment"", ""sentiment"": ""neg""}, {""text"": ""Office hours existed but were rarely used."", ""theme"": ""support"", ""sentiment"": ""neu""}]",
R000796,ECE330,F05,2025-Autumn,"[{""text"": ""A reasonable number of assignments and projects."", ""theme"": ""workload"", ""sentiment"": ""pos""}, {""text"": ""Engagement was average."", ""theme"": ""engagement"", ""sentiment"": ""neu""}, {""text"": ""Overall it was an average course."", ""theme"": ""overall"", ""sentiment"": ""neu""}]",Tanvi
R000797,ECE330,F05,2025-Autumn,"[{""text"": ""Every doubt got cleared through simple examples."", ""theme"": ""clarity"", ""sentiment"": ""pos""}, {""text"": ""Good balance between depth and speed."", ""theme"": ""pace"", ""sentiment"": ""pos""}]",Ishita Gill|K22AB
R000798,MTH202,F06,2025-Autumn,"[{""text"": ""Grading felt unfair and marks were not explained."", ""theme"": ""assessment"", ""sentiment"": ""neg""}, {""text"": ""Every doubt got cleared through simple examples."", ""theme"": ""clarity"", ""sentiment"": ""pos""}]",
R000799,MTH202,F06,2025-Autumn,"[{""text"": ""Concepts were explained very clearly."", ""theme"": ""clarity"", ""sentiment"": ""pos""}, {""text"": ""Notes and slides shared were very useful."", ""theme"": ""resources"", ""sentiment"": ""pos""}]",
R000800,MTH202,F06,2025-Autumn,"[{""text"": ""The evaluation pattern was standard."", ""theme"": ""assessment"", ""sentiment"": ""neu""}, {""text"": ""Lab systems were poor and resources insufficient."", ""theme"": ""resources"", ""sentiment"": ""neg""}, {""text"": ""It was hard to stay interested during sessions."", ""theme"": ""engagement"", ""sentiment"": ""neg""}]",
R000801,MTH202,F06,2025-Autumn,"[{""text"": ""Quick replies to our queries and helpful guidance."", ""theme"": ""support"", ""sentiment"": ""pos""}, {""text"": ""The explanations were clear and well structured."", ""theme"": ""clarity"", ""sentiment"": ""pos""}, {""text"": ""Lab systems were poor and resources insufficient."", ""theme"": ""resources"", ""sentiment"": ""neg""}, {""text"": ""Overall a great course."", ""theme"": ""overall"", ""sentiment"": ""pos""}]",
R000802,MTH202,F06,2025-Autumn,"[{""text"": ""Every doubt got cleared through simple examples."", ""theme"": ""clarity"", ""sentiment"": ""pos""}, {""text"": ""The pace was okay, neither fast nor slow."", ""theme"": ""pace"", ""sentiment"": ""neu""}]",
R000803,MTH202,F06,2025-Autumn,"[{""text"": ""Good balance between depth and speed."", ""theme"": ""pace"", ""sentiment"": ""pos""}, {""text"": ""Every doubt got cleared through simple examples."", ""theme"": ""clarity"", ""sentiment"": ""pos""}, {""text"": ""Classes were interactive and interesting."", ""theme"": ""engagement"", ""sentiment"": ""pos""}]",
R000804,MTH202,F06,2025-Autumn,"[{""text"": ""Support was available sometimes."", ""theme"": ""support"", ""sentiment"": ""neu""}, {""text"": ""Thanks to Prof. Bedi."", ""theme"": ""none"", ""sentiment"": ""neu""}]",
R000805,MTH202,F06,2025-Autumn,"[{""text"": ""Grading was transparent and feedback was timely."", ""theme"": ""assessment"", ""sentiment"": ""pos""}, {""text"": ""The pace of the course was just right."", ""theme"": ""pace"", ""sentiment"": ""pos""}, {""text"": ""Thanks to Prof. Bedi."", ""theme"": ""none"", ""sentiment"": ""neu""}]",
R000806,MTH202,F06,2025-Autumn,"[{""text"": ""Explanations were confusing and hard to follow."", ""theme"": ""clarity"", ""sentiment"": ""neg""}]",
R000807,MTH202,F06,2025-Autumn,"[{""text"": ""Too many assignments with very tight deadlines."", ""theme"": ""workload"", ""sentiment"": ""neg""}]",
R000808,MTH202,F06,2025-Autumn,"[{""text"": ""Concepts were explained very clearly."", ""theme"": ""clarity"", ""sentiment"": ""pos""}, {""text"": ""Good reference material and lab resources were provided."", ""theme"": ""resources"", ""sentiment"": ""pos""}, {""text"": ""The pace of the course was just right."", ""theme"": ""pace"", ""sentiment"": ""pos""}]",
R000809,MTH202,F06,2025-Autumn,"[{""text"": ""The assignment load was manageable."", ""theme"": ""workload"", ""sentiment"": ""pos""}, {""text"": ""No proper reference books were suggested."", ""theme"": ""resources"", ""sentiment"": ""neg""}, {""text"": ""Concepts were explained very clearly."", ""theme"": ""clarity"", ""sentiment"": ""pos""}, {""text"": ""Would not recommend it."", ""theme"": ""overall"", ""sentiment"": ""neg""}]",
R000810,MTH202,F06,2025-Autumn,"[{""text"": ""Slides were not shared on time."", ""theme"": ""resources"", ""sentiment"": ""neg""}, {""text"": ""Classes were interactive and interesting."", ""theme"": ""engagement"", ""sentiment"": ""pos""}]",
R000811,MTH202,F06,2025-Autumn,"[{""text"": ""Lab systems were poor and resources insufficient."", ""theme"": ""resources"", ""sentiment"": ""neg""}, {""text"": ""Results were delayed and there was no feedback on answers."", ""theme"": ""assessment"", ""sentiment"": ""neg""}, {""text"": ""The faculty was very approachable and answered all our doubts."", ""theme"": ""support"", ""sentiment"": ""pos""}]",
R000812,MTH202,F06,2025-Autumn,"[{""text"": ""Workload was average."", ""theme"": ""workload"", ""sentiment"": ""neu""}, {""text"": ""Very supportive and encouraging towards students."", ""theme"": ""support"", ""sentiment"": ""pos""}]",
R000813,MTH202,F06,2025-Autumn,"[{""text"": ""Support was available sometimes."", ""theme"": ""support"", ""sentiment"": ""neu""}, {""text"": ""The sessions were engaging with lots of discussion."", ""theme"": ""engagement"", ""sentiment"": ""pos""}, {""text"": ""Workload was average."", ""theme"": ""workload"", ""sentiment"": ""neu""}]",
R000814,MTH202,F06,2025-Autumn,"[{""text"": ""We skipped through important topics in a hurry."", ""theme"": ""pace"", ""sentiment"": ""neg""}, {""text"": ""This course needs a lot of improvement."", ""theme"": ""overall"", ""sentiment"": ""neg""}]",Naman
R000815,MTH202,F06,2025-Autumn,"[{""text"": ""Clarity of explanation was average."", ""theme"": ""clarity"", ""sentiment"": ""neu""}]",
R000816,MTH202,F06,2025-Autumn,"[{""text"": ""Evaluation criteria were never clear."", ""theme"": ""assessment"", ""sentiment"": ""neg""}]",
R000817,MTH202,F06,2025-Autumn,"[{""text"": ""The syllabus was covered way too fast."", ""theme"": ""pace"", ""sentiment"": ""neg""}, {""text"": ""Materials were okay."", ""theme"": ""resources"", ""sentiment"": ""neu""}]",
R000818,MTH202,F06,2025-Autumn,"[{""text"": ""Projects took up far too much time."", ""theme"": ""workload"", ""sentiment"": ""neg""}, {""text"": ""Results were delayed and there was no feedback on answers."", ""theme"": ""assessment"", ""sentiment"": ""neg""}]",
R000819,MTH202,F06,2025-Autumn,"[{""text"": ""The workload was overwhelming alongside other courses."", ""theme"": ""workload"", ""sentiment"": ""neg""}]",
R000820,MTH202,F06,2025-Autumn,"[{""text"": ""Quizzes helped us track our progress."", ""theme"": ""assessment"", ""sentiment"": ""pos""}, {""text"": ""Thanks to Prof. Bedi."", ""theme"": ""none"", ""sentiment"": ""neu""}]",
R000821,MTH202,F06,2025-Autumn,"[{""text"": ""The faculty was very approachable and answered all our doubts."", ""theme"": ""support"", ""sentiment"": ""pos""}, {""text"": ""Exams were fair and matched what was taught."", ""theme"": ""assessment"", ""sentiment"": ""pos""}, {""text"": ""Really enjoyed this subject."", ""theme"": ""overall"", ""sentiment"": ""pos""}]",
R000822,MTH202,F06,2025-Autumn,"[{""text"": ""Real world examples kept the class lively."", ""theme"": ""engagement"", ""sentiment"": ""pos""}, {""text"": ""A normal amount of assignments."", ""theme"": ""workload"", ""sentiment"": ""neu""}, {""text"": ""This course needs a lot of improvement."", ""theme"": ""overall"", ""sentiment"": ""neg""}]",
R000823,MTH202,F06,2025-Autumn,"[{""text"": ""Slides were not shared on time."", ""theme"": ""resources"", ""sentiment"": ""neg""}, {""text"": ""Grading was transparent and feedback was timely."", ""theme"": ""assessment"", ""sentiment"": ""pos""}]",rohan.khanna18@gmail.com
R000824,MTH202,F06,2025-Autumn,"[{""text"": ""Lab systems were poor and resources insufficient."", ""theme"": ""resources"", ""sentiment"": ""neg""}]",
R000825,MTH202,F06,2025-Autumn,"[{""text"": ""Real world examples kept the class lively."", ""theme"": ""engagement"", ""sentiment"": ""pos""}, {""text"": ""A reasonable number of assignments and projects."", ""theme"": ""workload"", ""sentiment"": ""pos""}]",
R000826,MTH202,F06,2025-Autumn,"[{""text"": ""The pace was okay, neither fast nor slow."", ""theme"": ""pace"", ""sentiment"": ""neu""}, {""text"": ""Would recommend this course to others."", ""theme"": ""overall"", ""sentiment"": ""pos""}]",
R000827,MTH202,F06,2025-Autumn,"[{""text"": ""Some topics were clear and some were not."", ""theme"": ""clarity"", ""sentiment"": ""neu""}, {""text"": ""Thanks to Prof. Bedi."", ""theme"": ""none"", ""sentiment"": ""neu""}]",
R000828,MTH202,F06,2025-Autumn,"[{""text"": ""Lectures were just slide reading with no interaction."", ""theme"": ""engagement"", ""sentiment"": ""neg""}, {""text"": ""The assignment load was manageable."", ""theme"": ""workload"", ""sentiment"": ""pos""}, {""text"": ""Really enjoyed this subject."", ""theme"": ""overall"", ""sentiment"": ""pos""}]",
R000829,MTH202,F06,2025-Autumn,"[{""text"": ""The evaluation pattern was standard."", ""theme"": ""assessment"", ""sentiment"": ""neu""}]",
R000830,MTH202,F06,2025-Autumn,"[{""text"": ""Exams were fair and matched what was taught."", ""theme"": ""assessment"", ""sentiment"": ""pos""}]",
R000831,MTH202,F06,2025-Autumn,"[{""text"": ""Exams were fair and matched what was taught."", ""theme"": ""assessment"", ""sentiment"": ""pos""}, {""text"": ""The sessions were engaging with lots of discussion."", ""theme"": ""engagement"", ""sentiment"": ""pos""}, {""text"": ""Overall I am not satisfied with this course."", ""theme"": ""overall"", ""sentiment"": ""neg""}]",
R000832,MTH202,F06,2025-Autumn,"[{""text"": ""The sessions were engaging with lots of discussion."", ""theme"": ""engagement"", ""sentiment"": ""pos""}, {""text"": ""Grading was transparent and feedback was timely."", ""theme"": ""assessment"", ""sentiment"": ""pos""}, {""text"": ""Overall a great course."", ""theme"": ""overall"", ""sentiment"": ""pos""}]",
R000833,MTH301,F06,2025-Autumn,"[{""text"": ""The sessions were engaging with lots of discussion."", ""theme"": ""engagement"", ""sentiment"": ""pos""}, {""text"": ""Thanks to Prof. Bedi."", ""theme"": ""none"", ""sentiment"": ""neu""}]",
R000834,MTH301,F06,2025-Autumn,"[{""text"": ""Workload was average."", ""theme"": ""workload"", ""sentiment"": ""neu""}, {""text"": ""Notes and slides shared were very useful."", ""theme"": ""resources"", ""sentiment"": ""pos""}, {""text"": ""Quizzes helped us track our progress."", ""theme"": ""assessment"", ""sentiment"": ""pos""}]",
R000835,MTH301,F06,2025-Autumn,"[{""text"": ""Grading was transparent and feedback was timely."", ""theme"": ""assessment"", ""sentiment"": ""pos""}, {""text"": ""The teaching lacked clarity and examples."", ""theme"": ""clarity"", ""sentiment"": ""neg""}, {""text"": ""Overall a great course."", ""theme"": ""overall"", ""sentiment"": ""pos""}]",
R000836,MTH301,F06,2025-Autumn,"[{""text"": ""The pace of the course was just right."", ""theme"": ""pace"", ""sentiment"": ""pos""}, {""text"": ""Good reference material and lab resources were provided."", ""theme"": ""resources"", ""sentiment"": ""pos""}]",
R000837,MTH301,F06,2025-Autumn,"[{""text"": ""The faculty was very approachable and answered all our doubts."", ""theme"": ""support"", ""sentiment"": ""pos""}]",
R000838,MTH301,F06,2025-Autumn,"[{""text"": ""Examples made difficult topics easy to understand."", ""theme"": ""clarity"", ""sentiment"": ""pos""}, {""text"": ""This course needs a lot of improvement."", ""theme"": ""overall"", ""sentiment"": ""neg""}]",
R000839,MTH301,F06,2025-Autumn,"[{""text"": ""A reasonable number of assignments and projects."", ""theme"": ""workload"", ""sentiment"": ""pos""}]",
R000840,MTH301,F06,2025-Autumn,"[{""text"": ""Examples made difficult topics easy to understand."", ""theme"": ""clarity"", ""sentiment"": ""pos""}, {""text"": ""Thanks to Prof. Bedi."", ""theme"": ""none"", ""sentiment"": ""neu""}]",
R000841,MTH301,F06,2025-Autumn,"[{""text"": ""Grading felt unfair and marks were not explained."", ""theme"": ""assessment"", ""sentiment"": ""neg""}, {""text"": ""Topics were covered in a well paced manner."", ""theme"": ""pace"", ""sentiment"": ""pos""}]",
R000842,MTH301,F06,2025-Autumn,"[{""text"": ""Every doubt got cleared through simple examples."", ""theme"": ""clarity"", ""sentiment"": ""pos""}, {""text"": ""Overall a great course."", ""theme"": ""overall"", ""sentiment"": ""pos""}]",
R000843,MTH301,F06,2025-Autumn,"[{""text"": ""Real world examples kept the class lively."", ""theme"": ""engagement"", ""sentiment"": ""pos""}, {""text"": ""Every doubt got cleared through simple examples."", ""theme"": ""clarity"", ""sentiment"": ""pos""}, {""text"": ""No proper reference books were suggested."", ""theme"": ""resources"", ""sentiment"": ""neg""}]",
R000844,MTH301,F06,2025-Autumn,"[{""text"": ""Explanations were confusing and hard to follow."", ""theme"": ""clarity"", ""sentiment"": ""neg""}, {""text"": ""We skipped through important topics in a hurry."", ""theme"": ""pace"", ""sentiment"": ""neg""}]",
R000845,MTH301,F06,2025-Autumn,"[{""text"": ""Study material was outdated."", ""theme"": ""resources"", ""sentiment"": ""neg""}]",
R000846,MTH301,F06,2025-Autumn,"[{""text"": ""Every doubt got cleared through simple examples."", ""theme"": ""clarity"", ""sentiment"": ""pos""}, {""text"": ""Real world examples kept the class lively."", ""theme"": ""engagement"", ""sentiment"": ""pos""}, {""text"": ""Exam questions were out of syllabus."", ""theme"": ""assessment"", ""sentiment"": ""neg""}]",
R000847,MTH301,F06,2025-Autumn,"[{""text"": ""Exam questions were out of syllabus."", ""theme"": ""assessment"", ""sentiment"": ""neg""}, {""text"": ""Lectures moved at a comfortable speed and we never felt rushed."", ""theme"": ""pace"", ""sentiment"": ""pos""}, {""text"": ""Concepts were explained very clearly."", ""theme"": ""clarity"", ""sentiment"": ""pos""}]",Ishita Khanna|12441005
R000848,MTH301,F06,2025-Autumn,"[{""text"": ""Examples made difficult topics easy to understand."", ""theme"": ""clarity"", ""sentiment"": ""pos""}]",
R000849,MTH301,F06,2025-Autumn,"[{""text"": ""Workload was balanced across the semester."", ""theme"": ""workload"", ""sentiment"": ""pos""}, {""text"": ""The sessions were engaging with lots of discussion."", ""theme"": ""engagement"", ""sentiment"": ""pos""}, {""text"": ""Thanks to Prof. Bedi."", ""theme"": ""none"", ""sentiment"": ""neu""}]",
R000850,MTH301,F06,2025-Autumn,"[{""text"": ""Concepts were explained very clearly."", ""theme"": ""clarity"", ""sentiment"": ""pos""}]",
R000851,MTH301,F06,2025-Autumn,"[{""text"": ""There was no discussion or activity in class."", ""theme"": ""engagement"", ""sentiment"": ""neg""}, {""text"": ""Always available for doubt clearing after class."", ""theme"": ""support"", ""sentiment"": ""pos""}, {""text"": ""Good balance between depth and speed."", ""theme"": ""pace"", ""sentiment"": ""pos""}]",
R000852,MTH301,F06,2025-Autumn,"[{""text"": ""Concepts were explained very clearly."", ""theme"": ""clarity"", ""sentiment"": ""pos""}]",
R000853,MTH301,F06,2025-Autumn,"[{""text"": ""The assignment load was manageable."", ""theme"": ""workload"", ""sentiment"": ""pos""}, {""text"": ""Classes were interactive and interesting."", ""theme"": ""engagement"", ""sentiment"": ""pos""}, {""text"": ""Thanks to Prof. Bedi."", ""theme"": ""none"", ""sentiment"": ""neu""}]",
R000854,MTH301,F06,2025-Autumn,"[{""text"": ""Exams were fair and matched what was taught."", ""theme"": ""assessment"", ""sentiment"": ""pos""}, {""text"": ""Doubts were often ignored or brushed aside."", ""theme"": ""support"", ""sentiment"": ""neg""}]",
R000855,MTH301,F06,2025-Autumn,"[{""text"": ""Good reference material and lab resources were provided."", ""theme"": ""resources"", ""sentiment"": ""pos""}, {""text"": ""Exam questions were out of syllabus."", ""theme"": ""assessment"", ""sentiment"": ""neg""}]",
R000856,MTH301,F06,2025-Autumn,"[{""text"": ""Explanations were confusing and hard to follow."", ""theme"": ""clarity"", ""sentiment"": ""neg""}, {""text"": ""Classes were boring and monotonous."", ""theme"": ""engagement"", ""sentiment"": ""neg""}]",
R000857,MTH301,F06,2025-Autumn,"[{""text"": ""Quizzes helped us track our progress."", ""theme"": ""assessment"", ""sentiment"": ""pos""}, {""text"": ""The explanations were clear and well structured."", ""theme"": ""clarity"", ""sentiment"": ""pos""}]",
R000858,MTH301,F06,2025-Autumn,"[{""text"": ""Every doubt got cleared through simple examples."", ""theme"": ""clarity"", ""sentiment"": ""pos""}, {""text"": ""The syllabus was covered way too fast."", ""theme"": ""pace"", ""sentiment"": ""neg""}]",
R000859,MTH301,F06,2025-Autumn,"[{""text"": ""Some topics were clear and some were not."", ""theme"": ""clarity"", ""sentiment"": ""neu""}]",
R000860,CSE201,F01,2026-Spring,"[{""text"": ""There was no discussion or activity in class."", ""theme"": ""engagement"", ""sentiment"": ""neg""}, {""text"": ""A reasonable number of assignments and projects."", ""theme"": ""workload"", ""sentiment"": ""pos""}]",
R000861,CSE201,F01,2026-Spring,"[{""text"": ""The pace was too slow and classes dragged on."", ""theme"": ""pace"", ""sentiment"": ""neg""}, {""text"": ""Really enjoyed this subject."", ""theme"": ""overall"", ""sentiment"": ""pos""}, {""text"": ""Thanks to Dr. Sharma."", ""theme"": ""none"", ""sentiment"": ""neu""}]",
R000862,CSE201,F01,2026-Spring,"[{""text"": ""The pace of the course was just right."", ""theme"": ""pace"", ""sentiment"": ""pos""}, {""text"": ""Some sessions were interesting."", ""theme"": ""engagement"", ""sentiment"": ""neu""}, {""text"": ""Thanks to Dr. Sharma."", ""theme"": ""none"", ""sentiment"": ""neu""}]",
R000863,CSE201,F01,2026-Spring,"[{""text"": ""Always available for doubt clearing after class."", ""theme"": ""support"", ""sentiment"": ""pos""}, {""text"": ""Overall a great course."", ""theme"": ""overall"", ""sentiment"": ""pos""}]",
R000864,CSE201,F01,2026-Spring,"[{""text"": ""Classes were interactive and interesting."", ""theme"": ""engagement"", ""sentiment"": ""pos""}, {""text"": ""The evaluation pattern was standard."", ""theme"": ""assessment"", ""sentiment"": ""neu""}]",
R000865,CSE201,F01,2026-Spring,"[{""text"": ""Many concepts were not explained properly."", ""theme"": ""clarity"", ""sentiment"": ""neg""}]",
R000866,CSE201,F01,2026-Spring,"[{""text"": ""A reasonable number of assignments and projects."", ""theme"": ""workload"", ""sentiment"": ""pos""}, {""text"": ""Notes and slides shared were very useful."", ""theme"": ""resources"", ""sentiment"": ""pos""}, {""text"": ""We skipped through important topics in a hurry."", ""theme"": ""pace"", ""sentiment"": ""neg""}]",
R000867,CSE201,F01,2026-Spring,"[{""text"": ""Classes were interactive and interesting."", ""theme"": ""engagement"", ""sentiment"": ""pos""}, {""text"": ""Grading was transparent and feedback was timely."", ""theme"": ""assessment"", ""sentiment"": ""pos""}, {""text"": ""Lectures felt rushed and it was hard to keep up."", ""theme"": ""pace"", ""sentiment"": ""neg""}, {""text"": ""Would recommend this course to others."", ""theme"": ""overall"", ""sentiment"": ""pos""}, {""text"": ""Thanks to Dr. Sharma."", ""theme"": ""none"", ""sentiment"": ""neu""}]",
R000868,CSE201,F01,2026-Spring,"[{""text"": ""Classes were interactive and interesting."", ""theme"": ""engagement"", ""sentiment"": ""pos""}, {""text"": ""The faculty was very approachable and answered all our doubts."", ""theme"": ""support"", ""sentiment"": ""pos""}]",
R000869,CSE201,F01,2026-Spring,"[{""text"": ""Some sessions were interesting."", ""theme"": ""engagement"", ""sentiment"": ""neu""}, {""text"": ""Many concepts were not explained properly."", ""theme"": ""clarity"", ""sentiment"": ""neg""}]",
R000870,CSE201,F01,2026-Spring,"[{""text"": ""Explanations were confusing and hard to follow."", ""theme"": ""clarity"", ""sentiment"": ""neg""}, {""text"": ""Speed of teaching was average."", ""theme"": ""pace"", ""sentiment"": ""neu""}, {""text"": ""Always available for doubt clearing after class."", ""theme"": ""support"", ""sentiment"": ""pos""}]",
R000871,CSE201,F01,2026-Spring,"[{""text"": ""Support was available sometimes."", ""theme"": ""support"", ""sentiment"": ""neu""}, {""text"": ""Grading was transparent and feedback was timely."", ""theme"": ""assessment"", ""sentiment"": ""pos""}, {""text"": ""Thanks to Dr. Sharma."", ""theme"": ""none"", ""sentiment"": ""neu""}]",
R000872,CSE201,F01,2026-Spring,"[{""text"": ""It was hard to stay interested during sessions."", ""theme"": ""engagement"", ""sentiment"": ""neg""}, {""text"": ""There was no support for students who were struggling."", ""theme"": ""support"", ""sentiment"": ""neg""}, {""text"": ""Explanations were confusing and hard to follow."", ""theme"": ""clarity"", ""sentiment"": ""neg""}]",
R000873,CSE201,F01,2026-Spring,"[{""text"": ""The pace of the course was just right."", ""theme"": ""pace"", ""sentiment"": ""pos""}, {""text"": ""Recorded lectures and study material helped a lot."", ""theme"": ""resources"", ""sentiment"": ""pos""}, {""text"": ""The faculty was very approachable and answered all our doubts."", ""theme"": ""support"", ""sentiment"": ""pos""}, {""text"": ""Really enjoyed this subject."", ""theme"": ""overall"", ""sentiment"": ""pos""}, {""text"": ""Thanks to Dr. Sharma."", ""theme"": ""none"", ""sentiment"": ""neu""}]",
R000874,CSE201,F01,2026-Spring,"[{""text"": ""Quizzes helped us track our progress."", ""theme"": ""assessment"", ""sentiment"": ""pos""}]",
R000875,CSE201,F01,2026-Spring,"[{""text"": ""Support was available sometimes."", ""theme"": ""support"", ""sentiment"": ""neu""}, {""text"": ""Deadlines were piled up one after another."", ""theme"": ""workload"", ""sentiment"": ""neg""}, {""text"": ""Lectures felt rushed and it was hard to keep up."", ""theme"": ""pace"", ""sentiment"": ""neg""}]",
R000876,CSE201,F01,2026-Spring,"[{""text"": ""Workload was balanced across the semester."", ""theme"": ""workload"", ""sentiment"": ""pos""}, {""text"": ""Engagement was average."", ""theme"": ""engagement"", ""sentiment"": ""neu""}, {""text"": ""Overall a great course."", ""theme"": ""overall"", ""sentiment"": ""pos""}]",
R000877,CSE201,F01,2026-Spring,"[{""text"": ""Recorded lectures and study material helped a lot."", ""theme"": ""resources"", ""sentiment"": ""pos""}]",
R000878,CSE201,F01,2026-Spring,"[{""text"": ""There was no support for students who were struggling."", ""theme"": ""support"", ""sentiment"": ""neg""}, {""text"": ""Really enjoyed this subject."", ""theme"": ""overall"", ""sentiment"": ""pos""}]",
R000879,CSE201,F01,2026-Spring,"[{""text"": ""Exams were fair and matched what was taught."", ""theme"": ""assessment"", ""sentiment"": ""pos""}, {""text"": ""Every doubt got cleared through simple examples."", ""theme"": ""clarity"", ""sentiment"": ""pos""}, {""text"": ""Thanks to Dr. Sharma."", ""theme"": ""none"", ""sentiment"": ""neu""}]",Harsh Bansal|K22AB
R000880,CSE201,F01,2026-Spring,"[{""text"": ""Notes and slides shared were very useful."", ""theme"": ""resources"", ""sentiment"": ""pos""}, {""text"": ""Exams were fair and matched what was taught."", ""theme"": ""assessment"", ""sentiment"": ""pos""}, {""text"": ""Quick replies to our queries and helpful guidance."", ""theme"": ""support"", ""sentiment"": ""pos""}]",
R000881,CSE201,F01,2026-Spring,"[{""text"": ""Quick replies to our queries and helpful guidance."", ""theme"": ""support"", ""sentiment"": ""pos""}, {""text"": ""The sessions were engaging with lots of discussion."", ""theme"": ""engagement"", ""sentiment"": ""pos""}]",
R000882,CSE201,F01,2026-Spring,"[{""text"": ""Too many assignments with very tight deadlines."", ""theme"": ""workload"", ""sentiment"": ""neg""}]",
R000883,CSE201,F01,2026-Spring,"[{""text"": ""Good balance between depth and speed."", ""theme"": ""pace"", ""sentiment"": ""pos""}, {""text"": ""Classes were interactive and interesting."", ""theme"": ""engagement"", ""sentiment"": ""pos""}, {""text"": ""Thanks to Dr. Sharma."", ""theme"": ""none"", ""sentiment"": ""neu""}]",
R000884,CSE201,F01,2026-Spring,"[{""text"": ""The pace was too slow and classes dragged on."", ""theme"": ""pace"", ""sentiment"": ""neg""}, {""text"": ""Very supportive and encouraging towards students."", ""theme"": ""support"", ""sentiment"": ""pos""}]",
R000885,CSE201,F01,2026-Spring,"[{""text"": ""Explanations were confusing and hard to follow."", ""theme"": ""clarity"", ""sentiment"": ""neg""}, {""text"": ""Projects took up far too much time."", ""theme"": ""workload"", ""sentiment"": ""neg""}, {""text"": ""Recorded lectures and study material helped a lot."", ""theme"": ""resources"", ""sentiment"": ""pos""}]",9888456773|98884 56773
R000886,CSE201,F01,2026-Spring,"[{""text"": ""Explanations were confusing and hard to follow."", ""theme"": ""clarity"", ""sentiment"": ""neg""}, {""text"": ""It was hard to stay interested during sessions."", ""theme"": ""engagement"", ""sentiment"": ""neg""}]",Diya Mehra|K22AB
R000887,CSE201,F01,2026-Spring,"[{""text"": ""The faculty was very approachable and answered all our doubts."", ""theme"": ""support"", ""sentiment"": ""pos""}, {""text"": ""Clarity of explanation was average."", ""theme"": ""clarity"", ""sentiment"": ""neu""}, {""text"": ""Classes were interactive and interesting."", ""theme"": ""engagement"", ""sentiment"": ""pos""}, {""text"": ""Thanks to Dr. Sharma."", ""theme"": ""none"", ""sentiment"": ""neu""}]",
R000888,CSE201,F01,2026-Spring,"[{""text"": ""Projects took up far too much time."", ""theme"": ""workload"", ""sentiment"": ""neg""}, {""text"": ""Exams were fair and matched what was taught."", ""theme"": ""assessment"", ""sentiment"": ""pos""}, {""text"": ""Explanations were confusing and hard to follow."", ""theme"": ""clarity"", ""sentiment"": ""neg""}]",
R000889,CSE201,F01,2026-Spring,"[{""text"": ""Results were delayed and there was no feedback on answers."", ""theme"": ""assessment"", ""sentiment"": ""neg""}, {""text"": ""Classes were boring and monotonous."", ""theme"": ""engagement"", ""sentiment"": ""neg""}, {""text"": ""The faculty was very approachable and answered all our doubts."", ""theme"": ""support"", ""sentiment"": ""pos""}]",
R000890,CSE201,F01,2026-Spring,"[{""text"": ""Lectures were just slide reading with no interaction."", ""theme"": ""engagement"", ""sentiment"": ""neg""}]",
R000891,CSE201,F01,2026-Spring,"[{""text"": ""Some sessions were interesting."", ""theme"": ""engagement"", ""sentiment"": ""neu""}, {""text"": ""Many concepts were not explained properly."", ""theme"": ""clarity"", ""sentiment"": ""neg""}, {""text"": ""Recorded lectures and study material helped a lot."", ""theme"": ""resources"", ""sentiment"": ""pos""}]",
R000892,CSE201,F01,2026-Spring,"[{""text"": ""A reasonable number of assignments and projects."", ""theme"": ""workload"", ""sentiment"": ""pos""}, {""text"": ""It was hard to stay interested during sessions."", ""theme"": ""engagement"", ""sentiment"": ""neg""}, {""text"": ""This course needs a lot of improvement."", ""theme"": ""overall"", ""sentiment"": ""neg""}]",
R000893,CSE201,F01,2026-Spring,"[{""text"": ""Topics were covered in a well paced manner."", ""theme"": ""pace"", ""sentiment"": ""pos""}, {""text"": ""Many concepts were not explained properly."", ""theme"": ""clarity"", ""sentiment"": ""neg""}, {""text"": ""Really enjoyed this subject."", ""theme"": ""overall"", ""sentiment"": ""pos""}]",
R000894,CSE201,F01,2026-Spring,"[{""text"": ""Workload was balanced across the semester."", ""theme"": ""workload"", ""sentiment"": ""pos""}, {""text"": ""The explanations were clear and well structured."", ""theme"": ""clarity"", ""sentiment"": ""pos""}, {""text"": ""Overall a great course."", ""theme"": ""overall"", ""sentiment"": ""pos""}]",
R000895,CSE201,F01,2026-Spring,"[{""text"": ""Grading was transparent and feedback was timely."", ""theme"": ""assessment"", ""sentiment"": ""pos""}, {""text"": ""Good reference material and lab resources were provided."", ""theme"": ""resources"", ""sentiment"": ""pos""}, {""text"": ""Overall it was an average course."", ""theme"": ""overall"", ""sentiment"": ""neu""}]",
R000896,CSE201,F01,2026-Spring,"[{""text"": ""Quizzes helped us track our progress."", ""theme"": ""assessment"", ""sentiment"": ""pos""}, {""text"": ""Recorded lectures and study material helped a lot."", ""theme"": ""resources"", ""sentiment"": ""pos""}, {""text"": ""Overall I am not satisfied with this course."", ""theme"": ""overall"", ""sentiment"": ""neg""}]",
R000897,CSE201,F01,2026-Spring,"[{""text"": ""I could not understand most of the derivations."", ""theme"": ""clarity"", ""sentiment"": ""neg""}]",
R000898,CSE201,F01,2026-Spring,"[{""text"": ""Very supportive and encouraging towards students."", ""theme"": ""support"", ""sentiment"": ""pos""}, {""text"": ""Evaluation criteria were never clear."", ""theme"": ""assessment"", ""sentiment"": ""neg""}]",
R000899,CSE201,F01,2026-Spring,"[{""text"": ""Classes were boring and monotonous."", ""theme"": ""engagement"", ""sentiment"": ""neg""}, {""text"": ""Very supportive and encouraging towards students."", ""theme"": ""support"", ""sentiment"": ""pos""}, {""text"": ""Many concepts were not explained properly."", ""theme"": ""clarity"", ""sentiment"": ""neg""}]",
R000900,CSE201,F01,2026-Spring,"[{""text"": ""Many concepts were not explained properly."", ""theme"": ""clarity"", ""sentiment"": ""neg""}]",
R000901,CSE201,F01,2026-Spring,"[{""text"": ""Always available for doubt clearing after class."", ""theme"": ""support"", ""sentiment"": ""pos""}, {""text"": ""Quizzes helped us track our progress."", ""theme"": ""assessment"", ""sentiment"": ""pos""}]",
R000902,CSE201,F01,2026-Spring,"[{""text"": ""Workload was balanced across the semester."", ""theme"": ""workload"", ""sentiment"": ""pos""}, {""text"": ""Exams were fair and matched what was taught."", ""theme"": ""assessment"", ""sentiment"": ""pos""}]",
R000903,CSE201,F01,2026-Spring,"[{""text"": ""Concepts were explained very clearly."", ""theme"": ""clarity"", ""sentiment"": ""pos""}]",
R000904,CSE201,F01,2026-Spring,"[{""text"": ""Quick replies to our queries and helpful guidance."", ""theme"": ""support"", ""sentiment"": ""pos""}, {""text"": ""Too many assignments with very tight deadlines."", ""theme"": ""workload"", ""sentiment"": ""neg""}]",
R000905,CSE201,F01,2026-Spring,"[{""text"": ""Concepts were explained very clearly."", ""theme"": ""clarity"", ""sentiment"": ""pos""}]",
R000906,CSE201,F01,2026-Spring,"[{""text"": ""Too many assignments with very tight deadlines."", ""theme"": ""workload"", ""sentiment"": ""neg""}, {""text"": ""Many concepts were not explained properly."", ""theme"": ""clarity"", ""sentiment"": ""neg""}, {""text"": ""Overall I am not satisfied with this course."", ""theme"": ""overall"", ""sentiment"": ""neg""}]",
R000907,CSE305,F02,2026-Spring,"[{""text"": ""We skipped through important topics in a hurry."", ""theme"": ""pace"", ""sentiment"": ""neg""}]",
R000908,CSE305,F02,2026-Spring,"[{""text"": ""There was no discussion or activity in class."", ""theme"": ""engagement"", ""sentiment"": ""neg""}, {""text"": ""Quizzes helped us track our progress."", ""theme"": ""assessment"", ""sentiment"": ""pos""}, {""text"": ""Concepts were explained very clearly."", ""theme"": ""clarity"", ""sentiment"": ""pos""}]",
R000909,CSE305,F02,2026-Spring,"[{""text"": ""Some sessions were interesting."", ""theme"": ""engagement"", ""sentiment"": ""neu""}, {""text"": ""The pace of the course was just right."", ""theme"": ""pace"", ""sentiment"": ""pos""}]",
R000910,CSE305,F02,2026-Spring,"[{""text"": ""Clarity of explanation was average."", ""theme"": ""clarity"", ""sentiment"": ""neu""}, {""text"": ""Deadlines were piled up one after another."", ""theme"": ""workload"", ""sentiment"": ""neg""}, {""text"": ""Exams were fair and matched what was taught."", ""theme"": ""assessment"", ""sentiment"": ""pos""}]",
R000911,CSE305,F02,2026-Spring,"[{""text"": ""It was hard to stay interested during sessions."", ""theme"": ""engagement"", ""sentiment"": ""neg""}, {""text"": ""Good reference material and lab resources were provided."", ""theme"": ""resources"", ""sentiment"": ""pos""}, {""text"": ""The teaching lacked clarity and examples."", ""theme"": ""clarity"", ""sentiment"": ""neg""}, {""text"": ""Overall a great course."", ""theme"": ""overall"", ""sentiment"": ""pos""}]",
R000912,CSE305,F02,2026-Spring,"[{""text"": ""Lectures moved at a comfortable speed and we never felt rushed."", ""theme"": ""pace"", ""sentiment"": ""pos""}, {""text"": ""Examples made difficult topics easy to understand."", ""theme"": ""clarity"", ""sentiment"": ""pos""}]",
R000913,CSE305,F02,2026-Spring,"[{""text"": ""Lectures moved at a comfortable speed and we never felt rushed."", ""theme"": ""pace"", ""sentiment"": ""pos""}, {""text"": ""Really enjoyed this subject."", ""theme"": ""overall"", ""sentiment"": ""pos""}]",
R000914,CSE305,F02,2026-Spring,"[{""text"": ""Always available for doubt clearing after class."", ""theme"": ""support"", ""sentiment"": ""pos""}, {""text"": ""Overall I am not satisfied with this course."", ""theme"": ""overall"", ""sentiment"": ""neg""}]",
R000915,CSE305,F02,2026-Spring,"[{""text"": ""Concepts were explained very clearly."", ""theme"": ""clarity"", ""sentiment"": ""pos""}, {""text"": ""Emails were never answered."", ""theme"": ""support"", ""sentiment"": ""neg""}]",
R000916,CSE305,F02,2026-Spring,"[{""text"": ""Projects took up far too much time."", ""theme"": ""workload"", ""sentiment"": ""neg""}, {""text"": ""Materials were okay."", ""theme"": ""resources"", ""sentiment"": ""neu""}]",
R000917,CSE305,F02,2026-Spring,"[{""text"": ""Engagement was average."", ""theme"": ""engagement"", ""sentiment"": ""neu""}, {""text"": ""Good balance between depth and speed."", ""theme"": ""pace"", ""sentiment"": ""pos""}]",
R000918,CSE305,F02,2026-Spring,"[{""text"": ""It was hard to stay interested during sessions."", ""theme"": ""engagement"", ""sentiment"": ""neg""}, {""text"": ""The pace was okay, neither fast nor slow."", ""theme"": ""pace"", ""sentiment"": ""neu""}, {""text"": ""Overall it was an average course."", ""theme"": ""overall"", ""sentiment"": ""neu""}]",
R000919,CSE305,F02,2026-Spring,"[{""text"": ""Speed of teaching was average."", ""theme"": ""pace"", ""sentiment"": ""neu""}, {""text"": ""Quizzes helped us track our progress."", ""theme"": ""assessment"", ""sentiment"": ""pos""}, {""text"": ""Overall a great course."", ""theme"": ""overall"", ""sentiment"": ""pos""}]",
R000920,CSE305,F02,2026-Spring,"[{""text"": ""Examples made difficult topics easy to understand."", ""theme"": ""clarity"", ""sentiment"": ""pos""}, {""text"": ""Exams were fair and matched what was taught."", ""theme"": ""assessment"", ""sentiment"": ""pos""}]",
R000921,CSE305,F02,2026-Spring,"[{""text"": ""The teaching lacked clarity and examples."", ""theme"": ""clarity"", ""sentiment"": ""neg""}, {""text"": ""Good balance between depth and speed."", ""theme"": ""pace"", ""sentiment"": ""pos""}, {""text"": ""Doubts were often ignored or brushed aside."", ""theme"": ""support"", ""sentiment"": ""neg""}]",9043696558|90436 96558
R000922,CSE305,F02,2026-Spring,"[{""text"": ""Real world examples kept the class lively."", ""theme"": ""engagement"", ""sentiment"": ""pos""}, {""text"": ""The pace of the course was just right."", ""theme"": ""pace"", ""sentiment"": ""pos""}]",arjun.gill60@gmail.com
R000923,CSE305,F02,2026-Spring,"[{""text"": ""Always available for doubt clearing after class."", ""theme"": ""support"", ""sentiment"": ""pos""}, {""text"": ""The pace of the course was just right."", ""theme"": ""pace"", ""sentiment"": ""pos""}]",
R000924,CSE305,F02,2026-Spring,"[{""text"": ""There was no support for students who were struggling."", ""theme"": ""support"", ""sentiment"": ""neg""}]",
R000925,CSE305,F02,2026-Spring,"[{""text"": ""There was no discussion or activity in class."", ""theme"": ""engagement"", ""sentiment"": ""neg""}, {""text"": ""The evaluation pattern was standard."", ""theme"": ""assessment"", ""sentiment"": ""neu""}, {""text"": ""Clarity of explanation was average."", ""theme"": ""clarity"", ""sentiment"": ""neu""}, {""text"": ""Thanks to Prof. Kulkarni."", ""theme"": ""none"", ""sentiment"": ""neu""}]",
R000926,CSE305,F02,2026-Spring,"[{""text"": ""The syllabus was covered way too fast."", ""theme"": ""pace"", ""sentiment"": ""neg""}, {""text"": ""Study material was outdated."", ""theme"": ""resources"", ""sentiment"": ""neg""}, {""text"": ""This course needs a lot of improvement."", ""theme"": ""overall"", ""sentiment"": ""neg""}]",
R000927,CSE305,F02,2026-Spring,"[{""text"": ""Projects took up far too much time."", ""theme"": ""workload"", ""sentiment"": ""neg""}, {""text"": ""It was hard to stay interested during sessions."", ""theme"": ""engagement"", ""sentiment"": ""neg""}]",
R000928,CSE305,F02,2026-Spring,"[{""text"": ""Slides were not shared on time."", ""theme"": ""resources"", ""sentiment"": ""neg""}, {""text"": ""Grading was transparent and feedback was timely."", ""theme"": ""assessment"", ""sentiment"": ""pos""}]",
R000929,CSE305,F02,2026-Spring,"[{""text"": ""Every doubt got cleared through simple examples."", ""theme"": ""clarity"", ""sentiment"": ""pos""}]",
R000930,CSE340,F03,2026-Spring,"[{""text"": ""Some sessions were interesting."", ""theme"": ""engagement"", ""sentiment"": ""neu""}, {""text"": ""Too many assignments with very tight deadlines."", ""theme"": ""workload"", ""sentiment"": ""neg""}, {""text"": ""The evaluation pattern was standard."", ""theme"": ""assessment"", ""sentiment"": ""neu""}]",
R000931,CSE340,F03,2026-Spring,"[{""text"": ""Recorded lectures and study material helped a lot."", ""theme"": ""resources"", ""sentiment"": ""pos""}, {""text"": ""Too many assignments with very tight deadlines."", ""theme"": ""workload"", ""sentiment"": ""neg""}, {""text"": ""Thanks to Dr. Iyer."", ""theme"": ""none"", ""sentiment"": ""neu""}]",
R000932,CSE340,F03,2026-Spring,"[{""text"": ""Explanations were confusing and hard to follow."", ""theme"": ""clarity"", ""sentiment"": ""neg""}, {""text"": ""Office hours existed but were rarely used."", ""theme"": ""support"", ""sentiment"": ""neu""}]",
R000933,CSE340,F03,2026-Spring,"[{""text"": ""Emails were never answered."", ""theme"": ""support"", ""sentiment"": ""neg""}, {""text"": ""Study material was outdated."", ""theme"": ""resources"", ""sentiment"": ""neg""}]",
R000934,CSE340,F03,2026-Spring,"[{""text"": ""The workload was overwhelming alongside other courses."", ""theme"": ""workload"", ""sentiment"": ""neg""}, {""text"": ""Every doubt got cleared through simple examples."", ""theme"": ""clarity"", ""sentiment"": ""pos""}]",
R000935,CSE340,F03,2026-Spring,"[{""text"": ""Quizzes helped us track our progress."", ""theme"": ""assessment"", ""sentiment"": ""pos""}]",
R000936,CSE340,F03,2026-Spring,"[{""text"": ""The pace of the course was just right."", ""theme"": ""pace"", ""sentiment"": ""pos""}]",
R000937,CSE340,F03,2026-Spring,"[{""text"": ""The pace was okay, neither fast nor slow."", ""theme"": ""pace"", ""sentiment"": ""neu""}, {""text"": ""Good reference material and lab resources were provided."", ""theme"": ""resources"", ""sentiment"": ""pos""}]",
R000938,CSE340,F03,2026-Spring,"[{""text"": ""The pace of the course was just right."", ""theme"": ""pace"", ""sentiment"": ""pos""}, {""text"": ""Classes were interactive and interesting."", ""theme"": ""engagement"", ""sentiment"": ""pos""}]",
R000939,CSE340,F03,2026-Spring,"[{""text"": ""Exam questions were out of syllabus."", ""theme"": ""assessment"", ""sentiment"": ""neg""}, {""text"": ""Lectures moved at a comfortable speed and we never felt rushed."", ""theme"": ""pace"", ""sentiment"": ""pos""}, {""text"": ""The explanations were clear and well structured."", ""theme"": ""clarity"", ""sentiment"": ""pos""}]",
R000940,CSE340,F03,2026-Spring,"[{""text"": ""Quizzes helped us track our progress."", ""theme"": ""assessment"", ""sentiment"": ""pos""}, {""text"": ""Would recommend this course to others."", ""theme"": ""overall"", ""sentiment"": ""pos""}]",
R000941,CSE340,F03,2026-Spring,"[{""text"": ""Study material was outdated."", ""theme"": ""resources"", ""sentiment"": ""neg""}, {""text"": ""The pace of the course was just right."", ""theme"": ""pace"", ""sentiment"": ""pos""}, {""text"": ""Deadlines were piled up one after another."", ""theme"": ""workload"", ""sentiment"": ""neg""}]",
R000942,CSE340,F03,2026-Spring,"[{""text"": ""Recorded lectures and study material helped a lot."", ""theme"": ""resources"", ""sentiment"": ""pos""}, {""text"": ""The workload was overwhelming alongside other courses."", ""theme"": ""workload"", ""sentiment"": ""neg""}]",
R000943,CSE340,F03,2026-Spring,"[{""text"": ""Very supportive and encouraging towards students."", ""theme"": ""support"", ""sentiment"": ""pos""}, {""text"": ""Thanks to Dr. Iyer."", ""theme"": ""none"", ""sentiment"": ""neu""}]",
R000944,CSE340,F03,2026-Spring,"[{""text"": ""The faculty was not approachable when we had doubts."", ""theme"": ""support"", ""sentiment"": ""neg""}, {""text"": ""Grading was transparent and feedback was timely."", ""theme"": ""assessment"", ""sentiment"": ""pos""}, {""text"": ""Thanks to Dr. Iyer."", ""theme"": ""none"", ""sentiment"": ""neu""}]",
R000945,CSE340,F03,2026-Spring,"[{""text"": ""Grading was transparent and feedback was timely."", ""theme"": ""assessment"", ""sentiment"": ""pos""}, {""text"": ""Concepts were explained very clearly."", ""theme"": ""clarity"", ""sentiment"": ""pos""}, {""text"": ""Thanks to Dr. Iyer."", ""theme"": ""none"", ""sentiment"": ""neu""}]",
R000946,CSE340,F03,2026-Spring,"[{""text"": ""Resources were adequate."", ""theme"": ""resources"", ""sentiment"": ""neu""}]",tanvi.arora40@gmail.com
R000947,CSE340,F03,2026-Spring,"[{""text"": ""The workload was overwhelming alongside other courses."", ""theme"": ""workload"", ""sentiment"": ""neg""}, {""text"": ""The pace of the course was just right."", ""theme"": ""pace"", ""sentiment"": ""pos""}, {""text"": ""Notes and slides shared were very useful."", ""theme"": ""resources"", ""sentiment"": ""pos""}]",
R000948,CSE340,F03,2026-Spring,"[{""text"": ""The faculty was very approachable and answered all our doubts."", ""theme"": ""support"", ""sentiment"": ""pos""}, {""text"": ""Quizzes helped us track our progress."", ""theme"": ""assessment"", ""sentiment"": ""pos""}]",
R000949,CSE340,F03,2026-Spring,"[{""text"": ""Projects took up far too much time."", ""theme"": ""workload"", ""sentiment"": ""neg""}, {""text"": ""Grading was transparent and feedback was timely."", ""theme"": ""assessment"", ""sentiment"": ""pos""}, {""text"": ""The faculty was very approachable and answered all our doubts."", ""theme"": ""support"", ""sentiment"": ""pos""}]",
R000950,CSE340,F03,2026-Spring,"[{""text"": ""Notes and slides shared were very useful."", ""theme"": ""resources"", ""sentiment"": ""pos""}]",
R000951,CSE340,F03,2026-Spring,"[{""text"": ""Some sessions were interesting."", ""theme"": ""engagement"", ""sentiment"": ""neu""}, {""text"": ""Office hours existed but were rarely used."", ""theme"": ""support"", ""sentiment"": ""neu""}]",
R000952,CSE340,F03,2026-Spring,"[{""text"": ""I could not understand most of the derivations."", ""theme"": ""clarity"", ""sentiment"": ""neg""}]",
R000953,CSE340,F03,2026-Spring,"[{""text"": ""Some sessions were interesting."", ""theme"": ""engagement"", ""sentiment"": ""neu""}, {""text"": ""Concepts were explained very clearly."", ""theme"": ""clarity"", ""sentiment"": ""pos""}]",
R000954,CSE340,F03,2026-Spring,"[{""text"": ""Many concepts were not explained properly."", ""theme"": ""clarity"", ""sentiment"": ""neg""}, {""text"": ""Exam questions were out of syllabus."", ""theme"": ""assessment"", ""sentiment"": ""neg""}, {""text"": ""The assignment load was manageable."", ""theme"": ""workload"", ""sentiment"": ""pos""}]",
R000955,CSE340,F03,2026-Spring,"[{""text"": ""Resources were adequate."", ""theme"": ""resources"", ""sentiment"": ""neu""}, {""text"": ""The workload was overwhelming alongside other courses."", ""theme"": ""workload"", ""sentiment"": ""neg""}]",
R000956,CSE340,F03,2026-Spring,"[{""text"": ""Notes and slides shared were very useful."", ""theme"": ""resources"", ""sentiment"": ""pos""}, {""text"": ""Emails were never answered."", ""theme"": ""support"", ""sentiment"": ""neg""}, {""text"": ""The pace was okay, neither fast nor slow."", ""theme"": ""pace"", ""sentiment"": ""neu""}]",
R000957,CSE340,F03,2026-Spring,"[{""text"": ""The explanations were clear and well structured."", ""theme"": ""clarity"", ""sentiment"": ""pos""}, {""text"": ""Recorded lectures and study material helped a lot."", ""theme"": ""resources"", ""sentiment"": ""pos""}, {""text"": ""The faculty was not approachable when we had doubts."", ""theme"": ""support"", ""sentiment"": ""neg""}]",
R000958,CSE340,F03,2026-Spring,"[{""text"": ""Slides were not shared on time."", ""theme"": ""resources"", ""sentiment"": ""neg""}, {""text"": ""The teaching lacked clarity and examples."", ""theme"": ""clarity"", ""sentiment"": ""neg""}, {""text"": ""Emails were never answered."", ""theme"": ""support"", ""sentiment"": ""neg""}]",
R000959,CSE340,F03,2026-Spring,"[{""text"": ""Quizzes helped us track our progress."", ""theme"": ""assessment"", ""sentiment"": ""pos""}]",
R000960,CSE340,F03,2026-Spring,"[{""text"": ""Explanations were confusing and hard to follow."", ""theme"": ""clarity"", ""sentiment"": ""neg""}, {""text"": ""It was hard to stay interested during sessions."", ""theme"": ""engagement"", ""sentiment"": ""neg""}]",
R000961,CSE340,F03,2026-Spring,"[{""text"": ""There was no discussion or activity in class."", ""theme"": ""engagement"", ""sentiment"": ""neg""}]",
R000962,CSE340,F03,2026-Spring,"[{""text"": ""I could not understand most of the derivations."", ""theme"": ""clarity"", ""sentiment"": ""neg""}, {""text"": ""Lectures moved at a comfortable speed and we never felt rushed."", ""theme"": ""pace"", ""sentiment"": ""pos""}]",
R000963,CSE340,F03,2026-Spring,"[{""text"": ""Good balance between depth and speed."", ""theme"": ""pace"", ""sentiment"": ""pos""}, {""text"": ""Every doubt got cleared through simple examples."", ""theme"": ""clarity"", ""sentiment"": ""pos""}, {""text"": ""Classes were interactive and interesting."", ""theme"": ""engagement"", ""sentiment"": ""pos""}]",
R000964,CSE340,F03,2026-Spring,"[{""text"": ""There was no support for students who were struggling."", ""theme"": ""support"", ""sentiment"": ""neg""}, {""text"": ""This course needs a lot of improvement."", ""theme"": ""overall"", ""sentiment"": ""neg""}]",
R000965,CSE340,F03,2026-Spring,"[{""text"": ""Doubts were often ignored or brushed aside."", ""theme"": ""support"", ""sentiment"": ""neg""}, {""text"": ""The sessions were engaging with lots of discussion."", ""theme"": ""engagement"", ""sentiment"": ""pos""}]",
R000966,CSE340,F03,2026-Spring,"[{""text"": ""Concepts were explained very clearly."", ""theme"": ""clarity"", ""sentiment"": ""pos""}, {""text"": ""The faculty was very approachable and answered all our doubts."", ""theme"": ""support"", ""sentiment"": ""pos""}, {""text"": ""There was no discussion or activity in class."", ""theme"": ""engagement"", ""sentiment"": ""neg""}, {""text"": ""Thanks to Dr. Iyer."", ""theme"": ""none"", ""sentiment"": ""neu""}]",
R000967,CSE340,F03,2026-Spring,"[{""text"": ""Notes and slides shared were very useful."", ""theme"": ""resources"", ""sentiment"": ""pos""}, {""text"": ""The explanations were clear and well structured."", ""theme"": ""clarity"", ""sentiment"": ""pos""}, {""text"": ""There was no discussion or activity in class."", ""theme"": ""engagement"", ""sentiment"": ""neg""}, {""text"": ""Would not recommend it."", ""theme"": ""overall"", ""sentiment"": ""neg""}]",
R000968,CSE310,F02,2026-Spring,"[{""text"": ""Projects took up far too much time."", ""theme"": ""workload"", ""sentiment"": ""neg""}, {""text"": ""Some sessions were interesting."", ""theme"": ""engagement"", ""sentiment"": ""neu""}]",
R000969,CSE310,F02,2026-Spring,"[{""text"": ""Lab systems were poor and resources insufficient."", ""theme"": ""resources"", ""sentiment"": ""neg""}, {""text"": ""Lectures felt rushed and it was hard to keep up."", ""theme"": ""pace"", ""sentiment"": ""neg""}]",
R000970,CSE310,F02,2026-Spring,"[{""text"": ""Doubts were often ignored or brushed aside."", ""theme"": ""support"", ""sentiment"": ""neg""}, {""text"": ""Good balance between depth and speed."", ""theme"": ""pace"", ""sentiment"": ""pos""}]",
R000971,CSE310,F02,2026-Spring,"[{""text"": ""The pace was too slow and classes dragged on."", ""theme"": ""pace"", ""sentiment"": ""neg""}]",
R000972,CSE310,F02,2026-Spring,"[{""text"": ""A reasonable number of assignments and projects."", ""theme"": ""workload"", ""sentiment"": ""pos""}, {""text"": ""Topics were covered in a well paced manner."", ""theme"": ""pace"", ""sentiment"": ""pos""}, {""text"": ""Study material was outdated."", ""theme"": ""resources"", ""sentiment"": ""neg""}]",
R000973,CSE310,F02,2026-Spring,"[{""text"": ""Exam questions were out of syllabus."", ""theme"": ""assessment"", ""sentiment"": ""neg""}, {""text"": ""Really enjoyed this subject."", ""theme"": ""overall"", ""sentiment"": ""pos""}]",
R000974,CSE310,F02,2026-Spring,"[{""text"": ""The sessions were engaging with lots of discussion."", ""theme"": ""engagement"", ""sentiment"": ""pos""}, {""text"": ""Support was available sometimes."", ""theme"": ""support"", ""sentiment"": ""neu""}, {""text"": ""A reasonable number of assignments and projects."", ""theme"": ""workload"", ""sentiment"": ""pos""}, {""text"": ""Thanks to Prof. Kulkarni."", ""theme"": ""none"", ""sentiment"": ""neu""}]",
R000975,CSE310,F02,2026-Spring,"[{""text"": ""The faculty was not approachable when we had doubts."", ""theme"": ""support"", ""sentiment"": ""neg""}]",Harsh
R000976,CSE310,F02,2026-Spring,"[{""text"": ""It was hard to stay interested during sessions."", ""theme"": ""engagement"", ""sentiment"": ""neg""}, {""text"": ""Grading felt unfair and marks were not explained."", ""theme"": ""assessment"", ""sentiment"": ""neg""}, {""text"": ""The workload was overwhelming alongside other courses."", ""theme"": ""workload"", ""sentiment"": ""neg""}]",
R000977,CSE310,F02,2026-Spring,"[{""text"": ""Concepts were explained very clearly."", ""theme"": ""clarity"", ""sentiment"": ""pos""}, {""text"": ""Workload was average."", ""theme"": ""workload"", ""sentiment"": ""neu""}]",
R000978,CSE310,F02,2026-Spring,"[{""text"": ""There was no discussion or activity in class."", ""theme"": ""engagement"", ""sentiment"": ""neg""}]",
R000979,CSE310,F02,2026-Spring,"[{""text"": ""The assignment load was manageable."", ""theme"": ""workload"", ""sentiment"": ""pos""}, {""text"": ""Classes were boring and monotonous."", ""theme"": ""engagement"", ""sentiment"": ""neg""}]",
R000980,CSE310,F02,2026-Spring,"[{""text"": ""The assignment load was manageable."", ""theme"": ""workload"", ""sentiment"": ""pos""}, {""text"": ""Lab systems were poor and resources insufficient."", ""theme"": ""resources"", ""sentiment"": ""neg""}]",
R000981,CSE310,F02,2026-Spring,"[{""text"": ""Grading was transparent and feedback was timely."", ""theme"": ""assessment"", ""sentiment"": ""pos""}, {""text"": ""Always available for doubt clearing after class."", ""theme"": ""support"", ""sentiment"": ""pos""}, {""text"": ""Thanks to Prof. Kulkarni."", ""theme"": ""none"", ""sentiment"": ""neu""}]",
R000982,CSE310,F02,2026-Spring,"[{""text"": ""Notes and slides shared were very useful."", ""theme"": ""resources"", ""sentiment"": ""pos""}, {""text"": ""Overall a great course."", ""theme"": ""overall"", ""sentiment"": ""pos""}]",
R000983,CSE310,F02,2026-Spring,"[{""text"": ""Evaluation criteria were never clear."", ""theme"": ""assessment"", ""sentiment"": ""neg""}, {""text"": ""There was no support for students who were struggling."", ""theme"": ""support"", ""sentiment"": ""neg""}, {""text"": ""Clarity of explanation was average."", ""theme"": ""clarity"", ""sentiment"": ""neu""}]",Vivaan Chopra|12423886
R000984,CSE310,F02,2026-Spring,"[{""text"": ""The syllabus was covered way too fast."", ""theme"": ""pace"", ""sentiment"": ""neg""}, {""text"": ""Concepts were explained very clearly."", ""theme"": ""clarity"", ""sentiment"": ""pos""}, {""text"": ""Doubts were often ignored or brushed aside."", ""theme"": ""support"", ""sentiment"": ""neg""}]",
R000985,CSE310,F02,2026-Spring,"[{""text"": ""The sessions were engaging with lots of discussion."", ""theme"": ""engagement"", ""sentiment"": ""pos""}]",
R000986,CSE310,F02,2026-Spring,"[{""text"": ""Engagement was average."", ""theme"": ""engagement"", ""sentiment"": ""neu""}, {""text"": ""The pace was okay, neither fast nor slow."", ""theme"": ""pace"", ""sentiment"": ""neu""}]",9701905977|97019 05977
R000987,CSE310,F02,2026-Spring,"[{""text"": ""Classes were boring and monotonous."", ""theme"": ""engagement"", ""sentiment"": ""neg""}, {""text"": ""Speed of teaching was average."", ""theme"": ""pace"", ""sentiment"": ""neu""}]",
R000988,CSE310,F02,2026-Spring,"[{""text"": ""Quick replies to our queries and helpful guidance."", ""theme"": ""support"", ""sentiment"": ""pos""}]",
R000989,CSE310,F02,2026-Spring,"[{""text"": ""There was no support for students who were struggling."", ""theme"": ""support"", ""sentiment"": ""neg""}, {""text"": ""Overall I am not satisfied with this course."", ""theme"": ""overall"", ""sentiment"": ""neg""}]",
R000990,CSE310,F02,2026-Spring,"[{""text"": ""Notes and slides shared were very useful."", ""theme"": ""resources"", ""sentiment"": ""pos""}, {""text"": ""Emails were never answered."", ""theme"": ""support"", ""sentiment"": ""neg""}]",
R000991,CSE310,F02,2026-Spring,"[{""text"": ""Emails were never answered."", ""theme"": ""support"", ""sentiment"": ""neg""}]",
R000992,CSE310,F02,2026-Spring,"[{""text"": ""Concepts were explained very clearly."", ""theme"": ""clarity"", ""sentiment"": ""pos""}, {""text"": ""There was no discussion or activity in class."", ""theme"": ""engagement"", ""sentiment"": ""neg""}, {""text"": ""Thanks to Prof. Kulkarni."", ""theme"": ""none"", ""sentiment"": ""neu""}]",
R000993,CSE310,F02,2026-Spring,"[{""text"": ""The sessions were engaging with lots of discussion."", ""theme"": ""engagement"", ""sentiment"": ""pos""}]",
R000994,CSE310,F02,2026-Spring,"[{""text"": ""Resources were adequate."", ""theme"": ""resources"", ""sentiment"": ""neu""}, {""text"": ""A reasonable number of assignments and projects."", ""theme"": ""workload"", ""sentiment"": ""pos""}, {""text"": ""Thanks to Prof. Kulkarni."", ""theme"": ""none"", ""sentiment"": ""neu""}]",
R000995,CSE310,F02,2026-Spring,"[{""text"": ""Many concepts were not explained properly."", ""theme"": ""clarity"", ""sentiment"": ""neg""}, {""text"": ""Grading was transparent and feedback was timely."", ""theme"": ""assessment"", ""sentiment"": ""pos""}, {""text"": ""Classes were boring and monotonous."", ""theme"": ""engagement"", ""sentiment"": ""neg""}]",
R000996,CSE310,F02,2026-Spring,"[{""text"": ""Support was available sometimes."", ""theme"": ""support"", ""sentiment"": ""neu""}]",
R000997,ECE210,F04,2026-Spring,"[{""text"": ""Grading felt unfair and marks were not explained."", ""theme"": ""assessment"", ""sentiment"": ""neg""}, {""text"": ""The assignment load was manageable."", ""theme"": ""workload"", ""sentiment"": ""pos""}, {""text"": ""Would recommend this course to others."", ""theme"": ""overall"", ""sentiment"": ""pos""}]",
R000998,ECE210,F04,2026-Spring,"[{""text"": ""Concepts were explained very clearly."", ""theme"": ""clarity"", ""sentiment"": ""pos""}, {""text"": ""Lectures moved at a comfortable speed and we never felt rushed."", ""theme"": ""pace"", ""sentiment"": ""pos""}]",
R000999,ECE210,F04,2026-Spring,"[{""text"": ""Good reference material and lab resources were provided."", ""theme"": ""resources"", ""sentiment"": ""pos""}, {""text"": ""Exam questions were out of syllabus."", ""theme"": ""assessment"", ""sentiment"": ""neg""}]",
R001000,ECE210,F04,2026-Spring,"[{""text"": ""Workload was balanced across the semester."", ""theme"": ""workload"", ""sentiment"": ""pos""}, {""text"": ""Recorded lectures and study material helped a lot."", ""theme"": ""resources"", ""sentiment"": ""pos""}, {""text"": ""Overall a great course."", ""theme"": ""overall"", ""sentiment"": ""pos""}]",
R001001,ECE210,F04,2026-Spring,"[{""text"": ""Classes were boring and monotonous."", ""theme"": ""engagement"", ""sentiment"": ""neg""}, {""text"": ""The workload was overwhelming alongside other courses."", ""theme"": ""workload"", ""sentiment"": ""neg""}]",
R001002,ECE210,F04,2026-Spring,"[{""text"": ""The syllabus was covered way too fast."", ""theme"": ""pace"", ""sentiment"": ""neg""}, {""text"": ""Thanks to Mr. Sandhu."", ""theme"": ""none"", ""sentiment"": ""neu""}]",
R001003,ECE210,F04,2026-Spring,"[{""text"": ""Always available for doubt clearing after class."", ""theme"": ""support"", ""sentiment"": ""pos""}, {""text"": ""Slides were not shared on time."", ""theme"": ""resources"", ""sentiment"": ""neg""}, {""text"": ""Real world examples kept the class lively."", ""theme"": ""engagement"", ""sentiment"": ""pos""}]",
R001004,ECE210,F04,2026-Spring,"[{""text"": ""Workload was balanced across the semester."", ""theme"": ""workload"", ""sentiment"": ""pos""}, {""text"": ""The explanations were clear and well structured."", ""theme"": ""clarity"", ""sentiment"": ""pos""}]",
R001005,ECE210,F04,2026-Spring,"[{""text"": ""Every doubt got cleared through simple examples."", ""theme"": ""clarity"", ""sentiment"": ""pos""}]",
R001006,ECE210,F04,2026-Spring,"[{""text"": ""Study material was outdated."", ""theme"": ""resources"", ""sentiment"": ""neg""}, {""text"": ""We skipped through important topics in a hurry."", ""theme"": ""pace"", ""sentiment"": ""neg""}, {""text"": ""Would recommend this course to others."", ""theme"": ""overall"", ""sentiment"": ""pos""}]",
R001007,ECE210,F04,2026-Spring,"[{""text"": ""Notes and slides shared were very useful."", ""theme"": ""resources"", ""sentiment"": ""pos""}, {""text"": ""Exams were of moderate difficulty."", ""theme"": ""assessment"", ""sentiment"": ""neu""}, {""text"": ""Examples made difficult topics easy to understand."", ""theme"": ""clarity"", ""sentiment"": ""pos""}]",
R001008,ECE210,F04,2026-Spring,"[{""text"": ""Good balance between depth and speed."", ""theme"": ""pace"", ""sentiment"": ""pos""}, {""text"": ""No proper reference books were suggested."", ""theme"": ""resources"", ""sentiment"": ""neg""}]",
R001009,ECE210,F04,2026-Spring,"[{""text"": ""Resources were adequate."", ""theme"": ""resources"", ""sentiment"": ""neu""}, {""text"": ""The evaluation pattern was standard."", ""theme"": ""assessment"", ""sentiment"": ""neu""}]",
R001010,ECE210,F04,2026-Spring,"[{""text"": ""The explanations were clear and well structured."", ""theme"": ""clarity"", ""sentiment"": ""pos""}, {""text"": ""Thanks to Mr. Sandhu."", ""theme"": ""none"", ""sentiment"": ""neu""}]",
R001011,ECE210,F04,2026-Spring,"[{""text"": ""Lectures were just slide reading with no interaction."", ""theme"": ""engagement"", ""sentiment"": ""neg""}, {""text"": ""The explanations were clear and well structured."", ""theme"": ""clarity"", ""sentiment"": ""pos""}]",
R001012,ECE210,F04,2026-Spring,"[{""text"": ""Good reference material and lab resources were provided."", ""theme"": ""resources"", ""sentiment"": ""pos""}, {""text"": ""The explanations were clear and well structured."", ""theme"": ""clarity"", ""sentiment"": ""pos""}]",
R001013,ECE210,F04,2026-Spring,"[{""text"": ""Explanations were confusing and hard to follow."", ""theme"": ""clarity"", ""sentiment"": ""neg""}]",
R001014,ECE210,F04,2026-Spring,"[{""text"": ""The assignment load was manageable."", ""theme"": ""workload"", ""sentiment"": ""pos""}, {""text"": ""Quick replies to our queries and helpful guidance."", ""theme"": ""support"", ""sentiment"": ""pos""}, {""text"": ""Overall it was an average course."", ""theme"": ""overall"", ""sentiment"": ""neu""}]",
R001015,ECE210,F04,2026-Spring,"[{""text"": ""A normal amount of assignments."", ""theme"": ""workload"", ""sentiment"": ""neu""}, {""text"": ""Every doubt got cleared through simple examples."", ""theme"": ""clarity"", ""sentiment"": ""pos""}, {""text"": ""Exams were fair and matched what was taught."", ""theme"": ""assessment"", ""sentiment"": ""pos""}]",
R001016,ECE210,F04,2026-Spring,"[{""text"": ""The assignment load was manageable."", ""theme"": ""workload"", ""sentiment"": ""pos""}, {""text"": ""The faculty was very approachable and answered all our doubts."", ""theme"": ""support"", ""sentiment"": ""pos""}, {""text"": ""Overall it was an average course."", ""theme"": ""overall"", ""sentiment"": ""neu""}]",
R001017,ECE210,F04,2026-Spring,"[{""text"": ""Recorded lectures and study material helped a lot."", ""theme"": ""resources"", ""sentiment"": ""pos""}, {""text"": ""Thanks to Mr. Sandhu."", ""theme"": ""none"", ""sentiment"": ""neu""}]",
R001018,ECE210,F04,2026-Spring,"[{""text"": ""Good reference material and lab resources were provided."", ""theme"": ""resources"", ""sentiment"": ""pos""}, {""text"": ""The pace of the course was just right."", ""theme"": ""pace"", ""sentiment"": ""pos""}]",
R001019,ECE210,F04,2026-Spring,"[{""text"": ""The teaching lacked clarity and examples."", ""theme"": ""clarity"", ""sentiment"": ""neg""}]",
R001020,ECE210,F04,2026-Spring,"[{""text"": ""Doubts were often ignored or brushed aside."", ""theme"": ""support"", ""sentiment"": ""neg""}]",
R001021,ECE210,F04,2026-Spring,"[{""text"": ""The assignment load was manageable."", ""theme"": ""workload"", ""sentiment"": ""pos""}, {""text"": ""Many concepts were not explained properly."", ""theme"": ""clarity"", ""sentiment"": ""neg""}, {""text"": ""The sessions were engaging with lots of discussion."", ""theme"": ""engagement"", ""sentiment"": ""pos""}]",Ishita Thakur|12479578
R001022,ECE210,F04,2026-Spring,"[{""text"": ""Classes were boring and monotonous."", ""theme"": ""engagement"", ""sentiment"": ""neg""}, {""text"": ""Would recommend this course to others."", ""theme"": ""overall"", ""sentiment"": ""pos""}, {""text"": ""Thanks to Mr. Sandhu."", ""theme"": ""none"", ""sentiment"": ""neu""}]",
R001023,ECE210,F04,2026-Spring,"[{""text"": ""I could not understand most of the derivations."", ""theme"": ""clarity"", ""sentiment"": ""neg""}, {""text"": ""Speed of teaching was average."", ""theme"": ""pace"", ""sentiment"": ""neu""}]",
R001024,ECE210,F04,2026-Spring,"[{""text"": ""The explanations were clear and well structured."", ""theme"": ""clarity"", ""sentiment"": ""pos""}, {""text"": ""Exams were fair and matched what was taught."", ""theme"": ""assessment"", ""sentiment"": ""pos""}, {""text"": ""Lectures moved at a comfortable speed and we never felt rushed."", ""theme"": ""pace"", ""sentiment"": ""pos""}]",
R001025,ECE210,F04,2026-Spring,"[{""text"": ""Some sessions were interesting."", ""theme"": ""engagement"", ""sentiment"": ""neu""}, {""text"": ""Exams were fair and matched what was taught."", ""theme"": ""assessment"", ""sentiment"": ""pos""}]",
R001026,ECE210,F04,2026-Spring,"[{""text"": ""Exam questions were out of syllabus."", ""theme"": ""assessment"", ""sentiment"": ""neg""}, {""text"": ""Thanks to Mr. Sandhu."", ""theme"": ""none"", ""sentiment"": ""neu""}]",
R001027,ECE210,F04,2026-Spring,"[{""text"": ""Every doubt got cleared through simple examples."", ""theme"": ""clarity"", ""sentiment"": ""pos""}, {""text"": ""Recorded lectures and study material helped a lot."", ""theme"": ""resources"", ""sentiment"": ""pos""}, {""text"": ""This course needs a lot of improvement."", ""theme"": ""overall"", ""sentiment"": ""neg""}]",
R001028,ECE210,F04,2026-Spring,"[{""text"": ""The pace of the course was just right."", ""theme"": ""pace"", ""sentiment"": ""pos""}]",
R001029,ECE210,F04,2026-Spring,"[{""text"": ""Good balance between depth and speed."", ""theme"": ""pace"", ""sentiment"": ""pos""}, {""text"": ""Notes and slides shared were very useful."", ""theme"": ""resources"", ""sentiment"": ""pos""}]",
R001030,ECE210,F04,2026-Spring,"[{""text"": ""Grading felt unfair and marks were not explained."", ""theme"": ""assessment"", ""sentiment"": ""neg""}, {""text"": ""The syllabus was covered way too fast."", ""theme"": ""pace"", ""sentiment"": ""neg""}, {""text"": ""Classes were interactive and interesting."", ""theme"": ""engagement"", ""sentiment"": ""pos""}]",
R001031,ECE210,F04,2026-Spring,"[{""text"": ""Workload was balanced across the semester."", ""theme"": ""workload"", ""sentiment"": ""pos""}, {""text"": ""Some topics were clear and some were not."", ""theme"": ""clarity"", ""sentiment"": ""neu""}, {""text"": ""Overall I am not satisfied with this course."", ""theme"": ""overall"", ""sentiment"": ""neg""}]",
R001032,ECE210,F04,2026-Spring,"[{""text"": ""The explanations were clear and well structured."", ""theme"": ""clarity"", ""sentiment"": ""pos""}, {""text"": ""Quizzes helped us track our progress."", ""theme"": ""assessment"", ""sentiment"": ""pos""}, {""text"": ""Would not recommend it."", ""theme"": ""overall"", ""sentiment"": ""neg""}]",
R001033,ECE210,F04,2026-Spring,"[{""text"": ""The teaching lacked clarity and examples."", ""theme"": ""clarity"", ""sentiment"": ""neg""}]",
R001034,ECE210,F04,2026-Spring,"[{""text"": ""Good balance between depth and speed."", ""theme"": ""pace"", ""sentiment"": ""pos""}, {""text"": ""Quick replies to our queries and helpful guidance."", ""theme"": ""support"", ""sentiment"": ""pos""}]",
R001035,ECE210,F04,2026-Spring,"[{""text"": ""Notes and slides shared were very useful."", ""theme"": ""resources"", ""sentiment"": ""pos""}]",
R001036,ECE210,F04,2026-Spring,"[{""text"": ""Exam questions were out of syllabus."", ""theme"": ""assessment"", ""sentiment"": ""neg""}, {""text"": ""Resources were adequate."", ""theme"": ""resources"", ""sentiment"": ""neu""}, {""text"": ""Overall I am not satisfied with this course."", ""theme"": ""overall"", ""sentiment"": ""neg""}]",9866721115|98667 21115
R001037,ECE210,F04,2026-Spring,"[{""text"": ""Very supportive and encouraging towards students."", ""theme"": ""support"", ""sentiment"": ""pos""}, {""text"": ""The teaching lacked clarity and examples."", ""theme"": ""clarity"", ""sentiment"": ""neg""}]",
R001038,ECE210,F04,2026-Spring,"[{""text"": ""Results were delayed and there was no feedback on answers."", ""theme"": ""assessment"", ""sentiment"": ""neg""}]",
R001039,ECE210,F04,2026-Spring,"[{""text"": ""A reasonable number of assignments and projects."", ""theme"": ""workload"", ""sentiment"": ""pos""}]",
R001040,ECE210,F04,2026-Spring,"[{""text"": ""Emails were never answered."", ""theme"": ""support"", ""sentiment"": ""neg""}]",
R001041,ECE210,F04,2026-Spring,"[{""text"": ""Speed of teaching was average."", ""theme"": ""pace"", ""sentiment"": ""neu""}, {""text"": ""Examples made difficult topics easy to understand."", ""theme"": ""clarity"", ""sentiment"": ""pos""}, {""text"": ""Good reference material and lab resources were provided."", ""theme"": ""resources"", ""sentiment"": ""pos""}]",
R001042,ECE210,F04,2026-Spring,"[{""text"": ""Topics were covered in a well paced manner."", ""theme"": ""pace"", ""sentiment"": ""pos""}, {""text"": ""Classes were boring and monotonous."", ""theme"": ""engagement"", ""sentiment"": ""neg""}, {""text"": ""Examples made difficult topics easy to understand."", ""theme"": ""clarity"", ""sentiment"": ""pos""}]",
R001043,ECE210,F04,2026-Spring,"[{""text"": ""Lectures were just slide reading with no interaction."", ""theme"": ""engagement"", ""sentiment"": ""neg""}, {""text"": ""Workload was balanced across the semester."", ""theme"": ""workload"", ""sentiment"": ""pos""}]",
R001044,ECE210,F04,2026-Spring,"[{""text"": ""Concepts were explained very clearly."", ""theme"": ""clarity"", ""sentiment"": ""pos""}, {""text"": ""Very supportive and encouraging towards students."", ""theme"": ""support"", ""sentiment"": ""pos""}, {""text"": ""Overall a great course."", ""theme"": ""overall"", ""sentiment"": ""pos""}]",Kavya Bansal|12440635
R001045,ECE210,F04,2026-Spring,"[{""text"": ""The explanations were clear and well structured."", ""theme"": ""clarity"", ""sentiment"": ""pos""}]",
R001046,ECE210,F04,2026-Spring,"[{""text"": ""Slides were not shared on time."", ""theme"": ""resources"", ""sentiment"": ""neg""}, {""text"": ""The teaching lacked clarity and examples."", ""theme"": ""clarity"", ""sentiment"": ""neg""}]",
R001047,ECE330,F05,2026-Spring,"[{""text"": ""We skipped through important topics in a hurry."", ""theme"": ""pace"", ""sentiment"": ""neg""}, {""text"": ""Results were delayed and there was no feedback on answers."", ""theme"": ""assessment"", ""sentiment"": ""neg""}, {""text"": ""Thanks to Dr. Malhotra."", ""theme"": ""none"", ""sentiment"": ""neu""}]",
R001048,ECE330,F05,2026-Spring,"[{""text"": ""Exams were fair and matched what was taught."", ""theme"": ""assessment"", ""sentiment"": ""pos""}]",
R001049,ECE330,F05,2026-Spring,"[{""text"": ""Some topics were clear and some were not."", ""theme"": ""clarity"", ""sentiment"": ""neu""}, {""text"": ""Would recommend this course to others."", ""theme"": ""overall"", ""sentiment"": ""pos""}, {""text"": ""Thanks to Dr. Malhotra."", ""theme"": ""none"", ""sentiment"": ""neu""}]",
R001050,ECE330,F05,2026-Spring,"[{""text"": ""Quizzes helped us track our progress."", ""theme"": ""assessment"", ""sentiment"": ""pos""}, {""text"": ""Topics were covered in a well paced manner."", ""theme"": ""pace"", ""sentiment"": ""pos""}, {""text"": ""Emails were never answered."", ""theme"": ""support"", ""sentiment"": ""neg""}]",
R001051,ECE330,F05,2026-Spring,"[{""text"": ""The sessions were engaging with lots of discussion."", ""theme"": ""engagement"", ""sentiment"": ""pos""}, {""text"": ""Good reference material and lab resources were provided."", ""theme"": ""resources"", ""sentiment"": ""pos""}]",
R001052,ECE330,F05,2026-Spring,"[{""text"": ""Projects took up far too much time."", ""theme"": ""workload"", ""sentiment"": ""neg""}]",
R001053,ECE330,F05,2026-Spring,"[{""text"": ""Explanations were confusing and hard to follow."", ""theme"": ""clarity"", ""sentiment"": ""neg""}, {""text"": ""Thanks to Dr. Malhotra."", ""theme"": ""none"", ""sentiment"": ""neu""}]",
R001054,ECE330,F05,2026-Spring,"[{""text"": ""Some sessions were interesting."", ""theme"": ""engagement"", ""sentiment"": ""neu""}, {""text"": ""The pace of the course was just right."", ""theme"": ""pace"", ""sentiment"": ""pos""}]",
R001055,ECE330,F05,2026-Spring,"[{""text"": ""Quizzes helped us track our progress."", ""theme"": ""assessment"", ""sentiment"": ""pos""}, {""text"": ""Concepts were explained very clearly."", ""theme"": ""clarity"", ""sentiment"": ""pos""}]",
R001056,ECE330,F05,2026-Spring,"[{""text"": ""The explanations were clear and well structured."", ""theme"": ""clarity"", ""sentiment"": ""pos""}, {""text"": ""There was no support for students who were struggling."", ""theme"": ""support"", ""sentiment"": ""neg""}]",
R001057,ECE330,F05,2026-Spring,"[{""text"": ""Every doubt got cleared through simple examples."", ""theme"": ""clarity"", ""sentiment"": ""pos""}, {""text"": ""Very supportive and encouraging towards students."", ""theme"": ""support"", ""sentiment"": ""pos""}, {""text"": ""The sessions were engaging with lots of discussion."", ""theme"": ""engagement"", ""sentiment"": ""pos""}, {""text"": ""Would recommend this course to others."", ""theme"": ""overall"", ""sentiment"": ""pos""}]",
R001058,ECE330,F05,2026-Spring,"[{""text"": ""Quizzes helped us track our progress."", ""theme"": ""assessment"", ""sentiment"": ""pos""}, {""text"": ""Classes were interactive and interesting."", ""theme"": ""engagement"", ""sentiment"": ""pos""}]",
R001059,ECE330,F05,2026-Spring,"[{""text"": ""Every doubt got cleared through simple examples."", ""theme"": ""clarity"", ""sentiment"": ""pos""}, {""text"": ""Quick replies to our queries and helpful guidance."", ""theme"": ""support"", ""sentiment"": ""pos""}, {""text"": ""Thanks to Dr. Malhotra."", ""theme"": ""none"", ""sentiment"": ""neu""}]",
R001060,ECE330,F05,2026-Spring,"[{""text"": ""Resources were adequate."", ""theme"": ""resources"", ""sentiment"": ""neu""}]",
R001061,ECE330,F05,2026-Spring,"[{""text"": ""Quizzes helped us track our progress."", ""theme"": ""assessment"", ""sentiment"": ""pos""}, {""text"": ""Many concepts were not explained properly."", ""theme"": ""clarity"", ""sentiment"": ""neg""}, {""text"": ""Would recommend this course to others."", ""theme"": ""overall"", ""sentiment"": ""pos""}]",
R001062,ECE330,F05,2026-Spring,"[{""text"": ""The workload was overwhelming alongside other courses."", ""theme"": ""workload"", ""sentiment"": ""neg""}, {""text"": ""Overall I am not satisfied with this course."", ""theme"": ""overall"", ""sentiment"": ""neg""}]",
R001063,ECE330,F05,2026-Spring,"[{""text"": ""The sessions were engaging with lots of discussion."", ""theme"": ""engagement"", ""sentiment"": ""pos""}, {""text"": ""Evaluation criteria were never clear."", ""theme"": ""assessment"", ""sentiment"": ""neg""}]",
R001064,ECE330,F05,2026-Spring,"[{""text"": ""The sessions were engaging with lots of discussion."", ""theme"": ""engagement"", ""sentiment"": ""pos""}]",
R001065,ECE330,F05,2026-Spring,"[{""text"": ""The sessions were engaging with lots of discussion."", ""theme"": ""engagement"", ""sentiment"": ""pos""}]",
R001066,ECE330,F05,2026-Spring,"[{""text"": ""Exams were fair and matched what was taught."", ""theme"": ""assessment"", ""sentiment"": ""pos""}, {""text"": ""The faculty was very approachable and answered all our doubts."", ""theme"": ""support"", ""sentiment"": ""pos""}, {""text"": ""Thanks to Dr. Malhotra."", ""theme"": ""none"", ""sentiment"": ""neu""}]",
R001067,ECE330,F05,2026-Spring,"[{""text"": ""Study material was outdated."", ""theme"": ""resources"", ""sentiment"": ""neg""}, {""text"": ""A reasonable number of assignments and projects."", ""theme"": ""workload"", ""sentiment"": ""pos""}]",
R001068,ECE330,F05,2026-Spring,"[{""text"": ""Workload was balanced across the semester."", ""theme"": ""workload"", ""sentiment"": ""pos""}, {""text"": ""Thanks to Dr. Malhotra."", ""theme"": ""none"", ""sentiment"": ""neu""}]",
R001069,ECE330,F05,2026-Spring,"[{""text"": ""Explanations were confusing and hard to follow."", ""theme"": ""clarity"", ""sentiment"": ""neg""}, {""text"": ""The faculty was very approachable and answered all our doubts."", ""theme"": ""support"", ""sentiment"": ""pos""}]",
R001070,ECE330,F05,2026-Spring,"[{""text"": ""Every doubt got cleared through simple examples."", ""theme"": ""clarity"", ""sentiment"": ""pos""}, {""text"": ""The sessions were engaging with lots of discussion."", ""theme"": ""engagement"", ""sentiment"": ""pos""}, {""text"": ""Lectures felt rushed and it was hard to keep up."", ""theme"": ""pace"", ""sentiment"": ""neg""}]",
R001071,ECE330,F05,2026-Spring,"[{""text"": ""The teaching lacked clarity and examples."", ""theme"": ""clarity"", ""sentiment"": ""neg""}, {""text"": ""Real world examples kept the class lively."", ""theme"": ""engagement"", ""sentiment"": ""pos""}, {""text"": ""Office hours existed but were rarely used."", ""theme"": ""support"", ""sentiment"": ""neu""}]",
R001072,ECE330,F05,2026-Spring,"[{""text"": ""Grading felt unfair and marks were not explained."", ""theme"": ""assessment"", ""sentiment"": ""neg""}, {""text"": ""Examples made difficult topics easy to understand."", ""theme"": ""clarity"", ""sentiment"": ""pos""}, {""text"": ""Real world examples kept the class lively."", ""theme"": ""engagement"", ""sentiment"": ""pos""}, {""text"": ""Thanks to Dr. Malhotra."", ""theme"": ""none"", ""sentiment"": ""neu""}]",harsh.mehra84@gmail.com
R001073,ECE330,F05,2026-Spring,"[{""text"": ""Quizzes helped us track our progress."", ""theme"": ""assessment"", ""sentiment"": ""pos""}, {""text"": ""Some sessions were interesting."", ""theme"": ""engagement"", ""sentiment"": ""neu""}]",
R001074,ECE330,F05,2026-Spring,"[{""text"": ""Recorded lectures and study material helped a lot."", ""theme"": ""resources"", ""sentiment"": ""pos""}]",
R001075,ECE330,F05,2026-Spring,"[{""text"": ""Evaluation criteria were never clear."", ""theme"": ""assessment"", ""sentiment"": ""neg""}, {""text"": ""Always available for doubt clearing after class."", ""theme"": ""support"", ""sentiment"": ""pos""}]",
R001076,ECE330,F05,2026-Spring,"[{""text"": ""Concepts were explained very clearly."", ""theme"": ""clarity"", ""sentiment"": ""pos""}]",
R001077,MTH202,F06,2026-Spring,"[{""text"": ""Workload was balanced across the semester."", ""theme"": ""workload"", ""sentiment"": ""pos""}, {""text"": ""Real world examples kept the class lively."", ""theme"": ""engagement"", ""sentiment"": ""pos""}]",
R001078,MTH202,F06,2026-Spring,"[{""text"": ""The sessions were engaging with lots of discussion."", ""theme"": ""engagement"", ""sentiment"": ""pos""}, {""text"": ""Would recommend this course to others."", ""theme"": ""overall"", ""sentiment"": ""pos""}]",
R001079,MTH202,F06,2026-Spring,"[{""text"": ""Lectures were just slide reading with no interaction."", ""theme"": ""engagement"", ""sentiment"": ""neg""}, {""text"": ""The syllabus was covered way too fast."", ""theme"": ""pace"", ""sentiment"": ""neg""}]",
R001080,MTH202,F06,2026-Spring,"[{""text"": ""Notes and slides shared were very useful."", ""theme"": ""resources"", ""sentiment"": ""pos""}]",
R001081,MTH202,F06,2026-Spring,"[{""text"": ""It was hard to stay interested during sessions."", ""theme"": ""engagement"", ""sentiment"": ""neg""}, {""text"": ""Thanks to Prof. Bedi."", ""theme"": ""none"", ""sentiment"": ""neu""}]",
R001082,MTH202,F06,2026-Spring,"[{""text"": ""Study material was outdated."", ""theme"": ""resources"", ""sentiment"": ""neg""}, {""text"": ""Every doubt got cleared through simple examples."", ""theme"": ""clarity"", ""sentiment"": ""pos""}]",
R001083,MTH202,F06,2026-Spring,"[{""text"": ""Explanations were confusing and hard to follow."", ""theme"": ""clarity"", ""sentiment"": ""neg""}, {""text"": ""Very supportive and encouraging towards students."", ""theme"": ""support"", ""sentiment"": ""pos""}]",
R001084,MTH202,F06,2026-Spring,"[{""text"": ""Many concepts were not explained properly."", ""theme"": ""clarity"", ""sentiment"": ""neg""}, {""text"": ""Good reference material and lab resources were provided."", ""theme"": ""resources"", ""sentiment"": ""pos""}, {""text"": ""Emails were never answered."", ""theme"": ""support"", ""sentiment"": ""neg""}]",Kavya Bansal|K22AB
R001085,MTH202,F06,2026-Spring,"[{""text"": ""Workload was balanced across the semester."", ""theme"": ""workload"", ""sentiment"": ""pos""}]",
R001086,MTH202,F06,2026-Spring,"[{""text"": ""Lectures felt rushed and it was hard to keep up."", ""theme"": ""pace"", ""sentiment"": ""neg""}]",
R001087,MTH202,F06,2026-Spring,"[{""text"": ""Support was available sometimes."", ""theme"": ""support"", ""sentiment"": ""neu""}, {""text"": ""The evaluation pattern was standard."", ""theme"": ""assessment"", ""sentiment"": ""neu""}]",
R001088,MTH202,F06,2026-Spring,"[{""text"": ""Workload was balanced across the semester."", ""theme"": ""workload"", ""sentiment"": ""pos""}, {""text"": ""Quizzes helped us track our progress."", ""theme"": ""assessment"", ""sentiment"": ""pos""}]",
R001089,MTH202,F06,2026-Spring,"[{""text"": ""The faculty was very approachable and answered all our doubts."", ""theme"": ""support"", ""sentiment"": ""pos""}, {""text"": ""Overall it was an average course."", ""theme"": ""overall"", ""sentiment"": ""neu""}]",
R001090,MTH202,F06,2026-Spring,"[{""text"": ""The teaching lacked clarity and examples."", ""theme"": ""clarity"", ""sentiment"": ""neg""}, {""text"": ""The sessions were engaging with lots of discussion."", ""theme"": ""engagement"", ""sentiment"": ""pos""}, {""text"": ""Really enjoyed this subject."", ""theme"": ""overall"", ""sentiment"": ""pos""}]",
R001091,MTH202,F06,2026-Spring,"[{""text"": ""The assignment load was manageable."", ""theme"": ""workload"", ""sentiment"": ""pos""}, {""text"": ""Concepts were explained very clearly."", ""theme"": ""clarity"", ""sentiment"": ""pos""}]",
R001092,MTH202,F06,2026-Spring,"[{""text"": ""The assignment load was manageable."", ""theme"": ""workload"", ""sentiment"": ""pos""}, {""text"": ""Quick replies to our queries and helpful guidance."", ""theme"": ""support"", ""sentiment"": ""pos""}, {""text"": ""Concepts were explained very clearly."", ""theme"": ""clarity"", ""sentiment"": ""pos""}]",
R001093,MTH202,F06,2026-Spring,"[{""text"": ""Classes were boring and monotonous."", ""theme"": ""engagement"", ""sentiment"": ""neg""}, {""text"": ""Overall a great course."", ""theme"": ""overall"", ""sentiment"": ""pos""}]",
R001094,MTH202,F06,2026-Spring,"[{""text"": ""Workload was balanced across the semester."", ""theme"": ""workload"", ""sentiment"": ""pos""}, {""text"": ""Topics were covered in a well paced manner."", ""theme"": ""pace"", ""sentiment"": ""pos""}, {""text"": ""Clarity of explanation was average."", ""theme"": ""clarity"", ""sentiment"": ""neu""}]",Aarav
R001095,MTH202,F06,2026-Spring,"[{""text"": ""Examples made difficult topics easy to understand."", ""theme"": ""clarity"", ""sentiment"": ""pos""}]",
R001096,MTH202,F06,2026-Spring,"[{""text"": ""Very supportive and encouraging towards students."", ""theme"": ""support"", ""sentiment"": ""pos""}, {""text"": ""There was no discussion or activity in class."", ""theme"": ""engagement"", ""sentiment"": ""neg""}]",
R001097,MTH202,F06,2026-Spring,"[{""text"": ""Workload was average."", ""theme"": ""workload"", ""sentiment"": ""neu""}, {""text"": ""Thanks to Prof. Bedi."", ""theme"": ""none"", ""sentiment"": ""neu""}]",
R001098,MTH202,F06,2026-Spring,"[{""text"": ""Examples made difficult topics easy to understand."", ""theme"": ""clarity"", ""sentiment"": ""pos""}]",
R001099,MTH202,F06,2026-Spring,"[{""text"": ""There was no discussion or activity in class."", ""theme"": ""engagement"", ""sentiment"": ""neg""}, {""text"": ""Some topics were clear and some were not."", ""theme"": ""clarity"", ""sentiment"": ""neu""}, {""text"": ""A reasonable number of assignments and projects."", ""theme"": ""workload"", ""sentiment"": ""pos""}, {""text"": ""Thanks to Prof. Bedi."", ""theme"": ""none"", ""sentiment"": ""neu""}]",
R001100,MTH202,F06,2026-Spring,"[{""text"": ""The pace of the course was just right."", ""theme"": ""pace"", ""sentiment"": ""pos""}, {""text"": ""Slides were not shared on time."", ""theme"": ""resources"", ""sentiment"": ""neg""}, {""text"": ""I could not understand most of the derivations."", ""theme"": ""clarity"", ""sentiment"": ""neg""}, {""text"": ""Thanks to Prof. Bedi."", ""theme"": ""none"", ""sentiment"": ""neu""}]",
R001101,MTH202,F06,2026-Spring,"[{""text"": ""Exam questions were out of syllabus."", ""theme"": ""assessment"", ""sentiment"": ""neg""}, {""text"": ""There was no discussion or activity in class."", ""theme"": ""engagement"", ""sentiment"": ""neg""}, {""text"": ""Thanks to Prof. Bedi."", ""theme"": ""none"", ""sentiment"": ""neu""}]",
R001102,MTH202,F06,2026-Spring,"[{""text"": ""Lectures felt rushed and it was hard to keep up."", ""theme"": ""pace"", ""sentiment"": ""neg""}, {""text"": ""I could not understand most of the derivations."", ""theme"": ""clarity"", ""sentiment"": ""neg""}]",aarav.khanna65@gmail.com
R001103,MTH202,F06,2026-Spring,"[{""text"": ""The teaching lacked clarity and examples."", ""theme"": ""clarity"", ""sentiment"": ""neg""}]",
R001104,MTH202,F06,2026-Spring,"[{""text"": ""Lectures felt rushed and it was hard to keep up."", ""theme"": ""pace"", ""sentiment"": ""neg""}, {""text"": ""Exams were fair and matched what was taught."", ""theme"": ""assessment"", ""sentiment"": ""pos""}, {""text"": ""Too many assignments with very tight deadlines."", ""theme"": ""workload"", ""sentiment"": ""neg""}]",
R001105,MTH202,F06,2026-Spring,"[{""text"": ""Good balance between depth and speed."", ""theme"": ""pace"", ""sentiment"": ""pos""}, {""text"": ""Every doubt got cleared through simple examples."", ""theme"": ""clarity"", ""sentiment"": ""pos""}]",
R001106,MTH202,F06,2026-Spring,"[{""text"": ""Notes and slides shared were very useful."", ""theme"": ""resources"", ""sentiment"": ""pos""}, {""text"": ""Workload was balanced across the semester."", ""theme"": ""workload"", ""sentiment"": ""pos""}, {""text"": ""Clarity of explanation was average."", ""theme"": ""clarity"", ""sentiment"": ""neu""}]",
R001107,MTH202,F06,2026-Spring,"[{""text"": ""Evaluation criteria were never clear."", ""theme"": ""assessment"", ""sentiment"": ""neg""}, {""text"": ""Speed of teaching was average."", ""theme"": ""pace"", ""sentiment"": ""neu""}, {""text"": ""Slides were not shared on time."", ""theme"": ""resources"", ""sentiment"": ""neg""}]",9917871678|99178 71678
R001108,MTH202,F06,2026-Spring,"[{""text"": ""The assignment load was manageable."", ""theme"": ""workload"", ""sentiment"": ""pos""}]",
R001109,MTH202,F06,2026-Spring,"[{""text"": ""A normal amount of assignments."", ""theme"": ""workload"", ""sentiment"": ""neu""}, {""text"": ""Classes were interactive and interesting."", ""theme"": ""engagement"", ""sentiment"": ""pos""}]",
R001110,MTH202,F06,2026-Spring,"[{""text"": ""Deadlines were piled up one after another."", ""theme"": ""workload"", ""sentiment"": ""neg""}]",
R001111,MTH301,F06,2026-Spring,"[{""text"": ""Classes were interactive and interesting."", ""theme"": ""engagement"", ""sentiment"": ""pos""}, {""text"": ""Study material was outdated."", ""theme"": ""resources"", ""sentiment"": ""neg""}, {""text"": ""Lectures moved at a comfortable speed and we never felt rushed."", ""theme"": ""pace"", ""sentiment"": ""pos""}]",
R001112,MTH301,F06,2026-Spring,"[{""text"": ""Workload was balanced across the semester."", ""theme"": ""workload"", ""sentiment"": ""pos""}, {""text"": ""Quizzes helped us track our progress."", ""theme"": ""assessment"", ""sentiment"": ""pos""}]",
R001113,MTH301,F06,2026-Spring,"[{""text"": ""The pace of the course was just right."", ""theme"": ""pace"", ""sentiment"": ""pos""}, {""text"": ""It was hard to stay interested during sessions."", ""theme"": ""engagement"", ""sentiment"": ""neg""}, {""text"": ""Examples made difficult topics easy to understand."", ""theme"": ""clarity"", ""sentiment"": ""pos""}, {""text"": ""Overall I am not satisfied with this course."", ""theme"": ""overall"", ""sentiment"": ""neg""}, {""text"": ""Thanks to Prof. Bedi."", ""theme"": ""none"", ""sentiment"": ""neu""}]",
